Event_ID,Zone_ID,Camera_ID,Timestamp,Hour,Detection_Type,Detection_Confidence,Movement_Level
CAM_EVT_00001,SGR_ZONE_103,CAM_103_01,2026-08-21 18:22:10,18,Human,0.9261,0.6476
CAM_EVT_00002,SGR_ZONE_088,CAM_088_01,2026-08-21 01:23:43,1,Vehicle,0.9053,0.2154
CAM_EVT_00003,SGR_ZONE_038,CAM_038_02,2026-08-21 21:43:24,21,Human,0.7532,0.4282
CAM_EVT_00004,SGR_ZONE_049,CAM_049_03,2026-08-21 15:14:46,15,Vehicle,0.7405,0.4191
CAM_EVT_00005,SGR_ZONE_051,CAM_051_03,2026-08-21 06:20:08,6,Animal/False Alarm,0.8354,0.845
CAM_EVT_00006,SGR_ZONE_018,CAM_018_01,2026-08-21 20:01:19,20,Animal/False Alarm,0.9344,0.4285
CAM_EVT_00007,SGR_ZONE_092,CAM_092_03,2026-08-21 02:13:16,2,Vehicle,0.8769,0.8249
CAM_EVT_00008,SGR_ZONE_050,CAM_050_02,2026-08-21 17:25:43,17,Human,0.7603,0.6258
CAM_EVT_00009,SGR_ZONE_014,CAM_014_03,2026-08-21 07:20:15,7,Animal/False Alarm,0.7257,0.347
CAM_EVT_00010,SGR_ZONE_082,CAM_082_03,2026-08-21 12:40:28,12,Animal/False Alarm,0.8035,0.4107
CAM_EVT_00011,SGR_ZONE_015,CAM_015_01,2026-08-21 11:07:23,11,Human,0.9862,0.7792
CAM_EVT_00012,SGR_ZONE_063,CAM_063_03,2026-08-21 04:41:38,4,Human,0.9063,0.7926
CAM_EVT_00013,SGR_ZONE_041,CAM_041_03,2026-08-21 22:22:23,22,Animal/False Alarm,0.8303,0.2716
CAM_EVT_00014,SGR_ZONE_037,CAM_037_03,2026-08-21 02:36:46,2,Vehicle,0.7797,0.6209
CAM_EVT_00015,SGR_ZONE_131,CAM_131_01,2026-08-21 08:14:14,8,Vehicle,0.7684,0.3921
CAM_EVT_00016,SGR_ZONE_090,CAM_090_02,2026-08-21 16:51:31,16,Human,0.7585,0.8718
CAM_EVT_00017,SGR_ZONE_132,CAM_132_02,2026-08-21 03:12:31,3,Human,0.8753,0.6049
CAM_EVT_00018,SGR_ZONE_071,CAM_071_03,2026-08-21 20:05:27,20,Vehicle,0.9553,0.6683
CAM_EVT_00019,SGR_ZONE_028,CAM_028_02,2026-08-21 06:32:00,6,Animal/False Alarm,0.7941,0.2916
CAM_EVT_00020,SGR_ZONE_121,CAM_121_03,2026-08-21 06:05:07,6,Human,0.9372,0.8455
CAM_EVT_00021,SGR_ZONE_137,CAM_137_02,2026-08-21 14:58:53,14,Human,0.7348,0.4532
CAM_EVT_00022,SGR_ZONE_096,CAM_096_01,2026-08-21 11:38:01,11,Human,0.7188,0.3904
CAM_EVT_00023,SGR_ZONE_131,CAM_131_01,2026-08-21 01:01:27,1,Human,0.9893,0.4001
CAM_EVT_00024,SGR_ZONE_054,CAM_054_03,2026-08-21 01:52:43,1,Human,0.9634,0.3797
CAM_EVT_00025,SGR_ZONE_068,CAM_068_03,2026-08-21 23:04:51,23,Vehicle,0.7689,0.7462
CAM_EVT_00026,SGR_ZONE_098,CAM_098_02,2026-08-21 08:59:58,8,Human,0.9368,0.7988
CAM_EVT_00027,SGR_ZONE_070,CAM_070_01,2026-08-21 02:18:19,2,Animal/False Alarm,0.7945,0.3652
CAM_EVT_00028,SGR_ZONE_096,CAM_096_03,2026-08-21 17:39:00,17,Human,0.9004,0.4901
CAM_EVT_00029,SGR_ZONE_011,CAM_011_01,2026-08-21 02:06:59,2,Human,0.9682,0.858
CAM_EVT_00030,SGR_ZONE_144,CAM_144_02,2026-08-21 00:47:11,0,Animal/False Alarm,0.8498,0.3956
CAM_EVT_00031,SGR_ZONE_037,CAM_037_03,2026-08-21 15:02:19,15,Human,0.7809,0.7253
CAM_EVT_00032,SGR_ZONE_054,CAM_054_01,2026-08-21 05:39:19,5,Vehicle,0.7244,0.3212
CAM_EVT_00033,SGR_ZONE_112,CAM_112_02,2026-08-21 13:17:01,13,Animal/False Alarm,0.9824,0.4129
CAM_EVT_00034,SGR_ZONE_054,CAM_054_03,2026-08-21 00:13:20,0,Vehicle,0.765,0.7341
CAM_EVT_00035,SGR_ZONE_048,CAM_048_03,2026-08-21 18:21:54,18,Vehicle,0.7893,0.6069
CAM_EVT_00036,SGR_ZONE_022,CAM_022_02,2026-08-21 07:26:26,7,Vehicle,0.9839,0.5651
CAM_EVT_00037,SGR_ZONE_021,CAM_021_02,2026-08-21 15:18:03,15,Vehicle,0.894,0.8481
CAM_EVT_00038,SGR_ZONE_035,CAM_035_01,2026-08-21 13:52:05,13,Human,0.9884,0.5525
CAM_EVT_00039,SGR_ZONE_099,CAM_099_01,2026-08-21 02:59:32,2,Animal/False Alarm,0.7959,0.6146
CAM_EVT_00040,SGR_ZONE_116,CAM_116_03,2026-08-21 02:17:24,2,Human,0.7554,0.4014
CAM_EVT_00041,SGR_ZONE_054,CAM_054_02,2026-08-21 14:21:22,14,Animal/False Alarm,0.7204,0.3567
CAM_EVT_00042,SGR_ZONE_127,CAM_127_03,2026-08-21 08:42:53,8,Human,0.7935,0.8365
CAM_EVT_00043,SGR_ZONE_039,CAM_039_01,2026-08-21 23:12:59,23,Human,0.8217,0.3922
CAM_EVT_00044,SGR_ZONE_135,CAM_135_01,2026-08-21 13:15:13,13,Vehicle,0.7563,0.2532
CAM_EVT_00045,SGR_ZONE_115,CAM_115_03,2026-08-21 21:50:24,21,Human,0.8679,0.5289
CAM_EVT_00046,SGR_ZONE_063,CAM_063_02,2026-08-21 19:41:05,19,Human,0.8713,0.2229
CAM_EVT_00047,SGR_ZONE_015,CAM_015_02,2026-08-21 11:43:04,11,Vehicle,0.7947,0.8209
CAM_EVT_00048,SGR_ZONE_103,CAM_103_02,2026-08-21 22:39:51,22,Human,0.8541,0.6055
CAM_EVT_00049,SGR_ZONE_144,CAM_144_01,2026-08-21 23:18:27,23,Animal/False Alarm,0.9072,0.2308
CAM_EVT_00050,SGR_ZONE_058,CAM_058_03,2026-08-21 08:11:52,8,Human,0.7535,0.2607
CAM_EVT_00051,SGR_ZONE_129,CAM_129_02,2026-08-21 21:47:24,21,Animal/False Alarm,0.8283,0.3798
CAM_EVT_00052,SGR_ZONE_117,CAM_117_01,2026-08-21 21:28:54,21,Animal/False Alarm,0.914,0.6158
CAM_EVT_00053,SGR_ZONE_076,CAM_076_02,2026-08-21 13:27:04,13,Human,0.9198,0.2108
CAM_EVT_00054,SGR_ZONE_047,CAM_047_01,2026-08-21 15:25:25,15,Human,0.9841,0.3315
CAM_EVT_00055,SGR_ZONE_085,CAM_085_03,2026-08-21 09:53:04,9,Human,0.8348,0.6873
CAM_EVT_00056,SGR_ZONE_100,CAM_100_02,2026-08-21 00:55:04,0,Human,0.7044,0.9001
CAM_EVT_00057,SGR_ZONE_004,CAM_004_03,2026-08-21 19:23:11,19,Animal/False Alarm,0.9515,0.6773
CAM_EVT_00058,SGR_ZONE_124,CAM_124_01,2026-08-21 02:00:32,2,Vehicle,0.8582,0.9061
CAM_EVT_00059,SGR_ZONE_074,CAM_074_03,2026-08-21 01:50:49,1,Human,0.7201,0.2756
CAM_EVT_00060,SGR_ZONE_035,CAM_035_03,2026-08-21 01:50:40,1,Human,0.7925,0.8337
CAM_EVT_00061,SGR_ZONE_135,CAM_135_02,2026-08-21 03:24:20,3,Vehicle,0.8824,0.8581
CAM_EVT_00062,SGR_ZONE_138,CAM_138_01,2026-08-21 15:35:17,15,Vehicle,0.934,0.9429
CAM_EVT_00063,SGR_ZONE_096,CAM_096_03,2026-08-21 12:22:24,12,Animal/False Alarm,0.9489,0.5217
CAM_EVT_00064,SGR_ZONE_099,CAM_099_01,2026-08-21 21:12:58,21,Human,0.855,0.5724
CAM_EVT_00065,SGR_ZONE_019,CAM_019_01,2026-08-21 08:06:27,8,Human,0.978,0.8354
CAM_EVT_00066,SGR_ZONE_128,CAM_128_03,2026-08-21 11:24:51,11,Vehicle,0.7242,0.2688
CAM_EVT_00067,SGR_ZONE_123,CAM_123_01,2026-08-21 12:52:41,12,Vehicle,0.9296,0.7922
CAM_EVT_00068,SGR_ZONE_142,CAM_142_03,2026-08-21 10:17:46,10,Human,0.9137,0.6094
CAM_EVT_00069,SGR_ZONE_076,CAM_076_01,2026-08-21 06:45:12,6,Vehicle,0.8793,0.2758
CAM_EVT_00070,SGR_ZONE_137,CAM_137_02,2026-08-21 05:18:07,5,Animal/False Alarm,0.7425,0.585
CAM_EVT_00071,SGR_ZONE_109,CAM_109_01,2026-08-21 12:03:35,12,Animal/False Alarm,0.7686,0.8808
CAM_EVT_00072,SGR_ZONE_070,CAM_070_03,2026-08-21 09:25:18,9,Vehicle,0.8096,0.7288
CAM_EVT_00073,SGR_ZONE_039,CAM_039_02,2026-08-21 19:27:07,19,Vehicle,0.7033,0.5515
CAM_EVT_00074,SGR_ZONE_061,CAM_061_03,2026-08-21 16:24:55,16,Vehicle,0.9164,0.6375
CAM_EVT_00075,SGR_ZONE_117,CAM_117_02,2026-08-21 14:20:15,14,Animal/False Alarm,0.9836,0.617
CAM_EVT_00076,SGR_ZONE_118,CAM_118_01,2026-08-21 19:56:17,19,Animal/False Alarm,0.7214,0.6154
CAM_EVT_00077,SGR_ZONE_047,CAM_047_01,2026-08-21 21:53:02,21,Human,0.7854,0.9469
CAM_EVT_00078,SGR_ZONE_144,CAM_144_03,2026-08-21 07:37:11,7,Human,0.7815,0.9128
CAM_EVT_00079,SGR_ZONE_117,CAM_117_02,2026-08-21 17:27:27,17,Human,0.8345,0.465
CAM_EVT_00080,SGR_ZONE_101,CAM_101_01,2026-08-21 08:32:52,8,Human,0.8314,0.2242
CAM_EVT_00081,SGR_ZONE_141,CAM_141_02,2026-08-21 04:46:24,4,Human,0.9728,0.5125
CAM_EVT_00082,SGR_ZONE_010,CAM_010_02,2026-08-21 00:53:00,0,Animal/False Alarm,0.7131,0.2198
CAM_EVT_00083,SGR_ZONE_146,CAM_146_03,2026-08-21 21:58:26,21,Human,0.8723,0.4857
CAM_EVT_00084,SGR_ZONE_098,CAM_098_01,2026-08-21 05:27:16,5,Human,0.7793,0.2423
CAM_EVT_00085,SGR_ZONE_095,CAM_095_01,2026-08-21 04:09:09,4,Animal/False Alarm,0.8611,0.7767
CAM_EVT_00086,SGR_ZONE_083,CAM_083_01,2026-08-21 12:12:03,12,Human,0.7595,0.3886
CAM_EVT_00087,SGR_ZONE_113,CAM_113_02,2026-08-21 01:53:53,1,Human,0.7329,0.7037
CAM_EVT_00088,SGR_ZONE_003,CAM_003_03,2026-08-21 16:47:46,16,Human,0.9368,0.926
CAM_EVT_00089,SGR_ZONE_085,CAM_085_02,2026-08-21 01:37:49,1,Vehicle,0.7618,0.3023
CAM_EVT_00090,SGR_ZONE_098,CAM_098_02,2026-08-21 19:56:37,19,Human,0.8269,0.8781
CAM_EVT_00091,SGR_ZONE_079,CAM_079_02,2026-08-21 03:09:55,3,Vehicle,0.9501,0.9121
CAM_EVT_00092,SGR_ZONE_145,CAM_145_02,2026-08-21 05:52:01,5,Vehicle,0.7192,0.2344
CAM_EVT_00093,SGR_ZONE_126,CAM_126_03,2026-08-21 22:54:15,22,Vehicle,0.7991,0.6029
CAM_EVT_00094,SGR_ZONE_095,CAM_095_03,2026-08-21 23:24:02,23,Human,0.8859,0.3364
CAM_EVT_00095,SGR_ZONE_096,CAM_096_03,2026-08-21 18:18:20,18,Vehicle,0.9822,0.6515
CAM_EVT_00096,SGR_ZONE_005,CAM_005_02,2026-08-21 00:04:40,0,Human,0.7513,0.2665
CAM_EVT_00097,SGR_ZONE_012,CAM_012_02,2026-08-21 08:25:56,8,Animal/False Alarm,0.7373,0.4476
CAM_EVT_00098,SGR_ZONE_047,CAM_047_01,2026-08-21 15:16:25,15,Vehicle,0.8484,0.3177
CAM_EVT_00099,SGR_ZONE_036,CAM_036_01,2026-08-21 14:55:21,14,Human,0.8732,0.9397
CAM_EVT_00100,SGR_ZONE_014,CAM_014_02,2026-08-21 13:58:55,13,Vehicle,0.8541,0.7404
CAM_EVT_00101,SGR_ZONE_115,CAM_115_03,2026-08-21 12:17:57,12,Vehicle,0.9449,0.7622
CAM_EVT_00102,SGR_ZONE_038,CAM_038_03,2026-08-21 09:38:56,9,Human,0.7304,0.7531
CAM_EVT_00103,SGR_ZONE_017,CAM_017_03,2026-08-21 12:19:24,12,Human,0.8552,0.3749
CAM_EVT_00104,SGR_ZONE_068,CAM_068_02,2026-08-21 14:21:33,14,Vehicle,0.8445,0.2652
CAM_EVT_00105,SGR_ZONE_111,CAM_111_01,2026-08-21 19:25:33,19,Vehicle,0.8098,0.4531
CAM_EVT_00106,SGR_ZONE_059,CAM_059_01,2026-08-21 20:05:05,20,Human,0.9708,0.2057
CAM_EVT_00107,SGR_ZONE_112,CAM_112_02,2026-08-21 22:08:54,22,Human,0.7827,0.33
CAM_EVT_00108,SGR_ZONE_131,CAM_131_03,2026-08-21 05:01:19,5,Human,0.9021,0.9479
CAM_EVT_00109,SGR_ZONE_075,CAM_075_03,2026-08-21 18:56:01,18,Animal/False Alarm,0.7748,0.3282
CAM_EVT_00110,SGR_ZONE_079,CAM_079_03,2026-08-21 05:25:53,5,Vehicle,0.7812,0.7771
CAM_EVT_00111,SGR_ZONE_068,CAM_068_03,2026-08-21 00:25:13,0,Human,0.9135,0.5974
CAM_EVT_00112,SGR_ZONE_064,CAM_064_02,2026-08-21 10:02:32,10,Vehicle,0.7448,0.5609
CAM_EVT_00113,SGR_ZONE_134,CAM_134_02,2026-08-21 01:12:39,1,Vehicle,0.8591,0.6117
CAM_EVT_00114,SGR_ZONE_130,CAM_130_01,2026-08-21 14:23:37,14,Human,0.7008,0.2875
CAM_EVT_00115,SGR_ZONE_094,CAM_094_03,2026-08-21 13:52:55,13,Animal/False Alarm,0.9409,0.9238
CAM_EVT_00116,SGR_ZONE_137,CAM_137_02,2026-08-21 21:59:28,21,Human,0.7193,0.7558
CAM_EVT_00117,SGR_ZONE_072,CAM_072_03,2026-08-21 20:36:04,20,Vehicle,0.7585,0.3227
CAM_EVT_00118,SGR_ZONE_083,CAM_083_03,2026-08-21 09:24:17,9,Vehicle,0.9633,0.4371
CAM_EVT_00119,SGR_ZONE_040,CAM_040_03,2026-08-21 00:22:14,0,Vehicle,0.9609,0.6681
CAM_EVT_00120,SGR_ZONE_145,CAM_145_01,2026-08-21 07:50:38,7,Human,0.8542,0.25
CAM_EVT_00121,SGR_ZONE_134,CAM_134_03,2026-08-21 14:46:28,14,Vehicle,0.7971,0.3045
CAM_EVT_00122,SGR_ZONE_033,CAM_033_02,2026-08-21 00:36:26,0,Animal/False Alarm,0.9287,0.3138
CAM_EVT_00123,SGR_ZONE_033,CAM_033_02,2026-08-21 09:32:53,9,Human,0.9071,0.5705
CAM_EVT_00124,SGR_ZONE_038,CAM_038_01,2026-08-21 23:14:28,23,Human,0.9455,0.2956
CAM_EVT_00125,SGR_ZONE_136,CAM_136_01,2026-08-21 18:50:35,18,Vehicle,0.8186,0.7789
CAM_EVT_00126,SGR_ZONE_036,CAM_036_02,2026-08-21 09:39:37,9,Human,0.8003,0.3362
CAM_EVT_00127,SGR_ZONE_134,CAM_134_03,2026-08-21 12:39:17,12,Vehicle,0.9747,0.315
CAM_EVT_00128,SGR_ZONE_111,CAM_111_03,2026-08-21 23:36:07,23,Animal/False Alarm,0.8639,0.7225
CAM_EVT_00129,SGR_ZONE_127,CAM_127_02,2026-08-21 18:28:13,18,Vehicle,0.8086,0.2517
CAM_EVT_00130,SGR_ZONE_040,CAM_040_01,2026-08-21 20:25:45,20,Animal/False Alarm,0.8307,0.2849
CAM_EVT_00131,SGR_ZONE_057,CAM_057_01,2026-08-21 20:46:08,20,Animal/False Alarm,0.8505,0.6435
CAM_EVT_00132,SGR_ZONE_053,CAM_053_01,2026-08-21 02:51:24,2,Human,0.9285,0.6528
CAM_EVT_00133,SGR_ZONE_090,CAM_090_03,2026-08-21 16:42:58,16,Animal/False Alarm,0.8351,0.5606
CAM_EVT_00134,SGR_ZONE_108,CAM_108_03,2026-08-21 05:52:23,5,Human,0.7512,0.5738
CAM_EVT_00135,SGR_ZONE_029,CAM_029_03,2026-08-21 16:06:16,16,Human,0.7638,0.3595
CAM_EVT_00136,SGR_ZONE_084,CAM_084_01,2026-08-21 07:48:06,7,Human,0.8202,0.264
CAM_EVT_00137,SGR_ZONE_001,CAM_001_01,2026-08-21 16:44:28,16,Human,0.8238,0.7998
CAM_EVT_00138,SGR_ZONE_030,CAM_030_03,2026-08-21 01:53:27,1,Human,0.9249,0.54
CAM_EVT_00139,SGR_ZONE_113,CAM_113_02,2026-08-21 07:28:54,7,Vehicle,0.922,0.2772
CAM_EVT_00140,SGR_ZONE_103,CAM_103_03,2026-08-21 00:22:54,0,Human,0.7785,0.683
CAM_EVT_00141,SGR_ZONE_032,CAM_032_02,2026-08-21 02:23:22,2,Animal/False Alarm,0.8183,0.6138
CAM_EVT_00142,SGR_ZONE_072,CAM_072_02,2026-08-21 14:07:33,14,Human,0.8651,0.8656
CAM_EVT_00143,SGR_ZONE_035,CAM_035_02,2026-08-21 19:36:53,19,Vehicle,0.934,0.922
CAM_EVT_00144,SGR_ZONE_142,CAM_142_03,2026-08-21 00:22:20,0,Human,0.7252,0.6749
CAM_EVT_00145,SGR_ZONE_147,CAM_147_01,2026-08-21 00:46:04,0,Animal/False Alarm,0.8864,0.728
CAM_EVT_00146,SGR_ZONE_148,CAM_148_03,2026-08-21 11:19:04,11,Human,0.8101,0.6427
CAM_EVT_00147,SGR_ZONE_037,CAM_037_02,2026-08-21 02:51:57,2,Vehicle,0.8052,0.8458
CAM_EVT_00148,SGR_ZONE_086,CAM_086_01,2026-08-21 16:49:50,16,Animal/False Alarm,0.8414,0.8709
CAM_EVT_00149,SGR_ZONE_014,CAM_014_01,2026-08-21 21:21:42,21,Vehicle,0.8837,0.3934
CAM_EVT_00150,SGR_ZONE_004,CAM_004_02,2026-08-21 10:05:17,10,Vehicle,0.7498,0.4042
CAM_EVT_00151,SGR_ZONE_128,CAM_128_01,2026-08-21 04:24:37,4,Animal/False Alarm,0.8444,0.2504
CAM_EVT_00152,SGR_ZONE_122,CAM_122_03,2026-08-21 05:26:39,5,Human,0.7406,0.3978
CAM_EVT_00153,SGR_ZONE_098,CAM_098_01,2026-08-21 20:27:57,20,Vehicle,0.7509,0.8858
CAM_EVT_00154,SGR_ZONE_046,CAM_046_02,2026-08-21 03:50:25,3,Human,0.914,0.2621
CAM_EVT_00155,SGR_ZONE_029,CAM_029_01,2026-08-21 06:39:34,6,Animal/False Alarm,0.8268,0.8866
CAM_EVT_00156,SGR_ZONE_054,CAM_054_02,2026-08-21 23:32:57,23,Human,0.9767,0.3013
CAM_EVT_00157,SGR_ZONE_036,CAM_036_03,2026-08-21 12:42:33,12,Human,0.8726,0.2386
CAM_EVT_00158,SGR_ZONE_073,CAM_073_01,2026-08-21 07:41:24,7,Human,0.8197,0.7287
CAM_EVT_00159,SGR_ZONE_039,CAM_039_03,2026-08-21 05:33:11,5,Animal/False Alarm,0.9318,0.721
CAM_EVT_00160,SGR_ZONE_019,CAM_019_01,2026-08-21 09:56:54,9,Human,0.966,0.3026
CAM_EVT_00161,SGR_ZONE_047,CAM_047_02,2026-08-21 16:22:36,16,Animal/False Alarm,0.9199,0.6792
CAM_EVT_00162,SGR_ZONE_118,CAM_118_02,2026-08-21 08:44:25,8,Animal/False Alarm,0.962,0.685
CAM_EVT_00163,SGR_ZONE_047,CAM_047_02,2026-08-21 21:57:06,21,Vehicle,0.9898,0.6169
CAM_EVT_00164,SGR_ZONE_014,CAM_014_03,2026-08-21 17:58:22,17,Vehicle,0.7862,0.8933
CAM_EVT_00165,SGR_ZONE_082,CAM_082_03,2026-08-21 09:38:16,9,Animal/False Alarm,0.9449,0.4393
CAM_EVT_00166,SGR_ZONE_014,CAM_014_03,2026-08-21 02:36:42,2,Human,0.8626,0.5608
CAM_EVT_00167,SGR_ZONE_108,CAM_108_03,2026-08-21 12:17:32,12,Human,0.8565,0.793
CAM_EVT_00168,SGR_ZONE_016,CAM_016_01,2026-08-21 09:33:29,9,Vehicle,0.7676,0.2183
CAM_EVT_00169,SGR_ZONE_013,CAM_013_01,2026-08-21 13:51:28,13,Human,0.9705,0.2525
CAM_EVT_00170,SGR_ZONE_062,CAM_062_01,2026-08-21 09:29:24,9,Vehicle,0.8684,0.4038
CAM_EVT_00171,SGR_ZONE_103,CAM_103_01,2026-08-21 23:29:49,23,Vehicle,0.701,0.5505
CAM_EVT_00172,SGR_ZONE_068,CAM_068_02,2026-08-21 13:14:08,13,Human,0.7122,0.2134
CAM_EVT_00173,SGR_ZONE_143,CAM_143_01,2026-08-21 04:36:42,4,Human,0.7361,0.9173
CAM_EVT_00174,SGR_ZONE_124,CAM_124_02,2026-08-21 12:33:24,12,Animal/False Alarm,0.9564,0.6506
CAM_EVT_00175,SGR_ZONE_052,CAM_052_03,2026-08-21 18:44:45,18,Human,0.943,0.3729
CAM_EVT_00176,SGR_ZONE_074,CAM_074_03,2026-08-21 02:55:05,2,Human,0.7639,0.3398
CAM_EVT_00177,SGR_ZONE_005,CAM_005_01,2026-08-21 19:57:48,19,Vehicle,0.7627,0.5887
CAM_EVT_00178,SGR_ZONE_061,CAM_061_03,2026-08-21 23:02:31,23,Human,0.9199,0.722
CAM_EVT_00179,SGR_ZONE_013,CAM_013_01,2026-08-21 01:10:40,1,Vehicle,0.872,0.6351
CAM_EVT_00180,SGR_ZONE_067,CAM_067_03,2026-08-21 11:41:08,11,Human,0.9577,0.9167
CAM_EVT_00181,SGR_ZONE_040,CAM_040_01,2026-08-21 14:37:07,14,Vehicle,0.7252,0.5063
CAM_EVT_00182,SGR_ZONE_133,CAM_133_02,2026-08-21 04:12:16,4,Vehicle,0.979,0.2821
CAM_EVT_00183,SGR_ZONE_114,CAM_114_01,2026-08-21 23:39:33,23,Vehicle,0.8718,0.8185
CAM_EVT_00184,SGR_ZONE_040,CAM_040_03,2026-08-21 15:39:27,15,Animal/False Alarm,0.9128,0.5909
CAM_EVT_00185,SGR_ZONE_097,CAM_097_03,2026-08-21 20:41:35,20,Animal/False Alarm,0.9054,0.8278
CAM_EVT_00186,SGR_ZONE_007,CAM_007_01,2026-08-21 22:41:09,22,Animal/False Alarm,0.9528,0.2219
CAM_EVT_00187,SGR_ZONE_107,CAM_107_01,2026-08-21 13:12:28,13,Vehicle,0.7466,0.8135
CAM_EVT_00188,SGR_ZONE_012,CAM_012_03,2026-08-21 08:16:39,8,Human,0.7244,0.4448
CAM_EVT_00189,SGR_ZONE_098,CAM_098_01,2026-08-21 09:40:31,9,Vehicle,0.731,0.7708
CAM_EVT_00190,SGR_ZONE_063,CAM_063_03,2026-08-21 03:49:03,3,Animal/False Alarm,0.7297,0.9029
CAM_EVT_00191,SGR_ZONE_017,CAM_017_02,2026-08-21 23:58:17,23,Vehicle,0.8373,0.2434
CAM_EVT_00192,SGR_ZONE_050,CAM_050_02,2026-08-21 02:51:11,2,Animal/False Alarm,0.981,0.7622
CAM_EVT_00193,SGR_ZONE_007,CAM_007_01,2026-08-21 18:10:57,18,Human,0.7938,0.5665
CAM_EVT_00194,SGR_ZONE_026,CAM_026_02,2026-08-21 12:40:38,12,Human,0.9892,0.5196
CAM_EVT_00195,SGR_ZONE_015,CAM_015_03,2026-08-21 14:13:19,14,Animal/False Alarm,0.7865,0.83
CAM_EVT_00196,SGR_ZONE_022,CAM_022_03,2026-08-21 20:46:15,20,Human,0.9758,0.3133
CAM_EVT_00197,SGR_ZONE_101,CAM_101_03,2026-08-21 00:57:59,0,Animal/False Alarm,0.9204,0.5317
CAM_EVT_00198,SGR_ZONE_015,CAM_015_02,2026-08-21 11:17:14,11,Human,0.709,0.6888
CAM_EVT_00199,SGR_ZONE_027,CAM_027_02,2026-08-21 13:49:51,13,Human,0.7264,0.3152
CAM_EVT_00200,SGR_ZONE_131,CAM_131_01,2026-08-21 02:19:45,2,Human,0.7094,0.8906
CAM_EVT_00201,SGR_ZONE_015,CAM_015_01,2026-08-21 19:35:08,19,Human,0.8735,0.6555
CAM_EVT_00202,SGR_ZONE_063,CAM_063_02,2026-08-21 10:12:16,10,Vehicle,0.778,0.7982
CAM_EVT_00203,SGR_ZONE_072,CAM_072_01,2026-08-21 05:31:10,5,Human,0.8138,0.56
CAM_EVT_00204,SGR_ZONE_045,CAM_045_01,2026-08-21 21:50:23,21,Animal/False Alarm,0.9262,0.2297
CAM_EVT_00205,SGR_ZONE_041,CAM_041_01,2026-08-21 21:21:27,21,Human,0.8656,0.2138
CAM_EVT_00206,SGR_ZONE_148,CAM_148_01,2026-08-21 01:32:32,1,Vehicle,0.7028,0.4448
CAM_EVT_00207,SGR_ZONE_077,CAM_077_02,2026-08-21 13:57:49,13,Human,0.7385,0.6257
CAM_EVT_00208,SGR_ZONE_143,CAM_143_02,2026-08-21 02:58:05,2,Human,0.8944,0.9137
CAM_EVT_00209,SGR_ZONE_009,CAM_009_02,2026-08-21 11:07:07,11,Vehicle,0.8778,0.4241
CAM_EVT_00210,SGR_ZONE_092,CAM_092_02,2026-08-21 10:19:15,10,Vehicle,0.8776,0.5633
CAM_EVT_00211,SGR_ZONE_132,CAM_132_02,2026-08-21 08:59:41,8,Animal/False Alarm,0.8312,0.6827
CAM_EVT_00212,SGR_ZONE_014,CAM_014_03,2026-08-21 12:50:57,12,Vehicle,0.8721,0.6877
CAM_EVT_00213,SGR_ZONE_147,CAM_147_03,2026-08-21 20:54:31,20,Vehicle,0.9158,0.8539
CAM_EVT_00214,SGR_ZONE_051,CAM_051_02,2026-08-21 23:40:58,23,Human,0.8894,0.4492
CAM_EVT_00215,SGR_ZONE_131,CAM_131_02,2026-08-21 14:32:06,14,Human,0.764,0.5138
CAM_EVT_00216,SGR_ZONE_076,CAM_076_01,2026-08-21 19:36:03,19,Animal/False Alarm,0.9109,0.757
CAM_EVT_00217,SGR_ZONE_108,CAM_108_02,2026-08-21 08:35:57,8,Animal/False Alarm,0.7116,0.8503
CAM_EVT_00218,SGR_ZONE_117,CAM_117_02,2026-08-21 05:38:41,5,Vehicle,0.9533,0.8755
CAM_EVT_00219,SGR_ZONE_115,CAM_115_02,2026-08-21 07:20:14,7,Animal/False Alarm,0.7611,0.6672
CAM_EVT_00220,SGR_ZONE_099,CAM_099_02,2026-08-21 11:13:13,11,Vehicle,0.9636,0.3348
CAM_EVT_00221,SGR_ZONE_002,CAM_002_03,2026-08-21 21:59:46,21,Human,0.72,0.5279
CAM_EVT_00222,SGR_ZONE_014,CAM_014_03,2026-08-21 01:34:36,1,Human,0.872,0.3226
CAM_EVT_00223,SGR_ZONE_005,CAM_005_03,2026-08-21 22:46:30,22,Vehicle,0.8736,0.4975
CAM_EVT_00224,SGR_ZONE_139,CAM_139_02,2026-08-21 09:11:29,9,Human,0.7492,0.5898
CAM_EVT_00225,SGR_ZONE_105,CAM_105_01,2026-08-21 21:19:27,21,Human,0.8705,0.9114
CAM_EVT_00226,SGR_ZONE_121,CAM_121_03,2026-08-21 16:55:43,16,Vehicle,0.8925,0.556
CAM_EVT_00227,SGR_ZONE_056,CAM_056_03,2026-08-21 17:13:01,17,Animal/False Alarm,0.7597,0.2839
CAM_EVT_00228,SGR_ZONE_037,CAM_037_02,2026-08-21 20:58:04,20,Human,0.7354,0.5391
CAM_EVT_00229,SGR_ZONE_012,CAM_012_02,2026-08-21 01:24:49,1,Human,0.8392,0.7145
CAM_EVT_00230,SGR_ZONE_029,CAM_029_01,2026-08-21 22:43:37,22,Vehicle,0.7737,0.5913
CAM_EVT_00231,SGR_ZONE_084,CAM_084_03,2026-08-21 09:59:54,9,Human,0.7893,0.7285
CAM_EVT_00232,SGR_ZONE_008,CAM_008_02,2026-08-21 05:04:46,5,Human,0.9119,0.3171
CAM_EVT_00233,SGR_ZONE_086,CAM_086_03,2026-08-21 09:29:49,9,Vehicle,0.9431,0.9085
CAM_EVT_00234,SGR_ZONE_145,CAM_145_02,2026-08-21 07:24:45,7,Animal/False Alarm,0.8655,0.2228
CAM_EVT_00235,SGR_ZONE_033,CAM_033_01,2026-08-21 04:40:25,4,Human,0.8911,0.4954
CAM_EVT_00236,SGR_ZONE_063,CAM_063_01,2026-08-21 20:12:30,20,Animal/False Alarm,0.9881,0.7643
CAM_EVT_00237,SGR_ZONE_068,CAM_068_02,2026-08-21 05:33:17,5,Human,0.7948,0.7007
CAM_EVT_00238,SGR_ZONE_141,CAM_141_01,2026-08-21 21:06:24,21,Human,0.952,0.4818
CAM_EVT_00239,SGR_ZONE_143,CAM_143_01,2026-08-21 00:48:31,0,Human,0.8149,0.7216
CAM_EVT_00240,SGR_ZONE_035,CAM_035_02,2026-08-21 09:01:45,9,Human,0.875,0.7012
CAM_EVT_00241,SGR_ZONE_009,CAM_009_03,2026-08-21 20:28:25,20,Vehicle,0.9759,0.8354
CAM_EVT_00242,SGR_ZONE_012,CAM_012_01,2026-08-21 14:42:47,14,Human,0.8682,0.6002
CAM_EVT_00243,SGR_ZONE_087,CAM_087_02,2026-08-21 20:22:42,20,Vehicle,0.9075,0.5909
CAM_EVT_00244,SGR_ZONE_080,CAM_080_03,2026-08-21 18:14:03,18,Human,0.9769,0.691
CAM_EVT_00245,SGR_ZONE_021,CAM_021_01,2026-08-21 15:52:51,15,Human,0.7294,0.5644
CAM_EVT_00246,SGR_ZONE_027,CAM_027_01,2026-08-21 03:29:17,3,Animal/False Alarm,0.8564,0.4335
CAM_EVT_00247,SGR_ZONE_002,CAM_002_01,2026-08-21 06:30:43,6,Animal/False Alarm,0.9387,0.5919
CAM_EVT_00248,SGR_ZONE_074,CAM_074_03,2026-08-21 09:41:55,9,Vehicle,0.9056,0.2802
CAM_EVT_00249,SGR_ZONE_036,CAM_036_02,2026-08-21 09:46:58,9,Animal/False Alarm,0.8596,0.2326
CAM_EVT_00250,SGR_ZONE_141,CAM_141_03,2026-08-21 08:14:09,8,Vehicle,0.8494,0.6452
CAM_EVT_00251,SGR_ZONE_122,CAM_122_01,2026-08-21 04:03:49,4,Animal/False Alarm,0.961,0.4651
CAM_EVT_00252,SGR_ZONE_019,CAM_019_03,2026-08-21 00:54:49,0,Vehicle,0.7277,0.6679
CAM_EVT_00253,SGR_ZONE_069,CAM_069_03,2026-08-21 20:16:21,20,Human,0.9521,0.5547
CAM_EVT_00254,SGR_ZONE_037,CAM_037_03,2026-08-21 08:13:12,8,Human,0.7598,0.6785
CAM_EVT_00255,SGR_ZONE_002,CAM_002_03,2026-08-21 06:40:48,6,Vehicle,0.896,0.532
CAM_EVT_00256,SGR_ZONE_024,CAM_024_02,2026-08-21 06:44:45,6,Human,0.9101,0.6338
CAM_EVT_00257,SGR_ZONE_036,CAM_036_01,2026-08-21 05:40:38,5,Animal/False Alarm,0.7556,0.4425
CAM_EVT_00258,SGR_ZONE_013,CAM_013_01,2026-08-21 20:07:37,20,Animal/False Alarm,0.8942,0.2524
CAM_EVT_00259,SGR_ZONE_050,CAM_050_03,2026-08-21 05:01:22,5,Vehicle,0.7941,0.4498
CAM_EVT_00260,SGR_ZONE_002,CAM_002_02,2026-08-21 07:21:43,7,Vehicle,0.9119,0.5489
CAM_EVT_00261,SGR_ZONE_036,CAM_036_01,2026-08-21 15:41:29,15,Human,0.9001,0.3507
CAM_EVT_00262,SGR_ZONE_121,CAM_121_03,2026-08-21 19:02:15,19,Vehicle,0.8008,0.6987
CAM_EVT_00263,SGR_ZONE_030,CAM_030_01,2026-08-21 19:39:55,19,Human,0.9825,0.215
CAM_EVT_00264,SGR_ZONE_108,CAM_108_01,2026-08-21 17:07:38,17,Animal/False Alarm,0.8511,0.6677
CAM_EVT_00265,SGR_ZONE_032,CAM_032_01,2026-08-21 13:35:32,13,Vehicle,0.847,0.3195
CAM_EVT_00266,SGR_ZONE_114,CAM_114_01,2026-08-21 08:00:10,8,Human,0.7254,0.9027
CAM_EVT_00267,SGR_ZONE_067,CAM_067_02,2026-08-21 02:21:42,2,Human,0.8742,0.5868
CAM_EVT_00268,SGR_ZONE_143,CAM_143_02,2026-08-21 16:41:37,16,Vehicle,0.8134,0.5759
CAM_EVT_00269,SGR_ZONE_082,CAM_082_01,2026-08-21 05:02:15,5,Human,0.9546,0.851
CAM_EVT_00270,SGR_ZONE_007,CAM_007_02,2026-08-21 01:34:17,1,Human,0.8169,0.3301
CAM_EVT_00271,SGR_ZONE_020,CAM_020_02,2026-08-21 21:32:35,21,Vehicle,0.9385,0.2994
CAM_EVT_00272,SGR_ZONE_095,CAM_095_02,2026-08-21 19:02:34,19,Human,0.9605,0.822
CAM_EVT_00273,SGR_ZONE_134,CAM_134_01,2026-08-21 03:24:14,3,Vehicle,0.7353,0.5587
CAM_EVT_00274,SGR_ZONE_068,CAM_068_01,2026-08-21 12:30:13,12,Vehicle,0.9801,0.5244
CAM_EVT_00275,SGR_ZONE_020,CAM_020_02,2026-08-21 10:01:59,10,Human,0.9469,0.2002
CAM_EVT_00276,SGR_ZONE_031,CAM_031_03,2026-08-21 10:49:30,10,Vehicle,0.7556,0.3588
CAM_EVT_00277,SGR_ZONE_056,CAM_056_03,2026-08-21 08:27:45,8,Animal/False Alarm,0.7694,0.3067
CAM_EVT_00278,SGR_ZONE_115,CAM_115_03,2026-08-21 06:39:16,6,Vehicle,0.7181,0.5821
CAM_EVT_00279,SGR_ZONE_101,CAM_101_03,2026-08-21 05:38:49,5,Human,0.7504,0.6918
CAM_EVT_00280,SGR_ZONE_063,CAM_063_01,2026-08-21 06:26:27,6,Animal/False Alarm,0.8304,0.346
CAM_EVT_00281,SGR_ZONE_014,CAM_014_03,2026-08-21 01:26:20,1,Vehicle,0.9231,0.2083
CAM_EVT_00282,SGR_ZONE_079,CAM_079_01,2026-08-21 00:12:20,0,Vehicle,0.7398,0.6015
CAM_EVT_00283,SGR_ZONE_082,CAM_082_01,2026-08-21 10:20:51,10,Animal/False Alarm,0.8415,0.2823
CAM_EVT_00284,SGR_ZONE_117,CAM_117_02,2026-08-21 17:39:34,17,Human,0.9508,0.3826
CAM_EVT_00285,SGR_ZONE_042,CAM_042_01,2026-08-21 23:08:40,23,Animal/False Alarm,0.7386,0.2766
CAM_EVT_00286,SGR_ZONE_129,CAM_129_02,2026-08-21 07:20:27,7,Human,0.7739,0.8307
CAM_EVT_00287,SGR_ZONE_034,CAM_034_03,2026-08-21 22:23:44,22,Vehicle,0.7658,0.867
CAM_EVT_00288,SGR_ZONE_069,CAM_069_01,2026-08-21 22:42:00,22,Human,0.7139,0.2285
CAM_EVT_00289,SGR_ZONE_109,CAM_109_03,2026-08-21 20:39:57,20,Human,0.7035,0.9174
CAM_EVT_00290,SGR_ZONE_110,CAM_110_03,2026-08-21 18:42:57,18,Animal/False Alarm,0.9733,0.7879
CAM_EVT_00291,SGR_ZONE_005,CAM_005_01,2026-08-21 05:46:31,5,Vehicle,0.9217,0.3988
CAM_EVT_00292,SGR_ZONE_112,CAM_112_01,2026-08-21 01:14:49,1,Human,0.9231,0.6685
CAM_EVT_00293,SGR_ZONE_049,CAM_049_02,2026-08-21 22:49:09,22,Human,0.7201,0.9199
CAM_EVT_00294,SGR_ZONE_149,CAM_149_03,2026-08-21 15:31:31,15,Animal/False Alarm,0.8745,0.6368
CAM_EVT_00295,SGR_ZONE_124,CAM_124_02,2026-08-21 22:08:24,22,Human,0.7981,0.8961
CAM_EVT_00296,SGR_ZONE_059,CAM_059_02,2026-08-21 19:20:43,19,Human,0.8778,0.9073
CAM_EVT_00297,SGR_ZONE_032,CAM_032_03,2026-08-21 22:38:48,22,Animal/False Alarm,0.8873,0.4144
CAM_EVT_00298,SGR_ZONE_012,CAM_012_01,2026-08-21 07:45:39,7,Vehicle,0.8845,0.3658
CAM_EVT_00299,SGR_ZONE_135,CAM_135_03,2026-08-21 10:24:21,10,Vehicle,0.7515,0.6088
CAM_EVT_00300,SGR_ZONE_092,CAM_092_01,2026-08-21 19:26:49,19,Vehicle,0.7313,0.714
CAM_EVT_00301,SGR_ZONE_095,CAM_095_03,2026-08-21 10:36:32,10,Vehicle,0.9438,0.7496
CAM_EVT_00302,SGR_ZONE_003,CAM_003_03,2026-08-21 11:46:24,11,Human,0.744,0.2703
CAM_EVT_00303,SGR_ZONE_128,CAM_128_01,2026-08-21 00:43:04,0,Human,0.8339,0.207
CAM_EVT_00304,SGR_ZONE_003,CAM_003_01,2026-08-21 01:42:24,1,Human,0.7562,0.8599
CAM_EVT_00305,SGR_ZONE_010,CAM_010_01,2026-08-21 08:47:12,8,Vehicle,0.8786,0.341
CAM_EVT_00306,SGR_ZONE_137,CAM_137_02,2026-08-21 13:13:56,13,Animal/False Alarm,0.9436,0.8245
CAM_EVT_00307,SGR_ZONE_121,CAM_121_03,2026-08-21 18:36:57,18,Vehicle,0.9442,0.5527
CAM_EVT_00308,SGR_ZONE_132,CAM_132_03,2026-08-21 02:25:36,2,Human,0.9094,0.8646
CAM_EVT_00309,SGR_ZONE_054,CAM_054_03,2026-08-21 12:19:16,12,Human,0.8797,0.4666
CAM_EVT_00310,SGR_ZONE_119,CAM_119_03,2026-08-21 15:57:54,15,Vehicle,0.8863,0.2486
CAM_EVT_00311,SGR_ZONE_132,CAM_132_02,2026-08-21 18:48:45,18,Vehicle,0.8738,0.6516
CAM_EVT_00312,SGR_ZONE_150,CAM_150_01,2026-08-21 03:18:47,3,Vehicle,0.9848,0.3574
CAM_EVT_00313,SGR_ZONE_094,CAM_094_03,2026-08-21 16:58:27,16,Vehicle,0.7684,0.4786
CAM_EVT_00314,SGR_ZONE_047,CAM_047_03,2026-08-21 05:03:19,5,Vehicle,0.7868,0.3301
CAM_EVT_00315,SGR_ZONE_047,CAM_047_03,2026-08-21 06:08:25,6,Vehicle,0.9874,0.7604
CAM_EVT_00316,SGR_ZONE_144,CAM_144_01,2026-08-21 12:42:48,12,Human,0.805,0.4509
CAM_EVT_00317,SGR_ZONE_094,CAM_094_02,2026-08-21 18:52:18,18,Vehicle,0.9023,0.8972
CAM_EVT_00318,SGR_ZONE_035,CAM_035_02,2026-08-21 19:48:20,19,Human,0.8093,0.5463
CAM_EVT_00319,SGR_ZONE_074,CAM_074_01,2026-08-21 06:49:34,6,Vehicle,0.883,0.2374
CAM_EVT_00320,SGR_ZONE_129,CAM_129_01,2026-08-21 11:59:56,11,Human,0.7166,0.3689
CAM_EVT_00321,SGR_ZONE_031,CAM_031_01,2026-08-21 21:27:06,21,Animal/False Alarm,0.72,0.2428
CAM_EVT_00322,SGR_ZONE_014,CAM_014_02,2026-08-21 12:05:43,12,Human,0.9202,0.5373
CAM_EVT_00323,SGR_ZONE_073,CAM_073_01,2026-08-21 10:56:20,10,Animal/False Alarm,0.7135,0.6648
CAM_EVT_00324,SGR_ZONE_007,CAM_007_02,2026-08-21 19:23:14,19,Animal/False Alarm,0.7063,0.6978
CAM_EVT_00325,SGR_ZONE_149,CAM_149_02,2026-08-21 04:57:20,4,Animal/False Alarm,0.9284,0.6683
CAM_EVT_00326,SGR_ZONE_082,CAM_082_01,2026-08-21 18:50:24,18,Vehicle,0.7574,0.624
CAM_EVT_00327,SGR_ZONE_085,CAM_085_01,2026-08-21 09:56:06,9,Human,0.7064,0.74
CAM_EVT_00328,SGR_ZONE_086,CAM_086_03,2026-08-21 10:40:38,10,Vehicle,0.9843,0.3706
CAM_EVT_00329,SGR_ZONE_086,CAM_086_01,2026-08-21 00:09:20,0,Vehicle,0.7237,0.5437
CAM_EVT_00330,SGR_ZONE_005,CAM_005_02,2026-08-21 15:47:50,15,Vehicle,0.7627,0.2732
CAM_EVT_00331,SGR_ZONE_125,CAM_125_03,2026-08-21 09:34:50,9,Vehicle,0.7181,0.5844
CAM_EVT_00332,SGR_ZONE_063,CAM_063_01,2026-08-21 03:45:51,3,Human,0.775,0.3235
CAM_EVT_00333,SGR_ZONE_143,CAM_143_01,2026-08-21 08:39:57,8,Vehicle,0.7469,0.3916
CAM_EVT_00334,SGR_ZONE_028,CAM_028_02,2026-08-21 02:07:43,2,Vehicle,0.8602,0.2706
CAM_EVT_00335,SGR_ZONE_097,CAM_097_02,2026-08-21 17:42:18,17,Vehicle,0.7306,0.6926
CAM_EVT_00336,SGR_ZONE_051,CAM_051_03,2026-08-21 08:35:36,8,Human,0.8518,0.4154
CAM_EVT_00337,SGR_ZONE_085,CAM_085_03,2026-08-21 17:41:59,17,Vehicle,0.7568,0.8727
CAM_EVT_00338,SGR_ZONE_012,CAM_012_02,2026-08-21 17:42:39,17,Human,0.9486,0.8796
CAM_EVT_00339,SGR_ZONE_129,CAM_129_03,2026-08-21 10:36:03,10,Human,0.9593,0.6907
CAM_EVT_00340,SGR_ZONE_110,CAM_110_02,2026-08-21 22:15:00,22,Animal/False Alarm,0.7341,0.7548
CAM_EVT_00341,SGR_ZONE_063,CAM_063_01,2026-08-21 03:27:37,3,Animal/False Alarm,0.8937,0.676
CAM_EVT_00342,SGR_ZONE_059,CAM_059_03,2026-08-21 03:24:19,3,Human,0.8992,0.2698
CAM_EVT_00343,SGR_ZONE_126,CAM_126_02,2026-08-21 19:37:49,19,Vehicle,0.7543,0.8436
CAM_EVT_00344,SGR_ZONE_134,CAM_134_03,2026-08-21 11:43:08,11,Vehicle,0.9865,0.876
CAM_EVT_00345,SGR_ZONE_131,CAM_131_02,2026-08-21 00:20:34,0,Human,0.9065,0.8195
CAM_EVT_00346,SGR_ZONE_034,CAM_034_01,2026-08-21 22:47:21,22,Vehicle,0.7555,0.6603
CAM_EVT_00347,SGR_ZONE_017,CAM_017_01,2026-08-21 00:19:15,0,Animal/False Alarm,0.9447,0.3905
CAM_EVT_00348,SGR_ZONE_066,CAM_066_03,2026-08-21 08:19:59,8,Vehicle,0.7202,0.3312
CAM_EVT_00349,SGR_ZONE_001,CAM_001_03,2026-08-21 14:37:14,14,Human,0.8864,0.7206
CAM_EVT_00350,SGR_ZONE_021,CAM_021_03,2026-08-21 03:11:16,3,Vehicle,0.8184,0.7694
CAM_EVT_00351,SGR_ZONE_039,CAM_039_01,2026-08-21 00:05:58,0,Vehicle,0.8928,0.3952
CAM_EVT_00352,SGR_ZONE_091,CAM_091_02,2026-08-21 07:34:18,7,Human,0.8335,0.8484
CAM_EVT_00353,SGR_ZONE_030,CAM_030_03,2026-08-21 23:13:25,23,Human,0.8225,0.2315
CAM_EVT_00354,SGR_ZONE_102,CAM_102_03,2026-08-21 02:41:18,2,Human,0.9052,0.9296
CAM_EVT_00355,SGR_ZONE_028,CAM_028_01,2026-08-21 22:56:59,22,Animal/False Alarm,0.9107,0.4286
CAM_EVT_00356,SGR_ZONE_019,CAM_019_03,2026-08-21 03:39:16,3,Human,0.7633,0.2902
CAM_EVT_00357,SGR_ZONE_030,CAM_030_01,2026-08-21 10:52:34,10,Human,0.8359,0.4259
CAM_EVT_00358,SGR_ZONE_078,CAM_078_02,2026-08-21 01:40:45,1,Vehicle,0.7187,0.8579
CAM_EVT_00359,SGR_ZONE_086,CAM_086_01,2026-08-21 16:47:29,16,Animal/False Alarm,0.8816,0.5985
CAM_EVT_00360,SGR_ZONE_012,CAM_012_03,2026-08-21 20:04:47,20,Human,0.9289,0.63
CAM_EVT_00361,SGR_ZONE_020,CAM_020_01,2026-08-21 08:03:34,8,Vehicle,0.7333,0.2704
CAM_EVT_00362,SGR_ZONE_065,CAM_065_01,2026-08-21 13:46:14,13,Vehicle,0.7238,0.883
CAM_EVT_00363,SGR_ZONE_105,CAM_105_03,2026-08-21 18:37:19,18,Animal/False Alarm,0.8286,0.6553
CAM_EVT_00364,SGR_ZONE_132,CAM_132_03,2026-08-21 12:02:21,12,Vehicle,0.7302,0.4884
CAM_EVT_00365,SGR_ZONE_091,CAM_091_03,2026-08-21 21:24:17,21,Animal/False Alarm,0.778,0.5052
CAM_EVT_00366,SGR_ZONE_145,CAM_145_01,2026-08-21 09:00:56,9,Vehicle,0.7132,0.305
CAM_EVT_00367,SGR_ZONE_093,CAM_093_01,2026-08-21 12:19:55,12,Vehicle,0.7569,0.6581
CAM_EVT_00368,SGR_ZONE_141,CAM_141_01,2026-08-21 10:19:59,10,Human,0.7022,0.3643
CAM_EVT_00369,SGR_ZONE_097,CAM_097_02,2026-08-21 09:42:53,9,Vehicle,0.8272,0.3639
CAM_EVT_00370,SGR_ZONE_126,CAM_126_01,2026-08-21 23:20:50,23,Human,0.7253,0.6628
CAM_EVT_00371,SGR_ZONE_059,CAM_059_03,2026-08-21 13:18:10,13,Vehicle,0.7086,0.7066
CAM_EVT_00372,SGR_ZONE_077,CAM_077_03,2026-08-21 11:07:07,11,Human,0.8144,0.5164
CAM_EVT_00373,SGR_ZONE_109,CAM_109_01,2026-08-21 04:07:24,4,Human,0.9389,0.9163
CAM_EVT_00374,SGR_ZONE_091,CAM_091_02,2026-08-21 14:19:17,14,Human,0.7747,0.2446
CAM_EVT_00375,SGR_ZONE_146,CAM_146_02,2026-08-21 04:18:46,4,Vehicle,0.9321,0.697
CAM_EVT_00376,SGR_ZONE_084,CAM_084_01,2026-08-21 06:01:28,6,Human,0.7233,0.4661
CAM_EVT_00377,SGR_ZONE_105,CAM_105_02,2026-08-21 17:50:53,17,Human,0.8722,0.2076
CAM_EVT_00378,SGR_ZONE_121,CAM_121_03,2026-08-21 01:28:37,1,Animal/False Alarm,0.91,0.2904
CAM_EVT_00379,SGR_ZONE_131,CAM_131_02,2026-08-21 02:42:00,2,Human,0.7034,0.5165
CAM_EVT_00380,SGR_ZONE_055,CAM_055_01,2026-08-21 22:23:56,22,Human,0.9639,0.806
CAM_EVT_00381,SGR_ZONE_038,CAM_038_01,2026-08-21 22:08:52,22,Vehicle,0.8247,0.7047
CAM_EVT_00382,SGR_ZONE_122,CAM_122_02,2026-08-21 11:14:40,11,Human,0.9315,0.8168
CAM_EVT_00383,SGR_ZONE_063,CAM_063_03,2026-08-21 21:35:59,21,Human,0.8688,0.4784
CAM_EVT_00384,SGR_ZONE_034,CAM_034_01,2026-08-21 14:19:18,14,Vehicle,0.713,0.7714
CAM_EVT_00385,SGR_ZONE_146,CAM_146_03,2026-08-21 16:48:37,16,Human,0.7208,0.5072
CAM_EVT_00386,SGR_ZONE_064,CAM_064_01,2026-08-21 05:00:30,5,Vehicle,0.9441,0.6352
CAM_EVT_00387,SGR_ZONE_132,CAM_132_01,2026-08-21 02:10:44,2,Human,0.8408,0.2207
CAM_EVT_00388,SGR_ZONE_004,CAM_004_02,2026-08-21 09:50:49,9,Human,0.709,0.491
CAM_EVT_00389,SGR_ZONE_006,CAM_006_03,2026-08-21 04:41:59,4,Human,0.8415,0.2975
CAM_EVT_00390,SGR_ZONE_101,CAM_101_03,2026-08-21 16:28:12,16,Animal/False Alarm,0.8749,0.82
CAM_EVT_00391,SGR_ZONE_059,CAM_059_03,2026-08-21 21:03:04,21,Human,0.709,0.9281
CAM_EVT_00392,SGR_ZONE_049,CAM_049_01,2026-08-21 18:02:41,18,Vehicle,0.921,0.8252
CAM_EVT_00393,SGR_ZONE_098,CAM_098_01,2026-08-21 11:20:43,11,Human,0.7167,0.4568
CAM_EVT_00394,SGR_ZONE_139,CAM_139_03,2026-08-21 02:12:46,2,Vehicle,0.7479,0.6372
CAM_EVT_00395,SGR_ZONE_098,CAM_098_03,2026-08-21 17:39:21,17,Human,0.9269,0.7509
CAM_EVT_00396,SGR_ZONE_019,CAM_019_01,2026-08-21 04:35:53,4,Vehicle,0.7429,0.8394
CAM_EVT_00397,SGR_ZONE_147,CAM_147_03,2026-08-21 12:46:11,12,Animal/False Alarm,0.9637,0.7416
CAM_EVT_00398,SGR_ZONE_149,CAM_149_02,2026-08-21 19:40:45,19,Vehicle,0.7362,0.7957
CAM_EVT_00399,SGR_ZONE_012,CAM_012_02,2026-08-21 11:51:31,11,Human,0.8342,0.9357
CAM_EVT_00400,SGR_ZONE_070,CAM_070_03,2026-08-21 23:22:14,23,Human,0.8425,0.5918
CAM_EVT_00401,SGR_ZONE_082,CAM_082_03,2026-08-21 02:47:08,2,Vehicle,0.8715,0.8049
CAM_EVT_00402,SGR_ZONE_072,CAM_072_01,2026-08-21 18:37:02,18,Human,0.9456,0.8698
CAM_EVT_00403,SGR_ZONE_069,CAM_069_01,2026-08-21 17:31:21,17,Animal/False Alarm,0.764,0.7505
CAM_EVT_00404,SGR_ZONE_093,CAM_093_02,2026-08-21 20:15:11,20,Vehicle,0.9008,0.3008
CAM_EVT_00405,SGR_ZONE_035,CAM_035_02,2026-08-21 07:25:48,7,Animal/False Alarm,0.7026,0.9484
CAM_EVT_00406,SGR_ZONE_071,CAM_071_02,2026-08-21 00:14:36,0,Human,0.914,0.8256
CAM_EVT_00407,SGR_ZONE_141,CAM_141_01,2026-08-21 02:01:39,2,Animal/False Alarm,0.9347,0.8633
CAM_EVT_00408,SGR_ZONE_023,CAM_023_01,2026-08-21 05:10:34,5,Vehicle,0.7813,0.7156
CAM_EVT_00409,SGR_ZONE_072,CAM_072_03,2026-08-21 12:18:58,12,Vehicle,0.8673,0.7233
CAM_EVT_00410,SGR_ZONE_102,CAM_102_02,2026-08-21 15:37:59,15,Human,0.8452,0.7959
CAM_EVT_00411,SGR_ZONE_066,CAM_066_02,2026-08-21 01:38:02,1,Vehicle,0.8934,0.3583
CAM_EVT_00412,SGR_ZONE_136,CAM_136_03,2026-08-21 06:52:38,6,Animal/False Alarm,0.8175,0.8796
CAM_EVT_00413,SGR_ZONE_065,CAM_065_01,2026-08-21 20:18:56,20,Vehicle,0.9839,0.6526
CAM_EVT_00414,SGR_ZONE_025,CAM_025_02,2026-08-21 09:09:35,9,Human,0.9087,0.8502
CAM_EVT_00415,SGR_ZONE_054,CAM_054_02,2026-08-21 23:14:21,23,Human,0.907,0.8169
CAM_EVT_00416,SGR_ZONE_030,CAM_030_03,2026-08-21 11:54:30,11,Human,0.9659,0.7405
CAM_EVT_00417,SGR_ZONE_034,CAM_034_02,2026-08-21 16:14:56,16,Animal/False Alarm,0.9093,0.4037
CAM_EVT_00418,SGR_ZONE_093,CAM_093_02,2026-08-21 23:49:07,23,Vehicle,0.8721,0.8718
CAM_EVT_00419,SGR_ZONE_134,CAM_134_01,2026-08-21 00:42:18,0,Animal/False Alarm,0.724,0.8982
CAM_EVT_00420,SGR_ZONE_137,CAM_137_03,2026-08-21 18:12:18,18,Animal/False Alarm,0.8658,0.8804
CAM_EVT_00421,SGR_ZONE_112,CAM_112_03,2026-08-21 00:59:26,0,Human,0.8992,0.5704
CAM_EVT_00422,SGR_ZONE_120,CAM_120_03,2026-08-21 12:36:32,12,Human,0.7484,0.7348
CAM_EVT_00423,SGR_ZONE_024,CAM_024_03,2026-08-21 20:19:18,20,Animal/False Alarm,0.9037,0.4235
CAM_EVT_00424,SGR_ZONE_140,CAM_140_01,2026-08-21 08:34:46,8,Human,0.8044,0.9176
CAM_EVT_00425,SGR_ZONE_146,CAM_146_02,2026-08-21 12:17:36,12,Vehicle,0.7008,0.8442
CAM_EVT_00426,SGR_ZONE_141,CAM_141_03,2026-08-21 21:55:21,21,Vehicle,0.8076,0.8523
CAM_EVT_00427,SGR_ZONE_100,CAM_100_01,2026-08-21 07:06:35,7,Vehicle,0.7104,0.4961
CAM_EVT_00428,SGR_ZONE_018,CAM_018_03,2026-08-21 07:53:53,7,Human,0.887,0.4963
CAM_EVT_00429,SGR_ZONE_065,CAM_065_01,2026-08-21 21:53:09,21,Human,0.8067,0.2436
CAM_EVT_00430,SGR_ZONE_053,CAM_053_03,2026-08-21 23:01:21,23,Animal/False Alarm,0.7043,0.4843
CAM_EVT_00431,SGR_ZONE_081,CAM_081_02,2026-08-21 16:11:53,16,Human,0.8429,0.5032
CAM_EVT_00432,SGR_ZONE_116,CAM_116_01,2026-08-21 05:00:19,5,Vehicle,0.9794,0.5893
CAM_EVT_00433,SGR_ZONE_119,CAM_119_03,2026-08-21 21:52:41,21,Human,0.7381,0.8428
CAM_EVT_00434,SGR_ZONE_134,CAM_134_03,2026-08-21 06:51:56,6,Human,0.7851,0.7799
CAM_EVT_00435,SGR_ZONE_126,CAM_126_03,2026-08-21 18:08:31,18,Vehicle,0.859,0.8594
CAM_EVT_00436,SGR_ZONE_075,CAM_075_01,2026-08-21 03:39:02,3,Vehicle,0.7844,0.3553
CAM_EVT_00437,SGR_ZONE_098,CAM_098_02,2026-08-21 03:25:39,3,Vehicle,0.9168,0.5554
CAM_EVT_00438,SGR_ZONE_137,CAM_137_03,2026-08-21 14:31:27,14,Vehicle,0.9875,0.6084
CAM_EVT_00439,SGR_ZONE_022,CAM_022_01,2026-08-21 09:58:44,9,Human,0.9104,0.6648
CAM_EVT_00440,SGR_ZONE_083,CAM_083_03,2026-08-21 10:42:00,10,Animal/False Alarm,0.8529,0.8798
CAM_EVT_00441,SGR_ZONE_049,CAM_049_03,2026-08-21 14:30:40,14,Animal/False Alarm,0.7842,0.5525
CAM_EVT_00442,SGR_ZONE_026,CAM_026_01,2026-08-21 23:53:32,23,Animal/False Alarm,0.8442,0.3727
CAM_EVT_00443,SGR_ZONE_015,CAM_015_01,2026-08-21 21:17:13,21,Animal/False Alarm,0.9791,0.6657
CAM_EVT_00444,SGR_ZONE_046,CAM_046_01,2026-08-21 07:43:44,7,Vehicle,0.8627,0.848
CAM_EVT_00445,SGR_ZONE_108,CAM_108_01,2026-08-21 11:05:40,11,Human,0.9885,0.5954
CAM_EVT_00446,SGR_ZONE_016,CAM_016_03,2026-08-21 11:10:36,11,Vehicle,0.8179,0.9148
CAM_EVT_00447,SGR_ZONE_089,CAM_089_02,2026-08-21 05:03:43,5,Vehicle,0.7212,0.6668
CAM_EVT_00448,SGR_ZONE_115,CAM_115_01,2026-08-21 20:15:01,20,Animal/False Alarm,0.9737,0.9201
CAM_EVT_00449,SGR_ZONE_008,CAM_008_01,2026-08-21 00:42:38,0,Animal/False Alarm,0.9242,0.4325
CAM_EVT_00450,SGR_ZONE_081,CAM_081_03,2026-08-21 11:08:36,11,Animal/False Alarm,0.9214,0.8414
CAM_EVT_00451,SGR_ZONE_074,CAM_074_01,2026-08-21 20:23:41,20,Human,0.8601,0.8036
CAM_EVT_00452,SGR_ZONE_104,CAM_104_02,2026-08-21 02:43:12,2,Vehicle,0.9344,0.3904
CAM_EVT_00453,SGR_ZONE_010,CAM_010_01,2026-08-21 00:31:24,0,Human,0.9871,0.9161
CAM_EVT_00454,SGR_ZONE_093,CAM_093_03,2026-08-21 02:34:48,2,Human,0.8138,0.7657
CAM_EVT_00455,SGR_ZONE_103,CAM_103_03,2026-08-21 19:52:26,19,Human,0.8804,0.9443
CAM_EVT_00456,SGR_ZONE_082,CAM_082_01,2026-08-21 19:22:09,19,Human,0.7556,0.8887
CAM_EVT_00457,SGR_ZONE_059,CAM_059_03,2026-08-21 21:33:55,21,Vehicle,0.7663,0.9172
CAM_EVT_00458,SGR_ZONE_068,CAM_068_01,2026-08-21 11:25:50,11,Vehicle,0.8634,0.5206
CAM_EVT_00459,SGR_ZONE_147,CAM_147_01,2026-08-21 07:04:20,7,Human,0.9593,0.9098
CAM_EVT_00460,SGR_ZONE_132,CAM_132_03,2026-08-21 07:40:47,7,Vehicle,0.8443,0.3535
CAM_EVT_00461,SGR_ZONE_147,CAM_147_03,2026-08-21 14:34:36,14,Human,0.8845,0.4733
CAM_EVT_00462,SGR_ZONE_129,CAM_129_03,2026-08-21 03:33:28,3,Human,0.9398,0.2357
CAM_EVT_00463,SGR_ZONE_024,CAM_024_02,2026-08-21 20:55:51,20,Animal/False Alarm,0.8495,0.5475
CAM_EVT_00464,SGR_ZONE_023,CAM_023_01,2026-08-21 21:05:36,21,Human,0.7371,0.7742
CAM_EVT_00465,SGR_ZONE_057,CAM_057_02,2026-08-21 19:02:50,19,Human,0.759,0.2076
CAM_EVT_00466,SGR_ZONE_086,CAM_086_03,2026-08-21 03:46:40,3,Human,0.7899,0.7488
CAM_EVT_00467,SGR_ZONE_141,CAM_141_03,2026-08-21 15:26:50,15,Vehicle,0.9599,0.8135
CAM_EVT_00468,SGR_ZONE_126,CAM_126_03,2026-08-21 21:20:53,21,Animal/False Alarm,0.8177,0.3654
CAM_EVT_00469,SGR_ZONE_149,CAM_149_01,2026-08-21 01:08:16,1,Human,0.8202,0.7654
CAM_EVT_00470,SGR_ZONE_139,CAM_139_02,2026-08-21 14:24:58,14,Vehicle,0.8049,0.9119
CAM_EVT_00471,SGR_ZONE_149,CAM_149_01,2026-08-21 03:16:40,3,Human,0.849,0.5817
CAM_EVT_00472,SGR_ZONE_127,CAM_127_02,2026-08-21 00:46:22,0,Vehicle,0.9072,0.5463
CAM_EVT_00473,SGR_ZONE_122,CAM_122_03,2026-08-21 08:28:08,8,Animal/False Alarm,0.7999,0.2231
CAM_EVT_00474,SGR_ZONE_141,CAM_141_02,2026-08-21 16:11:47,16,Human,0.9838,0.8424
CAM_EVT_00475,SGR_ZONE_109,CAM_109_03,2026-08-21 03:31:31,3,Vehicle,0.7905,0.5619
CAM_EVT_00476,SGR_ZONE_128,CAM_128_02,2026-08-21 13:57:32,13,Human,0.9268,0.2933
CAM_EVT_00477,SGR_ZONE_014,CAM_014_02,2026-08-21 18:05:56,18,Human,0.7681,0.7287
CAM_EVT_00478,SGR_ZONE_083,CAM_083_01,2026-08-21 12:47:34,12,Vehicle,0.9084,0.847
CAM_EVT_00479,SGR_ZONE_147,CAM_147_03,2026-08-21 11:22:01,11,Animal/False Alarm,0.9345,0.7079
CAM_EVT_00480,SGR_ZONE_120,CAM_120_02,2026-08-21 23:54:02,23,Vehicle,0.931,0.3879
CAM_EVT_00481,SGR_ZONE_114,CAM_114_03,2026-08-21 00:48:11,0,Animal/False Alarm,0.7035,0.7055
CAM_EVT_00482,SGR_ZONE_126,CAM_126_01,2026-08-21 00:04:56,0,Human,0.8024,0.666
CAM_EVT_00483,SGR_ZONE_078,CAM_078_01,2026-08-21 15:40:18,15,Human,0.9273,0.4143
CAM_EVT_00484,SGR_ZONE_123,CAM_123_02,2026-08-21 19:53:06,19,Human,0.8106,0.9365
CAM_EVT_00485,SGR_ZONE_079,CAM_079_03,2026-08-21 23:19:28,23,Human,0.8213,0.7632
CAM_EVT_00486,SGR_ZONE_024,CAM_024_02,2026-08-21 09:16:01,9,Animal/False Alarm,0.9653,0.2086
CAM_EVT_00487,SGR_ZONE_006,CAM_006_02,2026-08-21 19:40:48,19,Human,0.817,0.7534
CAM_EVT_00488,SGR_ZONE_071,CAM_071_03,2026-08-21 01:59:23,1,Vehicle,0.8499,0.7551
CAM_EVT_00489,SGR_ZONE_074,CAM_074_02,2026-08-21 14:37:19,14,Animal/False Alarm,0.8751,0.2577
CAM_EVT_00490,SGR_ZONE_041,CAM_041_02,2026-08-21 01:29:52,1,Vehicle,0.8328,0.2691
CAM_EVT_00491,SGR_ZONE_034,CAM_034_02,2026-08-21 00:31:47,0,Animal/False Alarm,0.7728,0.707
CAM_EVT_00492,SGR_ZONE_070,CAM_070_01,2026-08-21 03:00:18,3,Vehicle,0.7724,0.2015
CAM_EVT_00493,SGR_ZONE_010,CAM_010_01,2026-08-21 23:21:35,23,Animal/False Alarm,0.9136,0.8622
CAM_EVT_00494,SGR_ZONE_098,CAM_098_02,2026-08-21 03:06:48,3,Vehicle,0.8184,0.2115
CAM_EVT_00495,SGR_ZONE_137,CAM_137_03,2026-08-21 09:31:31,9,Animal/False Alarm,0.8157,0.8299
CAM_EVT_00496,SGR_ZONE_006,CAM_006_02,2026-08-21 02:51:58,2,Human,0.7024,0.5252
CAM_EVT_00497,SGR_ZONE_085,CAM_085_03,2026-08-21 08:26:25,8,Animal/False Alarm,0.9498,0.8129
CAM_EVT_00498,SGR_ZONE_147,CAM_147_01,2026-08-21 12:39:38,12,Vehicle,0.8945,0.7257
CAM_EVT_00499,SGR_ZONE_113,CAM_113_01,2026-08-21 00:56:45,0,Animal/False Alarm,0.9142,0.2103
CAM_EVT_00500,SGR_ZONE_069,CAM_069_03,2026-08-21 02:57:32,2,Human,0.7181,0.5442
CAM_EVT_00501,SGR_ZONE_075,CAM_075_02,2026-08-21 18:35:58,18,Human,0.7966,0.8637
CAM_EVT_00502,SGR_ZONE_063,CAM_063_01,2026-08-21 22:55:26,22,Vehicle,0.8153,0.5852
CAM_EVT_00503,SGR_ZONE_008,CAM_008_03,2026-08-21 10:24:38,10,Vehicle,0.824,0.3547
CAM_EVT_00504,SGR_ZONE_113,CAM_113_01,2026-08-21 20:01:57,20,Animal/False Alarm,0.8933,0.7905
CAM_EVT_00505,SGR_ZONE_107,CAM_107_03,2026-08-21 10:36:14,10,Vehicle,0.824,0.5319
CAM_EVT_00506,SGR_ZONE_092,CAM_092_02,2026-08-21 12:03:21,12,Animal/False Alarm,0.7848,0.5329
CAM_EVT_00507,SGR_ZONE_135,CAM_135_01,2026-08-21 00:54:02,0,Vehicle,0.7082,0.3575
CAM_EVT_00508,SGR_ZONE_121,CAM_121_01,2026-08-21 16:09:27,16,Animal/False Alarm,0.7324,0.5873
CAM_EVT_00509,SGR_ZONE_021,CAM_021_02,2026-08-21 02:03:04,2,Animal/False Alarm,0.9361,0.7139
CAM_EVT_00510,SGR_ZONE_129,CAM_129_03,2026-08-21 19:23:24,19,Vehicle,0.8553,0.4677
CAM_EVT_00511,SGR_ZONE_055,CAM_055_02,2026-08-21 09:48:41,9,Animal/False Alarm,0.9763,0.4451
CAM_EVT_00512,SGR_ZONE_058,CAM_058_03,2026-08-21 05:50:44,5,Human,0.7924,0.8777
CAM_EVT_00513,SGR_ZONE_035,CAM_035_03,2026-08-21 16:11:22,16,Human,0.9491,0.7077
CAM_EVT_00514,SGR_ZONE_057,CAM_057_03,2026-08-21 12:31:45,12,Vehicle,0.7465,0.7052
CAM_EVT_00515,SGR_ZONE_116,CAM_116_03,2026-08-21 20:01:36,20,Vehicle,0.8246,0.7555
CAM_EVT_00516,SGR_ZONE_134,CAM_134_02,2026-08-21 10:31:41,10,Human,0.857,0.4589
CAM_EVT_00517,SGR_ZONE_122,CAM_122_02,2026-08-21 09:27:10,9,Vehicle,0.8688,0.2888
CAM_EVT_00518,SGR_ZONE_047,CAM_047_02,2026-08-21 23:07:42,23,Human,0.7973,0.762
CAM_EVT_00519,SGR_ZONE_137,CAM_137_03,2026-08-21 07:46:41,7,Vehicle,0.9527,0.7092
CAM_EVT_00520,SGR_ZONE_098,CAM_098_03,2026-08-21 14:12:47,14,Vehicle,0.8669,0.2166
CAM_EVT_00521,SGR_ZONE_064,CAM_064_01,2026-08-21 06:12:04,6,Human,0.7414,0.7191
CAM_EVT_00522,SGR_ZONE_026,CAM_026_01,2026-08-21 00:48:16,0,Vehicle,0.9242,0.9136
CAM_EVT_00523,SGR_ZONE_025,CAM_025_03,2026-08-21 15:24:53,15,Vehicle,0.8626,0.6713
CAM_EVT_00524,SGR_ZONE_073,CAM_073_01,2026-08-21 11:50:53,11,Vehicle,0.9535,0.3526
CAM_EVT_00525,SGR_ZONE_083,CAM_083_03,2026-08-21 20:45:29,20,Animal/False Alarm,0.9559,0.5497
CAM_EVT_00526,SGR_ZONE_057,CAM_057_02,2026-08-21 21:05:11,21,Animal/False Alarm,0.759,0.2502
CAM_EVT_00527,SGR_ZONE_104,CAM_104_03,2026-08-21 01:12:44,1,Human,0.888,0.2556
CAM_EVT_00528,SGR_ZONE_079,CAM_079_01,2026-08-21 21:13:39,21,Vehicle,0.7931,0.3651
CAM_EVT_00529,SGR_ZONE_059,CAM_059_03,2026-08-21 10:31:26,10,Human,0.8346,0.7421
CAM_EVT_00530,SGR_ZONE_130,CAM_130_02,2026-08-21 01:55:14,1,Animal/False Alarm,0.8082,0.674
CAM_EVT_00531,SGR_ZONE_048,CAM_048_01,2026-08-21 15:44:38,15,Vehicle,0.8236,0.611
CAM_EVT_00532,SGR_ZONE_058,CAM_058_01,2026-08-21 06:27:08,6,Human,0.7601,0.7349
CAM_EVT_00533,SGR_ZONE_127,CAM_127_02,2026-08-21 02:20:25,2,Vehicle,0.9634,0.769
CAM_EVT_00534,SGR_ZONE_036,CAM_036_02,2026-08-21 09:12:10,9,Vehicle,0.8834,0.3174
CAM_EVT_00535,SGR_ZONE_054,CAM_054_03,2026-08-21 11:09:43,11,Human,0.8739,0.8461
CAM_EVT_00536,SGR_ZONE_139,CAM_139_03,2026-08-21 18:25:22,18,Vehicle,0.8696,0.3002
CAM_EVT_00537,SGR_ZONE_146,CAM_146_02,2026-08-21 14:02:37,14,Vehicle,0.7789,0.7193
CAM_EVT_00538,SGR_ZONE_061,CAM_061_01,2026-08-21 13:12:26,13,Vehicle,0.9395,0.5473
CAM_EVT_00539,SGR_ZONE_100,CAM_100_03,2026-08-21 03:31:22,3,Human,0.892,0.8112
CAM_EVT_00540,SGR_ZONE_119,CAM_119_02,2026-08-21 00:27:07,0,Vehicle,0.9244,0.7609
CAM_EVT_00541,SGR_ZONE_001,CAM_001_01,2026-08-21 02:14:04,2,Human,0.7098,0.8594
CAM_EVT_00542,SGR_ZONE_060,CAM_060_02,2026-08-21 23:39:28,23,Vehicle,0.7937,0.8734
CAM_EVT_00543,SGR_ZONE_104,CAM_104_01,2026-08-21 21:37:47,21,Animal/False Alarm,0.945,0.3868
CAM_EVT_00544,SGR_ZONE_027,CAM_027_03,2026-08-21 02:44:26,2,Animal/False Alarm,0.9324,0.7057
CAM_EVT_00545,SGR_ZONE_095,CAM_095_03,2026-08-21 10:58:20,10,Human,0.7923,0.9209
CAM_EVT_00546,SGR_ZONE_048,CAM_048_01,2026-08-21 17:48:31,17,Human,0.7042,0.7733
CAM_EVT_00547,SGR_ZONE_100,CAM_100_03,2026-08-21 15:04:20,15,Animal/False Alarm,0.8797,0.6225
CAM_EVT_00548,SGR_ZONE_125,CAM_125_02,2026-08-21 18:42:01,18,Human,0.7201,0.6787
CAM_EVT_00549,SGR_ZONE_074,CAM_074_01,2026-08-21 23:10:45,23,Human,0.7664,0.6476
CAM_EVT_00550,SGR_ZONE_028,CAM_028_01,2026-08-21 17:03:53,17,Vehicle,0.8361,0.5323
CAM_EVT_00551,SGR_ZONE_113,CAM_113_02,2026-08-21 10:17:26,10,Vehicle,0.872,0.24
CAM_EVT_00552,SGR_ZONE_055,CAM_055_02,2026-08-21 04:22:40,4,Human,0.9731,0.3255
CAM_EVT_00553,SGR_ZONE_059,CAM_059_03,2026-08-21 00:06:03,0,Animal/False Alarm,0.7202,0.616
CAM_EVT_00554,SGR_ZONE_143,CAM_143_02,2026-08-21 13:49:19,13,Vehicle,0.8937,0.828
CAM_EVT_00555,SGR_ZONE_112,CAM_112_01,2026-08-21 21:19:29,21,Vehicle,0.9029,0.8286
CAM_EVT_00556,SGR_ZONE_131,CAM_131_02,2026-08-21 05:01:35,5,Human,0.7446,0.6295
CAM_EVT_00557,SGR_ZONE_026,CAM_026_03,2026-08-21 07:28:39,7,Vehicle,0.8029,0.239
CAM_EVT_00558,SGR_ZONE_128,CAM_128_03,2026-08-21 12:58:46,12,Animal/False Alarm,0.8911,0.3584
CAM_EVT_00559,SGR_ZONE_088,CAM_088_03,2026-08-21 16:46:30,16,Human,0.7582,0.3622
CAM_EVT_00560,SGR_ZONE_119,CAM_119_01,2026-08-21 19:59:38,19,Vehicle,0.9457,0.2468
CAM_EVT_00561,SGR_ZONE_053,CAM_053_03,2026-08-21 18:45:10,18,Human,0.8941,0.8689
CAM_EVT_00562,SGR_ZONE_098,CAM_098_02,2026-08-21 17:37:23,17,Human,0.7488,0.5562
CAM_EVT_00563,SGR_ZONE_138,CAM_138_03,2026-08-21 07:07:39,7,Human,0.9822,0.7695
CAM_EVT_00564,SGR_ZONE_056,CAM_056_03,2026-08-21 23:59:09,23,Vehicle,0.7946,0.4245
CAM_EVT_00565,SGR_ZONE_039,CAM_039_01,2026-08-21 21:03:30,21,Human,0.7877,0.9315
CAM_EVT_00566,SGR_ZONE_082,CAM_082_02,2026-08-21 01:30:54,1,Animal/False Alarm,0.7449,0.2621
CAM_EVT_00567,SGR_ZONE_011,CAM_011_02,2026-08-21 07:45:23,7,Animal/False Alarm,0.7398,0.6355
CAM_EVT_00568,SGR_ZONE_099,CAM_099_02,2026-08-21 09:56:54,9,Animal/False Alarm,0.8281,0.9382
CAM_EVT_00569,SGR_ZONE_106,CAM_106_01,2026-08-21 15:17:50,15,Human,0.8329,0.7438
CAM_EVT_00570,SGR_ZONE_145,CAM_145_03,2026-08-21 12:16:31,12,Human,0.713,0.2948
CAM_EVT_00571,SGR_ZONE_137,CAM_137_02,2026-08-21 11:43:37,11,Human,0.8419,0.7562
CAM_EVT_00572,SGR_ZONE_071,CAM_071_01,2026-08-21 03:58:24,3,Animal/False Alarm,0.818,0.4462
CAM_EVT_00573,SGR_ZONE_062,CAM_062_01,2026-08-21 12:56:59,12,Animal/False Alarm,0.9372,0.5826
CAM_EVT_00574,SGR_ZONE_090,CAM_090_02,2026-08-21 12:31:58,12,Vehicle,0.7666,0.6145
CAM_EVT_00575,SGR_ZONE_120,CAM_120_01,2026-08-21 01:15:21,1,Human,0.7634,0.3371
CAM_EVT_00576,SGR_ZONE_096,CAM_096_01,2026-08-21 05:13:31,5,Vehicle,0.862,0.4784
CAM_EVT_00577,SGR_ZONE_099,CAM_099_02,2026-08-21 04:51:24,4,Human,0.7252,0.6176
CAM_EVT_00578,SGR_ZONE_127,CAM_127_01,2026-08-21 21:03:12,21,Human,0.8508,0.5915
CAM_EVT_00579,SGR_ZONE_045,CAM_045_03,2026-08-21 16:53:35,16,Vehicle,0.7155,0.4824
CAM_EVT_00580,SGR_ZONE_129,CAM_129_03,2026-08-21 12:22:45,12,Human,0.7852,0.3778
CAM_EVT_00581,SGR_ZONE_072,CAM_072_03,2026-08-21 16:27:24,16,Human,0.9634,0.5511
CAM_EVT_00582,SGR_ZONE_016,CAM_016_03,2026-08-21 06:12:31,6,Vehicle,0.8247,0.6477
CAM_EVT_00583,SGR_ZONE_094,CAM_094_02,2026-08-21 22:16:39,22,Human,0.7088,0.3533
CAM_EVT_00584,SGR_ZONE_116,CAM_116_03,2026-08-21 22:51:29,22,Animal/False Alarm,0.8479,0.576
CAM_EVT_00585,SGR_ZONE_057,CAM_057_01,2026-08-21 01:15:08,1,Animal/False Alarm,0.7466,0.2187
CAM_EVT_00586,SGR_ZONE_032,CAM_032_03,2026-08-21 07:07:26,7,Vehicle,0.9243,0.8862
CAM_EVT_00587,SGR_ZONE_012,CAM_012_01,2026-08-21 06:42:30,6,Vehicle,0.758,0.2416
CAM_EVT_00588,SGR_ZONE_017,CAM_017_01,2026-08-21 22:55:05,22,Human,0.8964,0.6243
CAM_EVT_00589,SGR_ZONE_086,CAM_086_02,2026-08-21 07:40:48,7,Human,0.9173,0.5233
CAM_EVT_00590,SGR_ZONE_115,CAM_115_03,2026-08-21 07:18:38,7,Human,0.7963,0.4203
CAM_EVT_00591,SGR_ZONE_017,CAM_017_02,2026-08-21 22:36:50,22,Vehicle,0.7921,0.8361
CAM_EVT_00592,SGR_ZONE_068,CAM_068_02,2026-08-21 19:57:31,19,Human,0.7817,0.9225
CAM_EVT_00593,SGR_ZONE_105,CAM_105_03,2026-08-21 13:39:55,13,Human,0.9304,0.4086
CAM_EVT_00594,SGR_ZONE_028,CAM_028_01,2026-08-21 11:07:23,11,Human,0.9876,0.6058
CAM_EVT_00595,SGR_ZONE_114,CAM_114_02,2026-08-21 11:30:23,11,Human,0.7268,0.3221
CAM_EVT_00596,SGR_ZONE_119,CAM_119_02,2026-08-21 23:53:41,23,Human,0.9648,0.342
CAM_EVT_00597,SGR_ZONE_073,CAM_073_02,2026-08-21 23:04:02,23,Vehicle,0.7792,0.3329
CAM_EVT_00598,SGR_ZONE_027,CAM_027_01,2026-08-21 14:33:22,14,Human,0.7616,0.6976
CAM_EVT_00599,SGR_ZONE_095,CAM_095_02,2026-08-21 22:47:00,22,Animal/False Alarm,0.9637,0.4354
CAM_EVT_00600,SGR_ZONE_089,CAM_089_02,2026-08-21 16:51:21,16,Human,0.7992,0.5225
CAM_EVT_00601,SGR_ZONE_116,CAM_116_02,2026-08-21 14:45:24,14,Vehicle,0.9755,0.3028
CAM_EVT_00602,SGR_ZONE_021,CAM_021_01,2026-08-21 11:46:22,11,Human,0.803,0.2339
CAM_EVT_00603,SGR_ZONE_091,CAM_091_02,2026-08-21 02:39:49,2,Human,0.9532,0.5924
CAM_EVT_00604,SGR_ZONE_138,CAM_138_01,2026-08-21 04:57:44,4,Animal/False Alarm,0.724,0.3905
CAM_EVT_00605,SGR_ZONE_055,CAM_055_01,2026-08-21 08:58:47,8,Human,0.9844,0.361
CAM_EVT_00606,SGR_ZONE_002,CAM_002_01,2026-08-21 11:11:38,11,Vehicle,0.8789,0.8476
CAM_EVT_00607,SGR_ZONE_090,CAM_090_01,2026-08-21 21:27:57,21,Vehicle,0.7859,0.9037
CAM_EVT_00608,SGR_ZONE_094,CAM_094_01,2026-08-21 01:54:30,1,Human,0.9268,0.3801
CAM_EVT_00609,SGR_ZONE_052,CAM_052_01,2026-08-21 14:00:00,14,Vehicle,0.8328,0.3699
CAM_EVT_00610,SGR_ZONE_149,CAM_149_03,2026-08-21 07:46:16,7,Animal/False Alarm,0.8384,0.4631
CAM_EVT_00611,SGR_ZONE_017,CAM_017_02,2026-08-21 13:44:05,13,Human,0.7246,0.55
CAM_EVT_00612,SGR_ZONE_110,CAM_110_02,2026-08-21 12:48:30,12,Human,0.9344,0.8177
CAM_EVT_00613,SGR_ZONE_060,CAM_060_02,2026-08-21 01:25:46,1,Vehicle,0.7222,0.5156
CAM_EVT_00614,SGR_ZONE_005,CAM_005_02,2026-08-21 17:03:16,17,Human,0.7468,0.6923
CAM_EVT_00615,SGR_ZONE_014,CAM_014_02,2026-08-21 18:42:46,18,Human,0.8211,0.2873
CAM_EVT_00616,SGR_ZONE_081,CAM_081_03,2026-08-21 15:43:39,15,Human,0.8597,0.5024
CAM_EVT_00617,SGR_ZONE_061,CAM_061_01,2026-08-21 03:12:05,3,Human,0.774,0.2794
CAM_EVT_00618,SGR_ZONE_058,CAM_058_02,2026-08-21 07:58:15,7,Human,0.7629,0.416
CAM_EVT_00619,SGR_ZONE_144,CAM_144_02,2026-08-21 01:30:02,1,Human,0.7638,0.5887
CAM_EVT_00620,SGR_ZONE_136,CAM_136_03,2026-08-21 07:06:55,7,Vehicle,0.9779,0.3653
CAM_EVT_00621,SGR_ZONE_108,CAM_108_03,2026-08-21 09:37:17,9,Human,0.7918,0.4143
CAM_EVT_00622,SGR_ZONE_114,CAM_114_01,2026-08-21 12:22:04,12,Vehicle,0.8155,0.5329
CAM_EVT_00623,SGR_ZONE_094,CAM_094_02,2026-08-21 22:05:31,22,Animal/False Alarm,0.7688,0.2807
CAM_EVT_00624,SGR_ZONE_106,CAM_106_02,2026-08-21 09:19:05,9,Human,0.8588,0.4058
CAM_EVT_00625,SGR_ZONE_112,CAM_112_03,2026-08-21 03:03:16,3,Vehicle,0.9403,0.7346
CAM_EVT_00626,SGR_ZONE_041,CAM_041_03,2026-08-21 21:00:19,21,Human,0.8946,0.8041
CAM_EVT_00627,SGR_ZONE_150,CAM_150_03,2026-08-21 11:22:13,11,Human,0.9872,0.2193
CAM_EVT_00628,SGR_ZONE_018,CAM_018_01,2026-08-21 14:04:46,14,Human,0.7574,0.2493
CAM_EVT_00629,SGR_ZONE_116,CAM_116_03,2026-08-21 15:46:24,15,Human,0.7465,0.3282
CAM_EVT_00630,SGR_ZONE_074,CAM_074_02,2026-08-21 08:24:13,8,Vehicle,0.9002,0.4554
CAM_EVT_00631,SGR_ZONE_099,CAM_099_02,2026-08-21 21:44:06,21,Human,0.7681,0.8226
CAM_EVT_00632,SGR_ZONE_126,CAM_126_02,2026-08-21 10:15:48,10,Animal/False Alarm,0.8217,0.238
CAM_EVT_00633,SGR_ZONE_018,CAM_018_03,2026-08-21 11:42:46,11,Human,0.8691,0.2085
CAM_EVT_00634,SGR_ZONE_048,CAM_048_02,2026-08-21 01:25:58,1,Vehicle,0.8153,0.9304
CAM_EVT_00635,SGR_ZONE_027,CAM_027_03,2026-08-21 13:39:59,13,Human,0.9622,0.481
CAM_EVT_00636,SGR_ZONE_012,CAM_012_01,2026-08-21 23:35:20,23,Animal/False Alarm,0.9336,0.3682
CAM_EVT_00637,SGR_ZONE_008,CAM_008_01,2026-08-21 14:11:36,14,Human,0.756,0.2379
CAM_EVT_00638,SGR_ZONE_144,CAM_144_02,2026-08-21 04:28:02,4,Vehicle,0.7149,0.5694
CAM_EVT_00639,SGR_ZONE_143,CAM_143_03,2026-08-21 04:26:54,4,Vehicle,0.7468,0.629
CAM_EVT_00640,SGR_ZONE_029,CAM_029_01,2026-08-21 15:17:04,15,Human,0.8047,0.5063
CAM_EVT_00641,SGR_ZONE_100,CAM_100_02,2026-08-21 21:28:35,21,Human,0.9022,0.3451
CAM_EVT_00642,SGR_ZONE_022,CAM_022_03,2026-08-21 05:51:46,5,Human,0.7667,0.5085
CAM_EVT_00643,SGR_ZONE_079,CAM_079_01,2026-08-21 04:19:22,4,Human,0.8582,0.2792
CAM_EVT_00644,SGR_ZONE_126,CAM_126_03,2026-08-21 01:12:41,1,Human,0.8947,0.403
CAM_EVT_00645,SGR_ZONE_137,CAM_137_02,2026-08-21 02:56:20,2,Vehicle,0.734,0.3268
CAM_EVT_00646,SGR_ZONE_083,CAM_083_03,2026-08-21 01:01:59,1,Vehicle,0.8796,0.5084
CAM_EVT_00647,SGR_ZONE_017,CAM_017_02,2026-08-21 10:54:20,10,Human,0.8246,0.4092
CAM_EVT_00648,SGR_ZONE_004,CAM_004_03,2026-08-21 00:10:27,0,Human,0.9373,0.2301
CAM_EVT_00649,SGR_ZONE_065,CAM_065_03,2026-08-21 23:03:43,23,Human,0.922,0.3898
CAM_EVT_00650,SGR_ZONE_019,CAM_019_02,2026-08-21 02:11:02,2,Human,0.727,0.9229
CAM_EVT_00651,SGR_ZONE_027,CAM_027_01,2026-08-21 21:29:19,21,Animal/False Alarm,0.9221,0.2041
CAM_EVT_00652,SGR_ZONE_028,CAM_028_01,2026-08-21 00:12:55,0,Human,0.8346,0.9073
CAM_EVT_00653,SGR_ZONE_105,CAM_105_02,2026-08-21 21:56:19,21,Human,0.7174,0.2982
CAM_EVT_00654,SGR_ZONE_107,CAM_107_03,2026-08-21 01:11:39,1,Vehicle,0.799,0.5589
CAM_EVT_00655,SGR_ZONE_073,CAM_073_02,2026-08-21 19:38:59,19,Human,0.7237,0.3939
CAM_EVT_00656,SGR_ZONE_066,CAM_066_01,2026-08-21 01:30:56,1,Vehicle,0.91,0.5694
CAM_EVT_00657,SGR_ZONE_078,CAM_078_02,2026-08-21 06:23:20,6,Human,0.9582,0.6327
CAM_EVT_00658,SGR_ZONE_138,CAM_138_02,2026-08-21 11:21:55,11,Human,0.8743,0.4557
CAM_EVT_00659,SGR_ZONE_036,CAM_036_01,2026-08-21 03:55:24,3,Human,0.8524,0.7234
CAM_EVT_00660,SGR_ZONE_096,CAM_096_01,2026-08-21 22:31:44,22,Animal/False Alarm,0.8782,0.6359
CAM_EVT_00661,SGR_ZONE_123,CAM_123_03,2026-08-21 06:30:13,6,Animal/False Alarm,0.7945,0.2958
CAM_EVT_00662,SGR_ZONE_140,CAM_140_01,2026-08-21 14:43:16,14,Vehicle,0.8614,0.457
CAM_EVT_00663,SGR_ZONE_054,CAM_054_03,2026-08-21 22:39:58,22,Vehicle,0.7923,0.8707
CAM_EVT_00664,SGR_ZONE_079,CAM_079_03,2026-08-21 18:45:53,18,Human,0.9065,0.4674
CAM_EVT_00665,SGR_ZONE_032,CAM_032_01,2026-08-21 05:24:30,5,Animal/False Alarm,0.8641,0.5858
CAM_EVT_00666,SGR_ZONE_022,CAM_022_02,2026-08-21 22:00:19,22,Vehicle,0.8127,0.3802
CAM_EVT_00667,SGR_ZONE_087,CAM_087_03,2026-08-21 21:25:15,21,Animal/False Alarm,0.9833,0.5035
CAM_EVT_00668,SGR_ZONE_099,CAM_099_02,2026-08-21 00:16:01,0,Vehicle,0.7928,0.5573
CAM_EVT_00669,SGR_ZONE_084,CAM_084_02,2026-08-21 02:04:26,2,Vehicle,0.9014,0.4735
CAM_EVT_00670,SGR_ZONE_108,CAM_108_01,2026-08-21 18:37:26,18,Human,0.9332,0.5195
CAM_EVT_00671,SGR_ZONE_141,CAM_141_01,2026-08-21 20:44:21,20,Human,0.7825,0.5323
CAM_EVT_00672,SGR_ZONE_043,CAM_043_03,2026-08-21 18:25:22,18,Human,0.8598,0.5927
CAM_EVT_00673,SGR_ZONE_043,CAM_043_01,2026-08-21 06:50:11,6,Vehicle,0.7249,0.2428
CAM_EVT_00674,SGR_ZONE_011,CAM_011_02,2026-08-21 18:05:45,18,Human,0.9704,0.5924
CAM_EVT_00675,SGR_ZONE_116,CAM_116_02,2026-08-21 07:58:51,7,Vehicle,0.7446,0.9328
CAM_EVT_00676,SGR_ZONE_118,CAM_118_03,2026-08-21 11:25:37,11,Human,0.8859,0.5496
CAM_EVT_00677,SGR_ZONE_110,CAM_110_03,2026-08-21 15:56:12,15,Animal/False Alarm,0.8536,0.7493
CAM_EVT_00678,SGR_ZONE_089,CAM_089_01,2026-08-21 10:31:48,10,Vehicle,0.7961,0.7067
CAM_EVT_00679,SGR_ZONE_007,CAM_007_02,2026-08-21 12:22:49,12,Human,0.8073,0.6129
CAM_EVT_00680,SGR_ZONE_028,CAM_028_03,2026-08-21 18:32:35,18,Animal/False Alarm,0.8096,0.2465
CAM_EVT_00681,SGR_ZONE_014,CAM_014_02,2026-08-21 13:29:51,13,Human,0.8448,0.2798
CAM_EVT_00682,SGR_ZONE_093,CAM_093_01,2026-08-21 09:58:46,9,Human,0.9561,0.5111
CAM_EVT_00683,SGR_ZONE_064,CAM_064_02,2026-08-21 09:06:21,9,Vehicle,0.7178,0.8103
CAM_EVT_00684,SGR_ZONE_081,CAM_081_02,2026-08-21 15:49:37,15,Human,0.7524,0.3969
CAM_EVT_00685,SGR_ZONE_052,CAM_052_01,2026-08-21 16:03:42,16,Human,0.8136,0.322
CAM_EVT_00686,SGR_ZONE_004,CAM_004_01,2026-08-21 07:23:18,7,Human,0.8055,0.2739
CAM_EVT_00687,SGR_ZONE_036,CAM_036_02,2026-08-21 17:27:59,17,Vehicle,0.8967,0.6446
CAM_EVT_00688,SGR_ZONE_016,CAM_016_03,2026-08-21 16:38:47,16,Human,0.8255,0.6468
CAM_EVT_00689,SGR_ZONE_039,CAM_039_01,2026-08-21 11:11:29,11,Animal/False Alarm,0.7233,0.5576
CAM_EVT_00690,SGR_ZONE_036,CAM_036_02,2026-08-21 22:25:44,22,Human,0.7566,0.7089
CAM_EVT_00691,SGR_ZONE_134,CAM_134_02,2026-08-21 17:30:36,17,Vehicle,0.9325,0.5521
CAM_EVT_00692,SGR_ZONE_030,CAM_030_01,2026-08-21 06:08:53,6,Animal/False Alarm,0.7433,0.7894
CAM_EVT_00693,SGR_ZONE_149,CAM_149_03,2026-08-21 01:51:38,1,Human,0.8644,0.4637
CAM_EVT_00694,SGR_ZONE_117,CAM_117_02,2026-08-21 05:36:57,5,Human,0.7549,0.5445
CAM_EVT_00695,SGR_ZONE_108,CAM_108_03,2026-08-21 03:48:33,3,Human,0.8279,0.3496
CAM_EVT_00696,SGR_ZONE_093,CAM_093_02,2026-08-21 22:56:20,22,Human,0.9713,0.5496
CAM_EVT_00697,SGR_ZONE_055,CAM_055_03,2026-08-21 18:54:48,18,Animal/False Alarm,0.8569,0.6538
CAM_EVT_00698,SGR_ZONE_009,CAM_009_02,2026-08-21 09:52:31,9,Human,0.7173,0.6533
CAM_EVT_00699,SGR_ZONE_074,CAM_074_03,2026-08-21 14:02:18,14,Vehicle,0.7232,0.5314
CAM_EVT_00700,SGR_ZONE_010,CAM_010_01,2026-08-21 12:28:18,12,Human,0.7148,0.4983
CAM_EVT_00701,SGR_ZONE_067,CAM_067_03,2026-08-21 02:44:07,2,Human,0.8376,0.2055
CAM_EVT_00702,SGR_ZONE_087,CAM_087_01,2026-08-21 20:56:06,20,Animal/False Alarm,0.7585,0.3936
CAM_EVT_00703,SGR_ZONE_015,CAM_015_03,2026-08-21 04:43:00,4,Human,0.7537,0.606
CAM_EVT_00704,SGR_ZONE_010,CAM_010_03,2026-08-21 17:11:24,17,Vehicle,0.8317,0.5387
CAM_EVT_00705,SGR_ZONE_112,CAM_112_02,2026-08-21 14:04:42,14,Human,0.8039,0.9421
CAM_EVT_00706,SGR_ZONE_025,CAM_025_02,2026-08-21 18:55:26,18,Animal/False Alarm,0.7264,0.4144
CAM_EVT_00707,SGR_ZONE_111,CAM_111_01,2026-08-21 13:56:33,13,Human,0.707,0.4515
CAM_EVT_00708,SGR_ZONE_067,CAM_067_02,2026-08-21 12:12:04,12,Vehicle,0.9113,0.4365
CAM_EVT_00709,SGR_ZONE_025,CAM_025_02,2026-08-21 12:49:46,12,Vehicle,0.7603,0.6408
CAM_EVT_00710,SGR_ZONE_063,CAM_063_03,2026-08-21 18:34:38,18,Human,0.882,0.6856
CAM_EVT_00711,SGR_ZONE_053,CAM_053_02,2026-08-21 08:00:50,8,Animal/False Alarm,0.9409,0.3685
CAM_EVT_00712,SGR_ZONE_119,CAM_119_02,2026-08-21 22:27:27,22,Human,0.9318,0.4506
CAM_EVT_00713,SGR_ZONE_033,CAM_033_03,2026-08-21 04:25:34,4,Vehicle,0.7197,0.3359
CAM_EVT_00714,SGR_ZONE_098,CAM_098_03,2026-08-21 22:59:53,22,Human,0.8591,0.5021
CAM_EVT_00715,SGR_ZONE_150,CAM_150_03,2026-08-21 22:21:20,22,Human,0.7386,0.3191
CAM_EVT_00716,SGR_ZONE_026,CAM_026_01,2026-08-21 22:42:42,22,Animal/False Alarm,0.7604,0.4666
CAM_EVT_00717,SGR_ZONE_096,CAM_096_02,2026-08-21 20:56:38,20,Animal/False Alarm,0.8015,0.3829
CAM_EVT_00718,SGR_ZONE_091,CAM_091_01,2026-08-21 18:41:06,18,Human,0.7201,0.8206
CAM_EVT_00719,SGR_ZONE_050,CAM_050_03,2026-08-21 20:25:39,20,Human,0.9015,0.6255
CAM_EVT_00720,SGR_ZONE_112,CAM_112_01,2026-08-21 20:27:16,20,Vehicle,0.7386,0.396
CAM_EVT_00721,SGR_ZONE_028,CAM_028_01,2026-08-21 10:56:37,10,Human,0.7925,0.5116
CAM_EVT_00722,SGR_ZONE_134,CAM_134_01,2026-08-21 20:34:32,20,Human,0.7304,0.2964
CAM_EVT_00723,SGR_ZONE_019,CAM_019_02,2026-08-21 02:00:35,2,Vehicle,0.8049,0.294
CAM_EVT_00724,SGR_ZONE_126,CAM_126_03,2026-08-21 22:18:24,22,Vehicle,0.7917,0.6702
CAM_EVT_00725,SGR_ZONE_016,CAM_016_02,2026-08-21 01:15:43,1,Animal/False Alarm,0.8659,0.3356
CAM_EVT_00726,SGR_ZONE_104,CAM_104_03,2026-08-21 20:57:05,20,Human,0.8264,0.6455
CAM_EVT_00727,SGR_ZONE_096,CAM_096_01,2026-08-21 19:17:59,19,Human,0.7255,0.3289
CAM_EVT_00728,SGR_ZONE_088,CAM_088_01,2026-08-21 08:44:08,8,Animal/False Alarm,0.704,0.687
CAM_EVT_00729,SGR_ZONE_132,CAM_132_01,2026-08-21 22:04:19,22,Human,0.7446,0.8646
CAM_EVT_00730,SGR_ZONE_079,CAM_079_02,2026-08-21 12:09:30,12,Animal/False Alarm,0.9367,0.2142
CAM_EVT_00731,SGR_ZONE_105,CAM_105_03,2026-08-21 20:10:34,20,Human,0.767,0.873
CAM_EVT_00732,SGR_ZONE_042,CAM_042_01,2026-08-21 23:08:51,23,Human,0.8207,0.4674
CAM_EVT_00733,SGR_ZONE_130,CAM_130_02,2026-08-21 06:20:22,6,Human,0.7608,0.9324
CAM_EVT_00734,SGR_ZONE_089,CAM_089_03,2026-08-21 01:24:12,1,Animal/False Alarm,0.8141,0.298
CAM_EVT_00735,SGR_ZONE_122,CAM_122_03,2026-08-21 02:17:10,2,Vehicle,0.9106,0.4752
CAM_EVT_00736,SGR_ZONE_118,CAM_118_01,2026-08-21 14:15:23,14,Human,0.8175,0.4019
CAM_EVT_00737,SGR_ZONE_105,CAM_105_03,2026-08-21 16:18:37,16,Vehicle,0.9601,0.8346
CAM_EVT_00738,SGR_ZONE_100,CAM_100_03,2026-08-21 21:39:50,21,Human,0.9285,0.8774
CAM_EVT_00739,SGR_ZONE_072,CAM_072_02,2026-08-21 12:12:06,12,Human,0.9346,0.8566
CAM_EVT_00740,SGR_ZONE_010,CAM_010_02,2026-08-21 05:28:24,5,Human,0.9644,0.2731
CAM_EVT_00741,SGR_ZONE_081,CAM_081_02,2026-08-21 01:27:02,1,Vehicle,0.8481,0.29
CAM_EVT_00742,SGR_ZONE_075,CAM_075_02,2026-08-21 21:55:38,21,Human,0.8292,0.2632
CAM_EVT_00743,SGR_ZONE_059,CAM_059_03,2026-08-21 08:44:00,8,Animal/False Alarm,0.7907,0.8439
CAM_EVT_00744,SGR_ZONE_056,CAM_056_02,2026-08-21 07:06:26,7,Human,0.9532,0.3266
CAM_EVT_00745,SGR_ZONE_001,CAM_001_03,2026-08-21 10:41:52,10,Human,0.7256,0.3459
CAM_EVT_00746,SGR_ZONE_063,CAM_063_01,2026-08-21 04:47:31,4,Vehicle,0.8753,0.5457
CAM_EVT_00747,SGR_ZONE_003,CAM_003_03,2026-08-21 16:59:23,16,Human,0.9433,0.7033
CAM_EVT_00748,SGR_ZONE_116,CAM_116_03,2026-08-21 14:05:26,14,Vehicle,0.7888,0.4446
CAM_EVT_00749,SGR_ZONE_015,CAM_015_02,2026-08-21 14:12:40,14,Vehicle,0.7785,0.3866
CAM_EVT_00750,SGR_ZONE_098,CAM_098_01,2026-08-21 00:33:14,0,Human,0.7031,0.6082
CAM_EVT_00751,SGR_ZONE_078,CAM_078_01,2026-08-21 22:30:24,22,Human,0.7486,0.5469
CAM_EVT_00752,SGR_ZONE_038,CAM_038_02,2026-08-21 13:24:55,13,Animal/False Alarm,0.7725,0.255
CAM_EVT_00753,SGR_ZONE_094,CAM_094_01,2026-08-21 04:15:49,4,Vehicle,0.8191,0.8132
CAM_EVT_00754,SGR_ZONE_122,CAM_122_01,2026-08-21 03:20:38,3,Human,0.7803,0.2345
CAM_EVT_00755,SGR_ZONE_094,CAM_094_02,2026-08-21 15:50:40,15,Human,0.9452,0.3947
CAM_EVT_00756,SGR_ZONE_066,CAM_066_01,2026-08-21 01:54:28,1,Vehicle,0.8488,0.411
CAM_EVT_00757,SGR_ZONE_110,CAM_110_01,2026-08-21 23:03:03,23,Vehicle,0.9694,0.5229
CAM_EVT_00758,SGR_ZONE_125,CAM_125_02,2026-08-21 09:40:54,9,Human,0.9158,0.7333
CAM_EVT_00759,SGR_ZONE_070,CAM_070_02,2026-08-21 23:48:12,23,Human,0.7156,0.3424
CAM_EVT_00760,SGR_ZONE_018,CAM_018_02,2026-08-21 09:16:14,9,Human,0.8288,0.7067
CAM_EVT_00761,SGR_ZONE_146,CAM_146_03,2026-08-21 03:02:06,3,Vehicle,0.7092,0.6012
CAM_EVT_00762,SGR_ZONE_146,CAM_146_02,2026-08-21 03:45:48,3,Vehicle,0.781,0.7869
CAM_EVT_00763,SGR_ZONE_052,CAM_052_02,2026-08-21 14:11:41,14,Human,0.9048,0.4592
CAM_EVT_00764,SGR_ZONE_128,CAM_128_03,2026-08-21 23:46:06,23,Human,0.7893,0.3809
CAM_EVT_00765,SGR_ZONE_083,CAM_083_02,2026-08-21 21:10:19,21,Vehicle,0.7845,0.513
CAM_EVT_00766,SGR_ZONE_126,CAM_126_01,2026-08-21 15:17:54,15,Vehicle,0.8557,0.83
CAM_EVT_00767,SGR_ZONE_122,CAM_122_01,2026-08-21 23:21:02,23,Human,0.8955,0.8332
CAM_EVT_00768,SGR_ZONE_056,CAM_056_03,2026-08-21 00:51:20,0,Human,0.7205,0.8821
CAM_EVT_00769,SGR_ZONE_065,CAM_065_03,2026-08-21 21:39:25,21,Vehicle,0.914,0.3043
CAM_EVT_00770,SGR_ZONE_080,CAM_080_01,2026-08-21 22:06:43,22,Animal/False Alarm,0.8457,0.2108
CAM_EVT_00771,SGR_ZONE_071,CAM_071_03,2026-08-21 15:06:31,15,Animal/False Alarm,0.9762,0.7659
CAM_EVT_00772,SGR_ZONE_147,CAM_147_02,2026-08-21 05:21:31,5,Human,0.79,0.5775
CAM_EVT_00773,SGR_ZONE_105,CAM_105_01,2026-08-21 17:05:44,17,Human,0.8586,0.2656
CAM_EVT_00774,SGR_ZONE_097,CAM_097_03,2026-08-21 00:14:35,0,Animal/False Alarm,0.7609,0.3957
CAM_EVT_00775,SGR_ZONE_109,CAM_109_03,2026-08-21 22:57:32,22,Human,0.9749,0.3059
CAM_EVT_00776,SGR_ZONE_080,CAM_080_03,2026-08-21 02:14:02,2,Vehicle,0.8385,0.5586
CAM_EVT_00777,SGR_ZONE_087,CAM_087_01,2026-08-21 02:57:31,2,Human,0.972,0.8882
CAM_EVT_00778,SGR_ZONE_031,CAM_031_02,2026-08-21 19:31:05,19,Animal/False Alarm,0.9379,0.6214
CAM_EVT_00779,SGR_ZONE_103,CAM_103_02,2026-08-21 16:32:09,16,Human,0.873,0.8108
CAM_EVT_00780,SGR_ZONE_115,CAM_115_03,2026-08-21 15:40:31,15,Vehicle,0.8637,0.8997
CAM_EVT_00781,SGR_ZONE_015,CAM_015_02,2026-08-21 17:57:01,17,Animal/False Alarm,0.7592,0.5518
CAM_EVT_00782,SGR_ZONE_127,CAM_127_02,2026-08-21 21:25:32,21,Animal/False Alarm,0.7994,0.7129
CAM_EVT_00783,SGR_ZONE_074,CAM_074_01,2026-08-21 12:23:39,12,Vehicle,0.7698,0.4901
CAM_EVT_00784,SGR_ZONE_110,CAM_110_01,2026-08-21 23:08:03,23,Human,0.9641,0.2045
CAM_EVT_00785,SGR_ZONE_081,CAM_081_01,2026-08-21 10:20:20,10,Human,0.9801,0.3543
CAM_EVT_00786,SGR_ZONE_146,CAM_146_03,2026-08-21 09:47:19,9,Human,0.7235,0.8575
CAM_EVT_00787,SGR_ZONE_101,CAM_101_01,2026-08-21 03:17:58,3,Human,0.8079,0.7699
CAM_EVT_00788,SGR_ZONE_148,CAM_148_03,2026-08-21 14:27:36,14,Animal/False Alarm,0.7144,0.3928
CAM_EVT_00789,SGR_ZONE_019,CAM_019_02,2026-08-21 16:17:31,16,Animal/False Alarm,0.8229,0.4566
CAM_EVT_00790,SGR_ZONE_131,CAM_131_02,2026-08-21 11:48:55,11,Animal/False Alarm,0.8605,0.4244
CAM_EVT_00791,SGR_ZONE_063,CAM_063_03,2026-08-21 19:35:52,19,Human,0.9461,0.4724
CAM_EVT_00792,SGR_ZONE_118,CAM_118_03,2026-08-21 21:00:48,21,Human,0.8579,0.2308
CAM_EVT_00793,SGR_ZONE_025,CAM_025_02,2026-08-21 06:27:05,6,Human,0.8124,0.6376
CAM_EVT_00794,SGR_ZONE_144,CAM_144_03,2026-08-21 06:32:25,6,Vehicle,0.8583,0.353
CAM_EVT_00795,SGR_ZONE_121,CAM_121_01,2026-08-21 10:01:13,10,Human,0.7308,0.5985
CAM_EVT_00796,SGR_ZONE_108,CAM_108_02,2026-08-21 13:23:33,13,Human,0.979,0.6017
CAM_EVT_00797,SGR_ZONE_026,CAM_026_01,2026-08-21 08:22:14,8,Human,0.7003,0.2294
CAM_EVT_00798,SGR_ZONE_023,CAM_023_01,2026-08-21 13:02:54,13,Animal/False Alarm,0.8597,0.3149
CAM_EVT_00799,SGR_ZONE_012,CAM_012_02,2026-08-21 11:45:05,11,Animal/False Alarm,0.8213,0.4321
CAM_EVT_00800,SGR_ZONE_100,CAM_100_02,2026-08-21 20:50:39,20,Human,0.9442,0.6606
CAM_EVT_00801,SGR_ZONE_071,CAM_071_03,2026-08-21 15:06:58,15,Human,0.9522,0.2661
CAM_EVT_00802,SGR_ZONE_069,CAM_069_03,2026-08-21 20:36:08,20,Human,0.94,0.7549
CAM_EVT_00803,SGR_ZONE_015,CAM_015_03,2026-08-21 20:56:10,20,Human,0.7614,0.2311
CAM_EVT_00804,SGR_ZONE_072,CAM_072_02,2026-08-21 13:09:11,13,Vehicle,0.8263,0.9148
CAM_EVT_00805,SGR_ZONE_038,CAM_038_03,2026-08-21 16:02:30,16,Human,0.7153,0.7446
CAM_EVT_00806,SGR_ZONE_115,CAM_115_01,2026-08-21 09:20:21,9,Vehicle,0.8742,0.3247
CAM_EVT_00807,SGR_ZONE_121,CAM_121_02,2026-08-21 01:05:07,1,Vehicle,0.9676,0.7717
CAM_EVT_00808,SGR_ZONE_125,CAM_125_03,2026-08-21 01:07:57,1,Vehicle,0.7072,0.3866
CAM_EVT_00809,SGR_ZONE_139,CAM_139_01,2026-08-21 03:28:41,3,Vehicle,0.9358,0.3931
CAM_EVT_00810,SGR_ZONE_014,CAM_014_02,2026-08-21 06:19:23,6,Vehicle,0.9335,0.3026
CAM_EVT_00811,SGR_ZONE_087,CAM_087_03,2026-08-21 11:21:43,11,Human,0.9102,0.8273
CAM_EVT_00812,SGR_ZONE_074,CAM_074_03,2026-08-21 05:23:50,5,Human,0.7144,0.6676
CAM_EVT_00813,SGR_ZONE_010,CAM_010_01,2026-08-21 23:32:58,23,Vehicle,0.8781,0.3775
CAM_EVT_00814,SGR_ZONE_018,CAM_018_01,2026-08-21 09:45:56,9,Vehicle,0.9452,0.2857
CAM_EVT_00815,SGR_ZONE_032,CAM_032_02,2026-08-21 19:39:22,19,Vehicle,0.7346,0.2273
CAM_EVT_00816,SGR_ZONE_031,CAM_031_03,2026-08-21 00:36:33,0,Human,0.9448,0.3968
CAM_EVT_00817,SGR_ZONE_084,CAM_084_03,2026-08-21 23:07:29,23,Animal/False Alarm,0.8004,0.6903
CAM_EVT_00818,SGR_ZONE_053,CAM_053_02,2026-08-21 03:32:46,3,Human,0.988,0.8514
CAM_EVT_00819,SGR_ZONE_013,CAM_013_01,2026-08-21 18:57:22,18,Human,0.8829,0.5417
CAM_EVT_00820,SGR_ZONE_054,CAM_054_01,2026-08-21 17:56:47,17,Human,0.8215,0.285
CAM_EVT_00821,SGR_ZONE_005,CAM_005_02,2026-08-21 07:58:57,7,Vehicle,0.7724,0.4575
CAM_EVT_00822,SGR_ZONE_076,CAM_076_02,2026-08-21 21:11:01,21,Human,0.9795,0.4827
CAM_EVT_00823,SGR_ZONE_127,CAM_127_01,2026-08-21 22:39:59,22,Human,0.9468,0.4594
CAM_EVT_00824,SGR_ZONE_073,CAM_073_03,2026-08-21 12:40:52,12,Animal/False Alarm,0.8881,0.8744
CAM_EVT_00825,SGR_ZONE_110,CAM_110_02,2026-08-21 02:14:47,2,Animal/False Alarm,0.8381,0.7023
CAM_EVT_00826,SGR_ZONE_085,CAM_085_02,2026-08-21 04:22:28,4,Vehicle,0.7655,0.6625
CAM_EVT_00827,SGR_ZONE_085,CAM_085_01,2026-08-21 22:58:15,22,Human,0.9855,0.3568
CAM_EVT_00828,SGR_ZONE_068,CAM_068_03,2026-08-21 04:47:32,4,Human,0.71,0.5344
CAM_EVT_00829,SGR_ZONE_009,CAM_009_01,2026-08-21 04:33:45,4,Animal/False Alarm,0.8125,0.8222
CAM_EVT_00830,SGR_ZONE_077,CAM_077_03,2026-08-21 09:37:03,9,Animal/False Alarm,0.8962,0.4726
CAM_EVT_00831,SGR_ZONE_033,CAM_033_03,2026-08-21 09:42:56,9,Vehicle,0.9219,0.8971
CAM_EVT_00832,SGR_ZONE_143,CAM_143_02,2026-08-21 09:11:53,9,Human,0.8157,0.3817
CAM_EVT_00833,SGR_ZONE_004,CAM_004_03,2026-08-21 11:33:35,11,Vehicle,0.9081,0.9325
CAM_EVT_00834,SGR_ZONE_101,CAM_101_03,2026-08-21 22:33:40,22,Vehicle,0.9466,0.7557
CAM_EVT_00835,SGR_ZONE_004,CAM_004_01,2026-08-21 09:15:11,9,Vehicle,0.8289,0.7568
CAM_EVT_00836,SGR_ZONE_116,CAM_116_01,2026-08-21 16:47:58,16,Human,0.8071,0.6978
CAM_EVT_00837,SGR_ZONE_091,CAM_091_03,2026-08-21 05:22:21,5,Vehicle,0.8955,0.2125
CAM_EVT_00838,SGR_ZONE_132,CAM_132_01,2026-08-21 16:23:39,16,Human,0.8697,0.3923
CAM_EVT_00839,SGR_ZONE_126,CAM_126_03,2026-08-21 10:33:54,10,Vehicle,0.9176,0.433
CAM_EVT_00840,SGR_ZONE_124,CAM_124_02,2026-08-21 03:15:29,3,Vehicle,0.9314,0.8483
CAM_EVT_00841,SGR_ZONE_113,CAM_113_02,2026-08-21 11:54:20,11,Animal/False Alarm,0.9891,0.5201
CAM_EVT_00842,SGR_ZONE_056,CAM_056_03,2026-08-21 19:14:22,19,Animal/False Alarm,0.764,0.3188
CAM_EVT_00843,SGR_ZONE_016,CAM_016_01,2026-08-21 18:29:44,18,Human,0.8458,0.8296
CAM_EVT_00844,SGR_ZONE_146,CAM_146_02,2026-08-21 12:43:06,12,Human,0.7864,0.785
CAM_EVT_00845,SGR_ZONE_117,CAM_117_03,2026-08-21 09:40:12,9,Animal/False Alarm,0.7995,0.9411
CAM_EVT_00846,SGR_ZONE_122,CAM_122_02,2026-08-21 20:07:00,20,Human,0.802,0.7292
CAM_EVT_00847,SGR_ZONE_092,CAM_092_01,2026-08-21 08:16:04,8,Human,0.7534,0.2295
CAM_EVT_00848,SGR_ZONE_058,CAM_058_01,2026-08-21 10:18:35,10,Human,0.8202,0.9019
CAM_EVT_00849,SGR_ZONE_050,CAM_050_01,2026-08-21 10:48:35,10,Human,0.8768,0.6263
CAM_EVT_00850,SGR_ZONE_122,CAM_122_02,2026-08-21 20:27:15,20,Vehicle,0.9636,0.7889
CAM_EVT_00851,SGR_ZONE_056,CAM_056_02,2026-08-21 04:55:20,4,Vehicle,0.8313,0.409
CAM_EVT_00852,SGR_ZONE_018,CAM_018_03,2026-08-21 00:44:02,0,Human,0.7809,0.5037
CAM_EVT_00853,SGR_ZONE_021,CAM_021_03,2026-08-21 05:44:54,5,Human,0.7448,0.5297
CAM_EVT_00854,SGR_ZONE_109,CAM_109_02,2026-08-21 18:52:12,18,Human,0.9803,0.9085
CAM_EVT_00855,SGR_ZONE_087,CAM_087_01,2026-08-21 06:53:41,6,Human,0.9351,0.9113
CAM_EVT_00856,SGR_ZONE_042,CAM_042_03,2026-08-21 03:18:16,3,Vehicle,0.7041,0.3932
CAM_EVT_00857,SGR_ZONE_069,CAM_069_03,2026-08-21 06:35:39,6,Animal/False Alarm,0.9772,0.3775
CAM_EVT_00858,SGR_ZONE_132,CAM_132_02,2026-08-21 08:03:50,8,Human,0.7167,0.8338
CAM_EVT_00859,SGR_ZONE_014,CAM_014_01,2026-08-21 16:29:23,16,Vehicle,0.9872,0.6585
CAM_EVT_00860,SGR_ZONE_099,CAM_099_03,2026-08-21 14:27:23,14,Human,0.8006,0.5239
CAM_EVT_00861,SGR_ZONE_027,CAM_027_03,2026-08-21 12:00:09,12,Human,0.9046,0.3406
CAM_EVT_00862,SGR_ZONE_047,CAM_047_03,2026-08-21 17:47:45,17,Human,0.888,0.5833
CAM_EVT_00863,SGR_ZONE_027,CAM_027_02,2026-08-21 07:53:30,7,Vehicle,0.953,0.3831
CAM_EVT_00864,SGR_ZONE_071,CAM_071_02,2026-08-21 08:45:07,8,Human,0.7761,0.6359
CAM_EVT_00865,SGR_ZONE_035,CAM_035_02,2026-08-21 19:24:27,19,Human,0.8009,0.8717
CAM_EVT_00866,SGR_ZONE_150,CAM_150_03,2026-08-21 03:14:23,3,Human,0.9136,0.2387
CAM_EVT_00867,SGR_ZONE_001,CAM_001_03,2026-08-21 17:41:37,17,Human,0.8424,0.4406
CAM_EVT_00868,SGR_ZONE_124,CAM_124_03,2026-08-21 16:03:06,16,Human,0.829,0.6324
CAM_EVT_00869,SGR_ZONE_062,CAM_062_01,2026-08-21 22:33:05,22,Vehicle,0.8761,0.2664
CAM_EVT_00870,SGR_ZONE_045,CAM_045_02,2026-08-21 05:49:36,5,Human,0.8147,0.7154
CAM_EVT_00871,SGR_ZONE_003,CAM_003_02,2026-08-21 15:16:06,15,Vehicle,0.7345,0.2517
CAM_EVT_00872,SGR_ZONE_013,CAM_013_02,2026-08-21 05:18:04,5,Human,0.784,0.3791
CAM_EVT_00873,SGR_ZONE_137,CAM_137_03,2026-08-21 23:58:34,23,Vehicle,0.7404,0.8497
CAM_EVT_00874,SGR_ZONE_003,CAM_003_01,2026-08-21 23:43:24,23,Human,0.9078,0.469
CAM_EVT_00875,SGR_ZONE_040,CAM_040_01,2026-08-21 16:35:39,16,Animal/False Alarm,0.945,0.4698
CAM_EVT_00876,SGR_ZONE_099,CAM_099_01,2026-08-21 19:27:42,19,Vehicle,0.7028,0.5069
CAM_EVT_00877,SGR_ZONE_022,CAM_022_03,2026-08-21 11:23:04,11,Human,0.95,0.8121
CAM_EVT_00878,SGR_ZONE_084,CAM_084_03,2026-08-21 11:12:55,11,Animal/False Alarm,0.7653,0.6967
CAM_EVT_00879,SGR_ZONE_097,CAM_097_01,2026-08-21 02:55:04,2,Vehicle,0.8648,0.406
CAM_EVT_00880,SGR_ZONE_011,CAM_011_02,2026-08-21 01:02:07,1,Animal/False Alarm,0.8651,0.6738
CAM_EVT_00881,SGR_ZONE_031,CAM_031_03,2026-08-21 19:56:33,19,Human,0.786,0.8972
CAM_EVT_00882,SGR_ZONE_140,CAM_140_03,2026-08-21 22:26:45,22,Human,0.832,0.3227
CAM_EVT_00883,SGR_ZONE_070,CAM_070_02,2026-08-21 16:28:07,16,Animal/False Alarm,0.9227,0.2855
CAM_EVT_00884,SGR_ZONE_049,CAM_049_01,2026-08-21 05:53:52,5,Vehicle,0.8533,0.2258
CAM_EVT_00885,SGR_ZONE_037,CAM_037_02,2026-08-21 15:43:17,15,Vehicle,0.786,0.3988
CAM_EVT_00886,SGR_ZONE_087,CAM_087_01,2026-08-21 01:29:12,1,Human,0.8697,0.5664
CAM_EVT_00887,SGR_ZONE_059,CAM_059_01,2026-08-21 23:26:29,23,Vehicle,0.9517,0.8211
CAM_EVT_00888,SGR_ZONE_058,CAM_058_01,2026-08-21 20:58:37,20,Human,0.7747,0.3017
CAM_EVT_00889,SGR_ZONE_053,CAM_053_03,2026-08-21 21:57:50,21,Vehicle,0.847,0.6291
CAM_EVT_00890,SGR_ZONE_039,CAM_039_02,2026-08-21 00:37:57,0,Human,0.7809,0.898
CAM_EVT_00891,SGR_ZONE_021,CAM_021_03,2026-08-21 10:46:17,10,Animal/False Alarm,0.9829,0.249
CAM_EVT_00892,SGR_ZONE_123,CAM_123_01,2026-08-21 00:24:42,0,Vehicle,0.8564,0.3913
CAM_EVT_00893,SGR_ZONE_084,CAM_084_03,2026-08-21 09:04:08,9,Human,0.7281,0.2482
CAM_EVT_00894,SGR_ZONE_002,CAM_002_02,2026-08-21 11:35:53,11,Vehicle,0.9693,0.6808
CAM_EVT_00895,SGR_ZONE_085,CAM_085_01,2026-08-21 04:45:25,4,Human,0.965,0.9358
CAM_EVT_00896,SGR_ZONE_090,CAM_090_02,2026-08-21 14:58:15,14,Human,0.7166,0.4573
CAM_EVT_00897,SGR_ZONE_001,CAM_001_01,2026-08-21 15:54:42,15,Human,0.9076,0.9296
CAM_EVT_00898,SGR_ZONE_149,CAM_149_02,2026-08-21 05:45:24,5,Vehicle,0.9382,0.3835
CAM_EVT_00899,SGR_ZONE_139,CAM_139_01,2026-08-21 18:53:20,18,Vehicle,0.7558,0.2764
CAM_EVT_00900,SGR_ZONE_020,CAM_020_02,2026-08-21 08:14:29,8,Vehicle,0.8832,0.5953
CAM_EVT_00901,SGR_ZONE_138,CAM_138_01,2026-08-21 04:21:06,4,Vehicle,0.9522,0.3421
CAM_EVT_00902,SGR_ZONE_093,CAM_093_02,2026-08-21 00:56:08,0,Human,0.8661,0.8146
CAM_EVT_00903,SGR_ZONE_091,CAM_091_01,2026-08-21 07:22:28,7,Human,0.9132,0.6692
CAM_EVT_00904,SGR_ZONE_133,CAM_133_02,2026-08-21 13:01:24,13,Human,0.8022,0.2946
CAM_EVT_00905,SGR_ZONE_073,CAM_073_01,2026-08-21 21:02:05,21,Vehicle,0.7224,0.5846
CAM_EVT_00906,SGR_ZONE_125,CAM_125_02,2026-08-21 22:01:11,22,Vehicle,0.9266,0.7275
CAM_EVT_00907,SGR_ZONE_150,CAM_150_01,2026-08-21 00:16:58,0,Vehicle,0.9756,0.425
CAM_EVT_00908,SGR_ZONE_129,CAM_129_01,2026-08-21 13:54:10,13,Human,0.8681,0.3249
CAM_EVT_00909,SGR_ZONE_045,CAM_045_02,2026-08-21 23:27:35,23,Vehicle,0.7042,0.8909
CAM_EVT_00910,SGR_ZONE_016,CAM_016_03,2026-08-21 01:10:00,1,Vehicle,0.7675,0.3176
CAM_EVT_00911,SGR_ZONE_079,CAM_079_02,2026-08-21 09:10:17,9,Human,0.8299,0.5041
CAM_EVT_00912,SGR_ZONE_103,CAM_103_01,2026-08-21 02:11:06,2,Human,0.8637,0.3892
CAM_EVT_00913,SGR_ZONE_049,CAM_049_02,2026-08-21 06:31:03,6,Human,0.9747,0.3542
CAM_EVT_00914,SGR_ZONE_020,CAM_020_02,2026-08-21 23:34:47,23,Vehicle,0.7552,0.5907
CAM_EVT_00915,SGR_ZONE_030,CAM_030_02,2026-08-21 18:00:04,18,Human,0.8666,0.5861
CAM_EVT_00916,SGR_ZONE_128,CAM_128_03,2026-08-21 20:35:35,20,Human,0.8866,0.3479
CAM_EVT_00917,SGR_ZONE_068,CAM_068_01,2026-08-21 01:20:35,1,Human,0.7361,0.4744
CAM_EVT_00918,SGR_ZONE_128,CAM_128_03,2026-08-21 16:15:59,16,Human,0.7298,0.3291
CAM_EVT_00919,SGR_ZONE_073,CAM_073_03,2026-08-21 13:13:58,13,Animal/False Alarm,0.7474,0.7188
CAM_EVT_00920,SGR_ZONE_097,CAM_097_03,2026-08-21 01:50:40,1,Human,0.7382,0.8653
CAM_EVT_00921,SGR_ZONE_123,CAM_123_01,2026-08-21 13:54:11,13,Animal/False Alarm,0.83,0.5669
CAM_EVT_00922,SGR_ZONE_099,CAM_099_01,2026-08-21 16:04:44,16,Vehicle,0.9715,0.9056
CAM_EVT_00923,SGR_ZONE_106,CAM_106_01,2026-08-21 17:13:24,17,Vehicle,0.8375,0.8568
CAM_EVT_00924,SGR_ZONE_143,CAM_143_02,2026-08-21 17:49:56,17,Vehicle,0.7082,0.4815
CAM_EVT_00925,SGR_ZONE_075,CAM_075_02,2026-08-21 05:44:41,5,Animal/False Alarm,0.9519,0.3305
CAM_EVT_00926,SGR_ZONE_020,CAM_020_02,2026-08-21 22:13:32,22,Human,0.9336,0.2576
CAM_EVT_00927,SGR_ZONE_092,CAM_092_01,2026-08-21 04:30:44,4,Human,0.9233,0.6726
CAM_EVT_00928,SGR_ZONE_137,CAM_137_02,2026-08-21 11:28:02,11,Human,0.7868,0.2751
CAM_EVT_00929,SGR_ZONE_030,CAM_030_01,2026-08-21 18:12:38,18,Human,0.9846,0.6723
CAM_EVT_00930,SGR_ZONE_044,CAM_044_03,2026-08-21 08:43:30,8,Animal/False Alarm,0.7816,0.2526
CAM_EVT_00931,SGR_ZONE_047,CAM_047_02,2026-08-21 09:43:09,9,Human,0.7887,0.5624
CAM_EVT_00932,SGR_ZONE_056,CAM_056_03,2026-08-21 05:53:54,5,Human,0.9183,0.575
CAM_EVT_00933,SGR_ZONE_067,CAM_067_01,2026-08-21 05:42:59,5,Human,0.8841,0.8442
CAM_EVT_00934,SGR_ZONE_049,CAM_049_02,2026-08-21 01:25:17,1,Animal/False Alarm,0.9073,0.3866
CAM_EVT_00935,SGR_ZONE_085,CAM_085_02,2026-08-21 10:59:29,10,Vehicle,0.7804,0.5373
CAM_EVT_00936,SGR_ZONE_008,CAM_008_02,2026-08-21 18:04:10,18,Human,0.9783,0.8387
CAM_EVT_00937,SGR_ZONE_128,CAM_128_03,2026-08-21 18:49:41,18,Human,0.7058,0.64
CAM_EVT_00938,SGR_ZONE_033,CAM_033_03,2026-08-21 06:25:31,6,Animal/False Alarm,0.7781,0.9367
CAM_EVT_00939,SGR_ZONE_012,CAM_012_01,2026-08-21 04:21:14,4,Human,0.7201,0.6337
CAM_EVT_00940,SGR_ZONE_013,CAM_013_01,2026-08-21 20:29:25,20,Vehicle,0.7153,0.7259
CAM_EVT_00941,SGR_ZONE_144,CAM_144_01,2026-08-21 05:01:48,5,Animal/False Alarm,0.8393,0.5644
CAM_EVT_00942,SGR_ZONE_134,CAM_134_02,2026-08-21 08:07:27,8,Animal/False Alarm,0.7002,0.6456
CAM_EVT_00943,SGR_ZONE_074,CAM_074_01,2026-08-21 21:53:05,21,Vehicle,0.7713,0.8861
CAM_EVT_00944,SGR_ZONE_026,CAM_026_03,2026-08-21 15:06:39,15,Animal/False Alarm,0.8848,0.874
CAM_EVT_00945,SGR_ZONE_089,CAM_089_01,2026-08-21 08:14:51,8,Vehicle,0.7527,0.4268
CAM_EVT_00946,SGR_ZONE_130,CAM_130_01,2026-08-21 05:02:41,5,Animal/False Alarm,0.906,0.5142
CAM_EVT_00947,SGR_ZONE_120,CAM_120_03,2026-08-21 02:17:38,2,Vehicle,0.7828,0.6394
CAM_EVT_00948,SGR_ZONE_073,CAM_073_01,2026-08-21 00:26:27,0,Animal/False Alarm,0.7839,0.5597
CAM_EVT_00949,SGR_ZONE_063,CAM_063_01,2026-08-21 12:15:47,12,Animal/False Alarm,0.7228,0.4482
CAM_EVT_00950,SGR_ZONE_024,CAM_024_03,2026-08-21 02:47:53,2,Vehicle,0.9888,0.8004
CAM_EVT_00951,SGR_ZONE_143,CAM_143_03,2026-08-21 18:01:23,18,Human,0.7057,0.8595
CAM_EVT_00952,SGR_ZONE_066,CAM_066_02,2026-08-21 13:24:47,13,Animal/False Alarm,0.8183,0.9352
CAM_EVT_00953,SGR_ZONE_065,CAM_065_01,2026-08-21 22:20:56,22,Vehicle,0.7896,0.4765
CAM_EVT_00954,SGR_ZONE_065,CAM_065_01,2026-08-21 11:35:27,11,Animal/False Alarm,0.7404,0.5902
CAM_EVT_00955,SGR_ZONE_017,CAM_017_03,2026-08-21 06:11:01,6,Vehicle,0.799,0.3617
CAM_EVT_00956,SGR_ZONE_046,CAM_046_02,2026-08-21 04:34:26,4,Animal/False Alarm,0.7429,0.9057
CAM_EVT_00957,SGR_ZONE_094,CAM_094_02,2026-08-21 22:56:01,22,Human,0.9785,0.2334
CAM_EVT_00958,SGR_ZONE_105,CAM_105_03,2026-08-21 04:51:44,4,Animal/False Alarm,0.8931,0.817
CAM_EVT_00959,SGR_ZONE_085,CAM_085_01,2026-08-21 01:56:31,1,Vehicle,0.9373,0.7005
CAM_EVT_00960,SGR_ZONE_026,CAM_026_02,2026-08-21 04:12:18,4,Human,0.9376,0.6024
CAM_EVT_00961,SGR_ZONE_140,CAM_140_01,2026-08-21 01:21:38,1,Human,0.8865,0.7719
CAM_EVT_00962,SGR_ZONE_131,CAM_131_01,2026-08-21 00:07:23,0,Animal/False Alarm,0.7599,0.7513
CAM_EVT_00963,SGR_ZONE_016,CAM_016_02,2026-08-21 13:31:23,13,Human,0.7861,0.2005
CAM_EVT_00964,SGR_ZONE_112,CAM_112_03,2026-08-21 17:12:59,17,Human,0.7295,0.2119
CAM_EVT_00965,SGR_ZONE_015,CAM_015_01,2026-08-21 23:17:48,23,Vehicle,0.7683,0.7352
CAM_EVT_00966,SGR_ZONE_146,CAM_146_03,2026-08-21 02:25:17,2,Human,0.7129,0.4169
CAM_EVT_00967,SGR_ZONE_029,CAM_029_03,2026-08-21 20:16:22,20,Animal/False Alarm,0.8686,0.2592
CAM_EVT_00968,SGR_ZONE_057,CAM_057_03,2026-08-21 18:52:38,18,Animal/False Alarm,0.8553,0.4956
CAM_EVT_00969,SGR_ZONE_077,CAM_077_02,2026-08-21 17:08:32,17,Vehicle,0.9456,0.824
CAM_EVT_00970,SGR_ZONE_017,CAM_017_03,2026-08-21 19:24:03,19,Human,0.9302,0.5649
CAM_EVT_00971,SGR_ZONE_074,CAM_074_02,2026-08-21 16:15:06,16,Vehicle,0.7308,0.7838
CAM_EVT_00972,SGR_ZONE_016,CAM_016_03,2026-08-21 16:20:49,16,Vehicle,0.86,0.4674
CAM_EVT_00973,SGR_ZONE_017,CAM_017_01,2026-08-21 08:27:52,8,Vehicle,0.78,0.7483
CAM_EVT_00974,SGR_ZONE_061,CAM_061_02,2026-08-21 00:36:05,0,Human,0.925,0.454
CAM_EVT_00975,SGR_ZONE_045,CAM_045_02,2026-08-21 21:06:45,21,Vehicle,0.8342,0.8137
CAM_EVT_00976,SGR_ZONE_122,CAM_122_03,2026-08-21 16:13:39,16,Human,0.9627,0.295
CAM_EVT_00977,SGR_ZONE_024,CAM_024_01,2026-08-21 19:17:45,19,Vehicle,0.9131,0.4411
CAM_EVT_00978,SGR_ZONE_146,CAM_146_01,2026-08-21 19:53:41,19,Vehicle,0.8911,0.9418
CAM_EVT_00979,SGR_ZONE_086,CAM_086_03,2026-08-21 10:30:48,10,Human,0.7319,0.4875
CAM_EVT_00980,SGR_ZONE_100,CAM_100_02,2026-08-21 04:36:14,4,Human,0.7439,0.4135
CAM_EVT_00981,SGR_ZONE_029,CAM_029_02,2026-08-21 19:03:21,19,Human,0.7909,0.6654
CAM_EVT_00982,SGR_ZONE_050,CAM_050_02,2026-08-21 23:01:58,23,Vehicle,0.9325,0.5498
CAM_EVT_00983,SGR_ZONE_136,CAM_136_01,2026-08-21 13:53:09,13,Human,0.9194,0.2714
CAM_EVT_00984,SGR_ZONE_137,CAM_137_03,2026-08-21 06:13:55,6,Human,0.8951,0.33
CAM_EVT_00985,SGR_ZONE_075,CAM_075_03,2026-08-21 15:21:20,15,Human,0.9162,0.9467
CAM_EVT_00986,SGR_ZONE_116,CAM_116_02,2026-08-21 07:08:56,7,Vehicle,0.9577,0.2463
CAM_EVT_00987,SGR_ZONE_115,CAM_115_03,2026-08-21 18:48:16,18,Human,0.7412,0.2396
CAM_EVT_00988,SGR_ZONE_043,CAM_043_03,2026-08-21 03:11:44,3,Vehicle,0.8528,0.6212
CAM_EVT_00989,SGR_ZONE_066,CAM_066_02,2026-08-21 13:43:29,13,Vehicle,0.8472,0.5743
CAM_EVT_00990,SGR_ZONE_070,CAM_070_03,2026-08-21 23:23:37,23,Human,0.7745,0.2694
CAM_EVT_00991,SGR_ZONE_034,CAM_034_03,2026-08-21 17:43:11,17,Human,0.8852,0.3059
CAM_EVT_00992,SGR_ZONE_057,CAM_057_03,2026-08-21 01:10:21,1,Human,0.904,0.5019
CAM_EVT_00993,SGR_ZONE_116,CAM_116_01,2026-08-21 23:07:41,23,Animal/False Alarm,0.8403,0.4367
CAM_EVT_00994,SGR_ZONE_118,CAM_118_01,2026-08-21 00:48:33,0,Vehicle,0.7706,0.8987
CAM_EVT_00995,SGR_ZONE_030,CAM_030_03,2026-08-21 06:39:27,6,Vehicle,0.7044,0.7854
CAM_EVT_00996,SGR_ZONE_103,CAM_103_03,2026-08-21 17:43:47,17,Vehicle,0.7352,0.9395
CAM_EVT_00997,SGR_ZONE_007,CAM_007_02,2026-08-21 09:57:19,9,Animal/False Alarm,0.8607,0.3309
CAM_EVT_00998,SGR_ZONE_083,CAM_083_03,2026-08-21 06:45:33,6,Human,0.8133,0.6994
CAM_EVT_00999,SGR_ZONE_106,CAM_106_03,2026-08-21 15:44:41,15,Vehicle,0.9195,0.655
CAM_EVT_01000,SGR_ZONE_025,CAM_025_02,2026-08-21 15:26:39,15,Human,0.8345,0.3305
CAM_EVT_01001,SGR_ZONE_074,CAM_074_03,2026-08-21 14:13:32,14,Human,0.7108,0.8882
CAM_EVT_01002,SGR_ZONE_138,CAM_138_03,2026-08-21 10:47:01,10,Animal/False Alarm,0.7454,0.9311
CAM_EVT_01003,SGR_ZONE_054,CAM_054_02,2026-08-21 01:08:46,1,Human,0.7879,0.6787
CAM_EVT_01004,SGR_ZONE_002,CAM_002_01,2026-08-21 04:53:59,4,Vehicle,0.8714,0.6895
CAM_EVT_01005,SGR_ZONE_097,CAM_097_03,2026-08-21 00:42:51,0,Animal/False Alarm,0.8569,0.8029
CAM_EVT_01006,SGR_ZONE_033,CAM_033_02,2026-08-21 09:33:08,9,Vehicle,0.9516,0.5241
CAM_EVT_01007,SGR_ZONE_120,CAM_120_03,2026-08-21 19:49:24,19,Human,0.976,0.4398
CAM_EVT_01008,SGR_ZONE_067,CAM_067_02,2026-08-21 10:47:07,10,Human,0.9101,0.4336
CAM_EVT_01009,SGR_ZONE_039,CAM_039_03,2026-08-21 04:26:27,4,Vehicle,0.7474,0.6242
CAM_EVT_01010,SGR_ZONE_040,CAM_040_02,2026-08-21 14:45:51,14,Vehicle,0.9346,0.4713
CAM_EVT_01011,SGR_ZONE_118,CAM_118_01,2026-08-21 20:57:20,20,Human,0.9707,0.7427
CAM_EVT_01012,SGR_ZONE_010,CAM_010_02,2026-08-21 14:45:07,14,Vehicle,0.8478,0.6093
CAM_EVT_01013,SGR_ZONE_010,CAM_010_01,2026-08-21 16:48:24,16,Animal/False Alarm,0.8185,0.55
CAM_EVT_01014,SGR_ZONE_011,CAM_011_02,2026-08-21 06:55:39,6,Vehicle,0.8475,0.3823
CAM_EVT_01015,SGR_ZONE_129,CAM_129_02,2026-08-21 12:51:30,12,Vehicle,0.783,0.3856
CAM_EVT_01016,SGR_ZONE_102,CAM_102_03,2026-08-21 10:55:32,10,Animal/False Alarm,0.9393,0.8512
CAM_EVT_01017,SGR_ZONE_058,CAM_058_01,2026-08-21 22:38:41,22,Animal/False Alarm,0.7508,0.2076
CAM_EVT_01018,SGR_ZONE_062,CAM_062_02,2026-08-21 22:54:35,22,Vehicle,0.8329,0.9088
CAM_EVT_01019,SGR_ZONE_089,CAM_089_01,2026-08-21 14:30:39,14,Vehicle,0.8825,0.3927
CAM_EVT_01020,SGR_ZONE_033,CAM_033_02,2026-08-21 15:13:26,15,Vehicle,0.7981,0.9016
CAM_EVT_01021,SGR_ZONE_077,CAM_077_03,2026-08-21 10:53:04,10,Vehicle,0.94,0.9259
CAM_EVT_01022,SGR_ZONE_141,CAM_141_03,2026-08-21 05:31:02,5,Human,0.7715,0.5447
CAM_EVT_01023,SGR_ZONE_062,CAM_062_01,2026-08-21 07:16:51,7,Human,0.9416,0.5201
CAM_EVT_01024,SGR_ZONE_091,CAM_091_01,2026-08-21 15:07:22,15,Vehicle,0.9873,0.4084
CAM_EVT_01025,SGR_ZONE_106,CAM_106_01,2026-08-21 19:15:16,19,Vehicle,0.9559,0.3526
CAM_EVT_01026,SGR_ZONE_019,CAM_019_02,2026-08-21 11:59:11,11,Human,0.7868,0.7611
CAM_EVT_01027,SGR_ZONE_145,CAM_145_03,2026-08-21 06:17:14,6,Human,0.8232,0.4892
CAM_EVT_01028,SGR_ZONE_006,CAM_006_02,2026-08-21 23:53:56,23,Animal/False Alarm,0.7398,0.4523
CAM_EVT_01029,SGR_ZONE_062,CAM_062_01,2026-08-21 19:21:30,19,Animal/False Alarm,0.9224,0.4012
CAM_EVT_01030,SGR_ZONE_138,CAM_138_01,2026-08-21 04:22:08,4,Vehicle,0.9246,0.6216
CAM_EVT_01031,SGR_ZONE_058,CAM_058_03,2026-08-21 07:58:19,7,Animal/False Alarm,0.9053,0.7352
CAM_EVT_01032,SGR_ZONE_078,CAM_078_03,2026-08-21 00:30:58,0,Human,0.9898,0.6668
CAM_EVT_01033,SGR_ZONE_054,CAM_054_02,2026-08-21 22:45:55,22,Human,0.7275,0.2246
CAM_EVT_01034,SGR_ZONE_135,CAM_135_02,2026-08-21 01:48:43,1,Vehicle,0.8177,0.2308
CAM_EVT_01035,SGR_ZONE_128,CAM_128_02,2026-08-21 17:44:43,17,Animal/False Alarm,0.7777,0.8086
CAM_EVT_01036,SGR_ZONE_062,CAM_062_03,2026-08-21 10:37:05,10,Animal/False Alarm,0.9106,0.3648
CAM_EVT_01037,SGR_ZONE_123,CAM_123_01,2026-08-21 07:39:53,7,Vehicle,0.9682,0.5878
CAM_EVT_01038,SGR_ZONE_040,CAM_040_03,2026-08-21 14:05:15,14,Vehicle,0.8043,0.5044
CAM_EVT_01039,SGR_ZONE_146,CAM_146_03,2026-08-21 09:06:45,9,Human,0.9073,0.6528
CAM_EVT_01040,SGR_ZONE_055,CAM_055_01,2026-08-21 22:24:06,22,Human,0.8287,0.8685
CAM_EVT_01041,SGR_ZONE_127,CAM_127_02,2026-08-21 23:10:08,23,Vehicle,0.7583,0.26
CAM_EVT_01042,SGR_ZONE_012,CAM_012_03,2026-08-21 22:18:41,22,Animal/False Alarm,0.9237,0.8864
CAM_EVT_01043,SGR_ZONE_088,CAM_088_01,2026-08-21 12:30:01,12,Animal/False Alarm,0.9317,0.5814
CAM_EVT_01044,SGR_ZONE_103,CAM_103_03,2026-08-21 01:15:38,1,Vehicle,0.9138,0.6705
CAM_EVT_01045,SGR_ZONE_077,CAM_077_01,2026-08-21 05:07:12,5,Animal/False Alarm,0.7072,0.8264
CAM_EVT_01046,SGR_ZONE_041,CAM_041_02,2026-08-21 06:18:05,6,Human,0.7946,0.3653
CAM_EVT_01047,SGR_ZONE_107,CAM_107_01,2026-08-21 05:48:56,5,Human,0.9072,0.6676
CAM_EVT_01048,SGR_ZONE_061,CAM_061_02,2026-08-21 18:05:17,18,Vehicle,0.725,0.6194
CAM_EVT_01049,SGR_ZONE_010,CAM_010_03,2026-08-21 19:02:17,19,Human,0.8513,0.6392
CAM_EVT_01050,SGR_ZONE_031,CAM_031_03,2026-08-21 20:16:21,20,Vehicle,0.7005,0.4124
CAM_EVT_01051,SGR_ZONE_002,CAM_002_03,2026-08-21 20:12:53,20,Vehicle,0.7551,0.8141
CAM_EVT_01052,SGR_ZONE_089,CAM_089_02,2026-08-21 03:16:20,3,Vehicle,0.7017,0.2589
CAM_EVT_01053,SGR_ZONE_046,CAM_046_02,2026-08-21 23:02:24,23,Animal/False Alarm,0.7785,0.4779
CAM_EVT_01054,SGR_ZONE_019,CAM_019_01,2026-08-21 21:45:48,21,Animal/False Alarm,0.9534,0.5764
CAM_EVT_01055,SGR_ZONE_091,CAM_091_01,2026-08-21 13:23:02,13,Human,0.7554,0.7929
CAM_EVT_01056,SGR_ZONE_115,CAM_115_03,2026-08-21 11:27:43,11,Vehicle,0.8132,0.8818
CAM_EVT_01057,SGR_ZONE_145,CAM_145_01,2026-08-21 01:09:09,1,Vehicle,0.9739,0.3592
CAM_EVT_01058,SGR_ZONE_107,CAM_107_02,2026-08-21 12:36:05,12,Animal/False Alarm,0.9268,0.3465
CAM_EVT_01059,SGR_ZONE_065,CAM_065_02,2026-08-21 14:25:07,14,Vehicle,0.8922,0.6426
CAM_EVT_01060,SGR_ZONE_051,CAM_051_02,2026-08-21 13:35:57,13,Human,0.8407,0.6056
CAM_EVT_01061,SGR_ZONE_011,CAM_011_02,2026-08-21 00:12:17,0,Vehicle,0.8271,0.8133
CAM_EVT_01062,SGR_ZONE_058,CAM_058_01,2026-08-21 01:37:14,1,Animal/False Alarm,0.8703,0.2641
CAM_EVT_01063,SGR_ZONE_003,CAM_003_03,2026-08-21 14:44:51,14,Vehicle,0.9595,0.4008
CAM_EVT_01064,SGR_ZONE_092,CAM_092_02,2026-08-21 14:17:17,14,Human,0.9587,0.5232
CAM_EVT_01065,SGR_ZONE_116,CAM_116_01,2026-08-21 06:37:29,6,Human,0.7694,0.5135
CAM_EVT_01066,SGR_ZONE_042,CAM_042_01,2026-08-21 01:20:19,1,Human,0.866,0.5314
CAM_EVT_01067,SGR_ZONE_061,CAM_061_03,2026-08-21 19:17:00,19,Human,0.7211,0.8995
CAM_EVT_01068,SGR_ZONE_030,CAM_030_02,2026-08-21 23:59:30,23,Human,0.9342,0.3848
CAM_EVT_01069,SGR_ZONE_055,CAM_055_01,2026-08-21 01:15:37,1,Vehicle,0.8517,0.8559
CAM_EVT_01070,SGR_ZONE_065,CAM_065_01,2026-08-21 16:57:53,16,Vehicle,0.7051,0.5878
CAM_EVT_01071,SGR_ZONE_039,CAM_039_02,2026-08-21 09:13:11,9,Human,0.8576,0.2546
CAM_EVT_01072,SGR_ZONE_042,CAM_042_02,2026-08-21 00:55:57,0,Human,0.8399,0.7397
CAM_EVT_01073,SGR_ZONE_106,CAM_106_02,2026-08-21 08:21:33,8,Human,0.7072,0.2029
CAM_EVT_01074,SGR_ZONE_110,CAM_110_01,2026-08-21 07:44:03,7,Vehicle,0.7775,0.3834
CAM_EVT_01075,SGR_ZONE_137,CAM_137_01,2026-08-21 06:08:05,6,Human,0.7633,0.2978
CAM_EVT_01076,SGR_ZONE_048,CAM_048_02,2026-08-21 18:36:38,18,Human,0.8359,0.6435
CAM_EVT_01077,SGR_ZONE_125,CAM_125_01,2026-08-21 00:01:29,0,Vehicle,0.9281,0.213
CAM_EVT_01078,SGR_ZONE_020,CAM_020_02,2026-08-21 04:03:12,4,Human,0.8208,0.3163
CAM_EVT_01079,SGR_ZONE_089,CAM_089_01,2026-08-21 00:57:18,0,Human,0.7691,0.9038
CAM_EVT_01080,SGR_ZONE_028,CAM_028_03,2026-08-21 20:08:59,20,Animal/False Alarm,0.8384,0.9459
CAM_EVT_01081,SGR_ZONE_111,CAM_111_03,2026-08-21 08:22:06,8,Animal/False Alarm,0.9102,0.2856
CAM_EVT_01082,SGR_ZONE_056,CAM_056_03,2026-08-21 01:08:59,1,Animal/False Alarm,0.7509,0.3332
CAM_EVT_01083,SGR_ZONE_125,CAM_125_01,2026-08-21 01:40:28,1,Vehicle,0.8745,0.2484
CAM_EVT_01084,SGR_ZONE_014,CAM_014_01,2026-08-21 03:15:21,3,Animal/False Alarm,0.7952,0.2846
CAM_EVT_01085,SGR_ZONE_051,CAM_051_02,2026-08-21 09:38:17,9,Vehicle,0.8315,0.942
CAM_EVT_01086,SGR_ZONE_001,CAM_001_03,2026-08-21 19:09:22,19,Vehicle,0.8737,0.4058
CAM_EVT_01087,SGR_ZONE_105,CAM_105_02,2026-08-21 09:53:19,9,Animal/False Alarm,0.9467,0.6129
CAM_EVT_01088,SGR_ZONE_065,CAM_065_01,2026-08-21 22:47:44,22,Human,0.8355,0.4142
CAM_EVT_01089,SGR_ZONE_107,CAM_107_01,2026-08-21 09:31:34,9,Vehicle,0.7166,0.2829
CAM_EVT_01090,SGR_ZONE_061,CAM_061_03,2026-08-21 07:20:12,7,Vehicle,0.9373,0.9184
CAM_EVT_01091,SGR_ZONE_059,CAM_059_02,2026-08-21 19:47:08,19,Vehicle,0.7151,0.2096
CAM_EVT_01092,SGR_ZONE_130,CAM_130_01,2026-08-21 02:08:21,2,Human,0.8553,0.9018
CAM_EVT_01093,SGR_ZONE_034,CAM_034_03,2026-08-21 01:31:41,1,Vehicle,0.9168,0.3756
CAM_EVT_01094,SGR_ZONE_144,CAM_144_01,2026-08-21 20:43:07,20,Human,0.9701,0.2668
CAM_EVT_01095,SGR_ZONE_074,CAM_074_02,2026-08-21 10:52:42,10,Human,0.8132,0.2796
CAM_EVT_01096,SGR_ZONE_020,CAM_020_01,2026-08-21 08:45:50,8,Vehicle,0.9086,0.7589
CAM_EVT_01097,SGR_ZONE_042,CAM_042_03,2026-08-21 14:47:38,14,Human,0.8737,0.2538
CAM_EVT_01098,SGR_ZONE_145,CAM_145_03,2026-08-21 10:15:29,10,Vehicle,0.7056,0.4453
CAM_EVT_01099,SGR_ZONE_104,CAM_104_03,2026-08-21 18:30:25,18,Vehicle,0.7209,0.8818
CAM_EVT_01100,SGR_ZONE_023,CAM_023_03,2026-08-21 12:34:40,12,Human,0.7521,0.6336
CAM_EVT_01101,SGR_ZONE_031,CAM_031_01,2026-08-21 15:01:37,15,Human,0.7953,0.4137
CAM_EVT_01102,SGR_ZONE_096,CAM_096_02,2026-08-21 08:09:54,8,Vehicle,0.777,0.7754
CAM_EVT_01103,SGR_ZONE_132,CAM_132_03,2026-08-21 11:44:16,11,Animal/False Alarm,0.7014,0.9025
CAM_EVT_01104,SGR_ZONE_075,CAM_075_01,2026-08-21 13:33:48,13,Vehicle,0.8383,0.8262
CAM_EVT_01105,SGR_ZONE_054,CAM_054_03,2026-08-21 18:07:27,18,Animal/False Alarm,0.7011,0.44
CAM_EVT_01106,SGR_ZONE_136,CAM_136_03,2026-08-21 03:16:13,3,Vehicle,0.9219,0.4672
CAM_EVT_01107,SGR_ZONE_009,CAM_009_02,2026-08-21 19:34:52,19,Animal/False Alarm,0.7202,0.2437
CAM_EVT_01108,SGR_ZONE_110,CAM_110_03,2026-08-21 05:46:29,5,Vehicle,0.895,0.5984
CAM_EVT_01109,SGR_ZONE_048,CAM_048_03,2026-08-21 12:08:03,12,Human,0.8641,0.6617
CAM_EVT_01110,SGR_ZONE_076,CAM_076_01,2026-08-21 12:38:27,12,Vehicle,0.8851,0.4404
CAM_EVT_01111,SGR_ZONE_058,CAM_058_03,2026-08-21 20:01:09,20,Human,0.8293,0.237
CAM_EVT_01112,SGR_ZONE_126,CAM_126_02,2026-08-21 15:19:14,15,Human,0.872,0.6033
CAM_EVT_01113,SGR_ZONE_096,CAM_096_01,2026-08-21 14:47:15,14,Vehicle,0.7396,0.3715
CAM_EVT_01114,SGR_ZONE_043,CAM_043_03,2026-08-21 20:48:42,20,Vehicle,0.9574,0.6809
CAM_EVT_01115,SGR_ZONE_049,CAM_049_03,2026-08-21 17:27:22,17,Human,0.981,0.8998
CAM_EVT_01116,SGR_ZONE_094,CAM_094_01,2026-08-21 09:45:37,9,Animal/False Alarm,0.8202,0.2843
CAM_EVT_01117,SGR_ZONE_075,CAM_075_01,2026-08-21 18:01:21,18,Vehicle,0.9401,0.7784
CAM_EVT_01118,SGR_ZONE_020,CAM_020_01,2026-08-21 22:04:54,22,Animal/False Alarm,0.9421,0.8319
CAM_EVT_01119,SGR_ZONE_061,CAM_061_01,2026-08-21 14:00:21,14,Animal/False Alarm,0.807,0.841
CAM_EVT_01120,SGR_ZONE_131,CAM_131_02,2026-08-21 17:02:09,17,Human,0.9599,0.5034
CAM_EVT_01121,SGR_ZONE_049,CAM_049_03,2026-08-21 16:04:06,16,Vehicle,0.7113,0.3401
CAM_EVT_01122,SGR_ZONE_083,CAM_083_01,2026-08-21 22:11:29,22,Human,0.8004,0.8269
CAM_EVT_01123,SGR_ZONE_020,CAM_020_01,2026-08-21 01:22:22,1,Human,0.9337,0.4098
CAM_EVT_01124,SGR_ZONE_144,CAM_144_01,2026-08-21 16:37:35,16,Animal/False Alarm,0.7213,0.8706
CAM_EVT_01125,SGR_ZONE_146,CAM_146_03,2026-08-21 14:42:43,14,Animal/False Alarm,0.9031,0.5014
CAM_EVT_01126,SGR_ZONE_110,CAM_110_01,2026-08-21 03:19:40,3,Human,0.7027,0.8066
CAM_EVT_01127,SGR_ZONE_109,CAM_109_03,2026-08-21 04:19:24,4,Animal/False Alarm,0.7768,0.5365
CAM_EVT_01128,SGR_ZONE_012,CAM_012_01,2026-08-21 02:51:31,2,Human,0.8874,0.313
CAM_EVT_01129,SGR_ZONE_014,CAM_014_01,2026-08-21 08:34:18,8,Human,0.8298,0.8221
CAM_EVT_01130,SGR_ZONE_023,CAM_023_01,2026-08-21 13:45:00,13,Vehicle,0.7347,0.802
CAM_EVT_01131,SGR_ZONE_090,CAM_090_02,2026-08-21 15:13:28,15,Vehicle,0.7044,0.4128
CAM_EVT_01132,SGR_ZONE_111,CAM_111_03,2026-08-21 09:34:22,9,Human,0.8125,0.3817
CAM_EVT_01133,SGR_ZONE_072,CAM_072_03,2026-08-21 00:03:31,0,Vehicle,0.7216,0.5778
CAM_EVT_01134,SGR_ZONE_113,CAM_113_02,2026-08-21 14:12:59,14,Vehicle,0.7973,0.7738
CAM_EVT_01135,SGR_ZONE_124,CAM_124_03,2026-08-21 14:09:40,14,Human,0.8897,0.6639
CAM_EVT_01136,SGR_ZONE_073,CAM_073_01,2026-08-21 17:46:37,17,Human,0.8034,0.6444
CAM_EVT_01137,SGR_ZONE_070,CAM_070_01,2026-08-21 14:30:06,14,Animal/False Alarm,0.9889,0.3434
CAM_EVT_01138,SGR_ZONE_058,CAM_058_01,2026-08-21 04:54:02,4,Human,0.9556,0.5119
CAM_EVT_01139,SGR_ZONE_043,CAM_043_03,2026-08-21 14:08:38,14,Human,0.9284,0.4333
CAM_EVT_01140,SGR_ZONE_106,CAM_106_01,2026-08-21 11:21:23,11,Vehicle,0.9632,0.2919
CAM_EVT_01141,SGR_ZONE_016,CAM_016_02,2026-08-21 06:49:25,6,Human,0.7941,0.9088
CAM_EVT_01142,SGR_ZONE_072,CAM_072_02,2026-08-21 10:56:44,10,Vehicle,0.9215,0.2038
CAM_EVT_01143,SGR_ZONE_009,CAM_009_03,2026-08-21 00:20:30,0,Vehicle,0.7366,0.9093
CAM_EVT_01144,SGR_ZONE_034,CAM_034_01,2026-08-21 12:20:32,12,Vehicle,0.9186,0.3643
CAM_EVT_01145,SGR_ZONE_032,CAM_032_03,2026-08-21 14:13:18,14,Human,0.9791,0.8677
CAM_EVT_01146,SGR_ZONE_107,CAM_107_02,2026-08-21 01:37:25,1,Vehicle,0.7912,0.6357
CAM_EVT_01147,SGR_ZONE_092,CAM_092_01,2026-08-21 23:58:05,23,Vehicle,0.9062,0.239
CAM_EVT_01148,SGR_ZONE_078,CAM_078_02,2026-08-21 18:20:26,18,Human,0.8401,0.8651
CAM_EVT_01149,SGR_ZONE_122,CAM_122_03,2026-08-21 17:43:35,17,Human,0.9789,0.6895
CAM_EVT_01150,SGR_ZONE_017,CAM_017_01,2026-08-21 02:46:01,2,Vehicle,0.9237,0.3711
CAM_EVT_01151,SGR_ZONE_089,CAM_089_01,2026-08-21 17:53:00,17,Human,0.9652,0.2848
CAM_EVT_01152,SGR_ZONE_103,CAM_103_03,2026-08-21 07:37:49,7,Vehicle,0.738,0.7746
CAM_EVT_01153,SGR_ZONE_083,CAM_083_03,2026-08-21 08:18:29,8,Human,0.8503,0.2845
CAM_EVT_01154,SGR_ZONE_005,CAM_005_03,2026-08-21 06:23:33,6,Human,0.9205,0.5152
CAM_EVT_01155,SGR_ZONE_023,CAM_023_01,2026-08-21 10:04:56,10,Vehicle,0.7428,0.6587
CAM_EVT_01156,SGR_ZONE_017,CAM_017_03,2026-08-21 10:59:44,10,Animal/False Alarm,0.9744,0.3835
CAM_EVT_01157,SGR_ZONE_090,CAM_090_02,2026-08-21 16:45:55,16,Human,0.949,0.6098
CAM_EVT_01158,SGR_ZONE_018,CAM_018_03,2026-08-21 08:58:30,8,Human,0.8283,0.2346
CAM_EVT_01159,SGR_ZONE_060,CAM_060_01,2026-08-21 14:01:23,14,Vehicle,0.952,0.6964
CAM_EVT_01160,SGR_ZONE_064,CAM_064_03,2026-08-21 06:14:25,6,Vehicle,0.9017,0.8191
CAM_EVT_01161,SGR_ZONE_065,CAM_065_01,2026-08-21 10:09:58,10,Human,0.9416,0.8971
CAM_EVT_01162,SGR_ZONE_062,CAM_062_01,2026-08-21 12:08:10,12,Human,0.7127,0.7403
CAM_EVT_01163,SGR_ZONE_070,CAM_070_01,2026-08-21 21:36:46,21,Vehicle,0.7001,0.8044
CAM_EVT_01164,SGR_ZONE_091,CAM_091_02,2026-08-21 03:31:33,3,Human,0.8292,0.8717
CAM_EVT_01165,SGR_ZONE_064,CAM_064_03,2026-08-21 20:59:12,20,Human,0.7208,0.6949
CAM_EVT_01166,SGR_ZONE_001,CAM_001_01,2026-08-21 00:36:40,0,Vehicle,0.8654,0.2402
CAM_EVT_01167,SGR_ZONE_057,CAM_057_01,2026-08-21 11:04:23,11,Animal/False Alarm,0.9755,0.6161
CAM_EVT_01168,SGR_ZONE_134,CAM_134_01,2026-08-21 02:48:18,2,Human,0.8864,0.6408
CAM_EVT_01169,SGR_ZONE_060,CAM_060_03,2026-08-21 13:35:16,13,Human,0.8854,0.2968
CAM_EVT_01170,SGR_ZONE_049,CAM_049_02,2026-08-21 17:36:45,17,Animal/False Alarm,0.7863,0.792
CAM_EVT_01171,SGR_ZONE_015,CAM_015_01,2026-08-21 21:15:29,21,Human,0.8051,0.2498
CAM_EVT_01172,SGR_ZONE_065,CAM_065_01,2026-08-21 14:29:50,14,Human,0.8543,0.5618
CAM_EVT_01173,SGR_ZONE_027,CAM_027_02,2026-08-21 13:30:31,13,Human,0.9141,0.3419
CAM_EVT_01174,SGR_ZONE_061,CAM_061_02,2026-08-21 19:54:24,19,Animal/False Alarm,0.9272,0.8915
CAM_EVT_01175,SGR_ZONE_112,CAM_112_02,2026-08-21 02:40:37,2,Vehicle,0.8419,0.5844
CAM_EVT_01176,SGR_ZONE_150,CAM_150_01,2026-08-21 16:34:03,16,Vehicle,0.9728,0.447
CAM_EVT_01177,SGR_ZONE_080,CAM_080_01,2026-08-21 12:25:21,12,Human,0.9205,0.9387
CAM_EVT_01178,SGR_ZONE_119,CAM_119_02,2026-08-21 10:36:01,10,Human,0.7782,0.6911
CAM_EVT_01179,SGR_ZONE_145,CAM_145_02,2026-08-21 15:15:58,15,Human,0.9481,0.586
CAM_EVT_01180,SGR_ZONE_002,CAM_002_02,2026-08-21 16:38:23,16,Vehicle,0.7289,0.6531
CAM_EVT_01181,SGR_ZONE_141,CAM_141_03,2026-08-21 21:17:22,21,Vehicle,0.8983,0.5764
CAM_EVT_01182,SGR_ZONE_002,CAM_002_02,2026-08-21 10:32:06,10,Vehicle,0.782,0.8712
CAM_EVT_01183,SGR_ZONE_128,CAM_128_03,2026-08-21 20:42:15,20,Human,0.935,0.6024
CAM_EVT_01184,SGR_ZONE_019,CAM_019_01,2026-08-21 17:16:30,17,Animal/False Alarm,0.8989,0.3874
CAM_EVT_01185,SGR_ZONE_012,CAM_012_03,2026-08-21 03:02:57,3,Vehicle,0.8463,0.6388
CAM_EVT_01186,SGR_ZONE_057,CAM_057_01,2026-08-21 00:20:18,0,Human,0.8258,0.4668
CAM_EVT_01187,SGR_ZONE_021,CAM_021_02,2026-08-21 09:39:14,9,Animal/False Alarm,0.7867,0.3447
CAM_EVT_01188,SGR_ZONE_069,CAM_069_02,2026-08-21 14:16:43,14,Vehicle,0.7431,0.6157
CAM_EVT_01189,SGR_ZONE_074,CAM_074_03,2026-08-21 20:57:30,20,Animal/False Alarm,0.9039,0.3621
CAM_EVT_01190,SGR_ZONE_059,CAM_059_01,2026-08-21 00:35:28,0,Animal/False Alarm,0.7611,0.3707
CAM_EVT_01191,SGR_ZONE_122,CAM_122_02,2026-08-21 21:47:02,21,Human,0.7389,0.6836
CAM_EVT_01192,SGR_ZONE_085,CAM_085_01,2026-08-21 20:25:40,20,Human,0.8887,0.2872
CAM_EVT_01193,SGR_ZONE_122,CAM_122_03,2026-08-21 22:59:02,22,Vehicle,0.8442,0.2705
CAM_EVT_01194,SGR_ZONE_061,CAM_061_02,2026-08-21 13:43:15,13,Human,0.839,0.4755
CAM_EVT_01195,SGR_ZONE_097,CAM_097_01,2026-08-21 06:32:32,6,Animal/False Alarm,0.942,0.8248
CAM_EVT_01196,SGR_ZONE_029,CAM_029_01,2026-08-21 13:32:12,13,Human,0.9525,0.5846
CAM_EVT_01197,SGR_ZONE_052,CAM_052_02,2026-08-21 17:51:33,17,Human,0.8578,0.206
CAM_EVT_01198,SGR_ZONE_087,CAM_087_01,2026-08-21 04:55:02,4,Human,0.8968,0.5157
CAM_EVT_01199,SGR_ZONE_061,CAM_061_03,2026-08-21 17:31:55,17,Human,0.8152,0.4526
CAM_EVT_01200,SGR_ZONE_053,CAM_053_03,2026-08-21 14:51:03,14,Vehicle,0.9515,0.9145
