Event_ID,Zone_ID,Sensor_ID,Sensor_Type,Reading,Timestamp
SNS_EVT_00001,SGR_ZONE_103,SNS_SEI_103_01,Seismic,0.8286,2026-08-21 20:35:39
SNS_EVT_00002,SGR_ZONE_131,SNS_VIB_131_02,Vibration,0.2873,2026-08-21 21:43:24
SNS_EVT_00003,SGR_ZONE_049,SNS_ACO_049_03,Acoustic,0.8731,2026-08-21 11:54:51
SNS_EVT_00004,SGR_ZONE_064,SNS_MOT_064_03,Motion,0.2525,2026-08-21 13:49:57
SNS_EVT_00005,SGR_ZONE_009,SNS_INF_009_01,Infrared,0.2158,2026-08-21 02:13:16
SNS_EVT_00006,SGR_ZONE_050,SNS_SEI_050_02,Seismic,0.1015,2026-08-21 11:33:09
SNS_EVT_00007,SGR_ZONE_014,SNS_SEI_014_01,Seismic,0.181,2026-08-21 12:40:28
SNS_EVT_00008,SGR_ZONE_015,SNS_VIB_015_01,Vibration,0.7557,2026-08-21 07:34:34
SNS_EVT_00009,SGR_ZONE_033,SNS_ACO_033_01,Acoustic,0.2433,2026-08-21 00:47:54
SNS_EVT_00010,SGR_ZONE_062,SNS_VIB_062_03,Vibration,0.0533,2026-08-21 02:00:04
SNS_EVT_00011,SGR_ZONE_142,SNS_ACO_142_01,Acoustic,0.1547,2026-08-21 16:51:31
SNS_EVT_00012,SGR_ZONE_132,SNS_VIB_132_03,Vibration,0.2097,2026-08-21 18:21:27
SNS_EVT_00013,SGR_ZONE_066,SNS_INF_066_01,Infrared,0.1988,2026-08-21 10:57:54
SNS_EVT_00014,SGR_ZONE_092,SNS_MOT_092_03,Motion,0.1911,2026-08-21 02:38:05
SNS_EVT_00015,SGR_ZONE_137,SNS_VIB_137_01,Vibration,0.2868,2026-08-21 08:51:48
SNS_EVT_00016,SGR_ZONE_062,SNS_MOT_062_02,Motion,0.0444,2026-08-21 01:27:53
SNS_EVT_00017,SGR_ZONE_087,SNS_VIB_087_04,Vibration,0.211,2026-08-21 22:03:54
SNS_EVT_00018,SGR_ZONE_123,SNS_MOT_123_03,Motion,0.1512,2026-08-21 15:32:08
SNS_EVT_00019,SGR_ZONE_124,SNS_ACO_124_02,Acoustic,0.3393,2026-08-21 18:19:31
SNS_EVT_00020,SGR_ZONE_052,SNS_MOT_052_01,Motion,0.6735,2026-08-21 17:22:30
SNS_EVT_00021,SGR_ZONE_042,SNS_ACO_042_03,Acoustic,0.3663,2026-08-21 15:11:04
SNS_EVT_00022,SGR_ZONE_037,SNS_ACO_037_03,Acoustic,0.1824,2026-08-21 23:32:23
SNS_EVT_00023,SGR_ZONE_116,SNS_ACO_116_01,Acoustic,0.3869,2026-08-21 21:34:15
SNS_EVT_00024,SGR_ZONE_068,SNS_MOT_068_02,Motion,0.5403,2026-08-21 00:47:11
SNS_EVT_00025,SGR_ZONE_115,SNS_VIB_115_03,Vibration,0.2345,2026-08-21 00:04:59
SNS_EVT_00026,SGR_ZONE_061,SNS_ACO_061_04,Acoustic,0.2823,2026-08-21 20:05:34
SNS_EVT_00027,SGR_ZONE_124,SNS_MOT_124_01,Motion,0.1897,2026-08-21 20:31:22
SNS_EVT_00028,SGR_ZONE_067,SNS_INF_067_01,Infrared,0.4694,2026-08-21 14:21:22
SNS_EVT_00029,SGR_ZONE_127,SNS_ACO_127_02,Acoustic,0.2663,2026-08-21 09:54:25
SNS_EVT_00030,SGR_ZONE_099,SNS_INF_099_01,Infrared,0.1483,2026-08-21 07:45:15
SNS_EVT_00031,SGR_ZONE_142,SNS_SEI_142_03,Seismic,0.8304,2026-08-21 21:57:57
SNS_EVT_00032,SGR_ZONE_086,SNS_MOT_086_04,Motion,0.0327,2026-08-21 06:03:05
SNS_EVT_00033,SGR_ZONE_109,SNS_SEI_109_02,Seismic,0.503,2026-08-21 18:16:55
SNS_EVT_00034,SGR_ZONE_063,SNS_ACO_063_04,Acoustic,0.1047,2026-08-21 11:52:00
SNS_EVT_00035,SGR_ZONE_058,SNS_INF_058_01,Infrared,0.0833,2026-08-21 00:15:38
SNS_EVT_00036,SGR_ZONE_069,SNS_VIB_069_03,Vibration,0.3373,2026-08-21 04:46:48
SNS_EVT_00037,SGR_ZONE_094,SNS_SEI_094_01,Seismic,0.1391,2026-08-21 04:22:57
SNS_EVT_00038,SGR_ZONE_010,SNS_VIB_010_04,Vibration,0.2876,2026-08-21 04:44:03
SNS_EVT_00039,SGR_ZONE_016,SNS_INF_016_01,Infrared,0.2359,2026-08-21 00:32:50
SNS_EVT_00040,SGR_ZONE_101,SNS_SEI_101_03,Seismic,0.2462,2026-08-21 13:01:50
SNS_EVT_00041,SGR_ZONE_035,SNS_MOT_035_02,Motion,0.4529,2026-08-21 03:57:52
SNS_EVT_00042,SGR_ZONE_114,SNS_VIB_114_03,Vibration,0.2652,2026-08-21 08:23:34
SNS_EVT_00043,SGR_ZONE_099,SNS_SEI_099_02,Seismic,0.5338,2026-08-21 22:12:22
SNS_EVT_00044,SGR_ZONE_099,SNS_MOT_099_02,Motion,0.1942,2026-08-21 16:35:11
SNS_EVT_00045,SGR_ZONE_147,SNS_SEI_147_01,Seismic,0.3257,2026-08-21 20:04:34
SNS_EVT_00046,SGR_ZONE_140,SNS_MOT_140_04,Motion,0.8384,2026-08-21 06:13:30
SNS_EVT_00047,SGR_ZONE_122,SNS_VIB_122_03,Vibration,0.1638,2026-08-21 11:16:37
SNS_EVT_00048,SGR_ZONE_007,SNS_VIB_007_04,Vibration,0.1788,2026-08-21 00:21:51
SNS_EVT_00049,SGR_ZONE_145,SNS_MOT_145_01,Motion,0.1029,2026-08-21 09:25:18
SNS_EVT_00050,SGR_ZONE_039,SNS_ACO_039_01,Acoustic,0.8818,2026-08-21 00:02:12
SNS_EVT_00051,SGR_ZONE_092,SNS_MOT_092_03,Motion,0.1482,2026-08-21 12:31:44
SNS_EVT_00052,SGR_ZONE_061,SNS_VIB_061_04,Vibration,0.2959,2026-08-21 17:46:40
SNS_EVT_00053,SGR_ZONE_049,SNS_MOT_049_01,Motion,0.0791,2026-08-21 15:07:37
SNS_EVT_00054,SGR_ZONE_117,SNS_INF_117_04,Infrared,0.0568,2026-08-21 03:26:53
SNS_EVT_00055,SGR_ZONE_145,SNS_MOT_145_01,Motion,0.9633,2026-08-21 18:04:46
SNS_EVT_00056,SGR_ZONE_010,SNS_INF_010_03,Infrared,0.4983,2026-08-21 21:58:26
SNS_EVT_00057,SGR_ZONE_098,SNS_MOT_098_03,Motion,0.3471,2026-08-21 22:36:52
SNS_EVT_00058,SGR_ZONE_083,SNS_MOT_083_01,Motion,0.1267,2026-08-21 16:39:31
SNS_EVT_00059,SGR_ZONE_034,SNS_SEI_034_03,Seismic,0.3978,2026-08-21 11:00:53
SNS_EVT_00060,SGR_ZONE_133,SNS_ACO_133_01,Acoustic,0.0764,2026-08-21 10:50:38
SNS_EVT_00061,SGR_ZONE_038,SNS_INF_038_02,Infrared,0.2181,2026-08-21 00:23:14
SNS_EVT_00062,SGR_ZONE_030,SNS_INF_030_03,Infrared,0.3441,2026-08-21 19:23:04
SNS_EVT_00063,SGR_ZONE_034,SNS_VIB_034_02,Vibration,0.7359,2026-08-21 10:53:15
SNS_EVT_00064,SGR_ZONE_008,SNS_SEI_008_04,Seismic,0.0857,2026-08-21 18:18:20
SNS_EVT_00065,SGR_ZONE_005,SNS_INF_005_04,Infrared,0.2346,2026-08-21 13:33:48
SNS_EVT_00066,SGR_ZONE_078,SNS_INF_078_01,Infrared,0.1933,2026-08-21 10:47:16
SNS_EVT_00067,SGR_ZONE_026,SNS_SEI_026_01,Seismic,0.3752,2026-08-21 13:25:27
SNS_EVT_00068,SGR_ZONE_078,SNS_INF_078_01,Infrared,0.9428,2026-08-21 05:34:50
SNS_EVT_00069,SGR_ZONE_015,SNS_MOT_015_03,Motion,0.2394,2026-08-21 11:24:16
SNS_EVT_00070,SGR_ZONE_013,SNS_SEI_013_01,Seismic,0.3555,2026-08-21 01:46:07
SNS_EVT_00071,SGR_ZONE_113,SNS_SEI_113_03,Seismic,0.1245,2026-08-21 12:05:36
SNS_EVT_00072,SGR_ZONE_121,SNS_MOT_121_01,Motion,0.2064,2026-08-21 22:08:54
SNS_EVT_00073,SGR_ZONE_131,SNS_ACO_131_03,Acoustic,0.3092,2026-08-21 03:14:05
SNS_EVT_00074,SGR_ZONE_118,SNS_MOT_118_02,Motion,0.4566,2026-08-21 18:44:43
SNS_EVT_00075,SGR_ZONE_133,SNS_INF_133_02,Infrared,0.1077,2026-08-21 13:37:36
SNS_EVT_00076,SGR_ZONE_126,SNS_ACO_126_03,Acoustic,0.7177,2026-08-21 11:01:12
SNS_EVT_00077,SGR_ZONE_130,SNS_SEI_130_01,Seismic,0.9382,2026-08-21 11:49:13
SNS_EVT_00078,SGR_ZONE_117,SNS_ACO_117_01,Acoustic,0.9188,2026-08-21 10:40:36
SNS_EVT_00079,SGR_ZONE_014,SNS_SEI_014_02,Seismic,0.1682,2026-08-21 12:41:24
SNS_EVT_00080,SGR_ZONE_146,SNS_ACO_146_01,Acoustic,0.5273,2026-08-21 22:01:13
SNS_EVT_00081,SGR_ZONE_053,SNS_ACO_053_03,Acoustic,0.0493,2026-08-21 19:29:38
SNS_EVT_00082,SGR_ZONE_038,SNS_MOT_038_01,Motion,0.3373,2026-08-21 04:58:09
SNS_EVT_00083,SGR_ZONE_097,SNS_VIB_097_03,Vibration,0.3865,2026-08-21 14:03:11
SNS_EVT_00084,SGR_ZONE_130,SNS_ACO_130_03,Acoustic,0.2788,2026-08-21 09:39:37
SNS_EVT_00085,SGR_ZONE_134,SNS_INF_134_02,Infrared,0.3572,2026-08-21 07:59:42
SNS_EVT_00086,SGR_ZONE_100,SNS_SEI_100_01,Seismic,0.2565,2026-08-21 21:50:28
SNS_EVT_00087,SGR_ZONE_040,SNS_MOT_040_02,Motion,0.2106,2026-08-21 21:54:50
SNS_EVT_00088,SGR_ZONE_143,SNS_VIB_143_03,Vibration,0.2789,2026-08-21 19:24:25
SNS_EVT_00089,SGR_ZONE_075,SNS_INF_075_03,Infrared,0.5563,2026-08-21 18:53:23
SNS_EVT_00090,SGR_ZONE_025,SNS_SEI_025_02,Seismic,0.1153,2026-08-21 16:19:40
SNS_EVT_00091,SGR_ZONE_148,SNS_SEI_148_03,Seismic,0.2495,2026-08-21 23:18:31
SNS_EVT_00092,SGR_ZONE_029,SNS_MOT_029_01,Motion,0.4751,2026-08-21 17:01:53
SNS_EVT_00093,SGR_ZONE_113,SNS_INF_113_02,Infrared,0.0989,2026-08-21 09:09:18
SNS_EVT_00094,SGR_ZONE_110,SNS_INF_110_04,Infrared,0.7349,2026-08-21 07:53:56
SNS_EVT_00095,SGR_ZONE_067,SNS_ACO_067_01,Acoustic,0.4684,2026-08-21 13:42:15
SNS_EVT_00096,SGR_ZONE_142,SNS_INF_142_03,Infrared,0.3866,2026-08-21 17:01:00
SNS_EVT_00097,SGR_ZONE_047,SNS_VIB_047_04,Vibration,0.4768,2026-08-21 04:37:29
SNS_EVT_00098,SGR_ZONE_137,SNS_INF_137_01,Infrared,0.3046,2026-08-21 23:58:45
SNS_EVT_00099,SGR_ZONE_128,SNS_MOT_128_02,Motion,0.5004,2026-08-21 03:25:57
SNS_EVT_00100,SGR_ZONE_029,SNS_VIB_029_02,Vibration,0.0515,2026-08-21 22:52:41
SNS_EVT_00101,SGR_ZONE_086,SNS_VIB_086_03,Vibration,0.3471,2026-08-21 20:27:57
SNS_EVT_00102,SGR_ZONE_046,SNS_INF_046_04,Infrared,0.3073,2026-08-21 03:48:58
SNS_EVT_00103,SGR_ZONE_039,SNS_ACO_039_02,Acoustic,0.1759,2026-08-21 12:42:33
SNS_EVT_00104,SGR_ZONE_073,SNS_MOT_073_04,Motion,0.0348,2026-08-21 02:49:36
SNS_EVT_00105,SGR_ZONE_108,SNS_SEI_108_03,Seismic,0.4715,2026-08-21 16:09:56
SNS_EVT_00106,SGR_ZONE_055,SNS_MOT_055_03,Motion,0.311,2026-08-21 07:24:17
SNS_EVT_00107,SGR_ZONE_089,SNS_SEI_089_03,Seismic,0.3533,2026-08-21 16:22:25
SNS_EVT_00108,SGR_ZONE_086,SNS_INF_086_03,Infrared,0.3113,2026-08-21 22:28:17
SNS_EVT_00109,SGR_ZONE_116,SNS_ACO_116_02,Acoustic,0.2942,2026-08-21 12:33:02
SNS_EVT_00110,SGR_ZONE_037,SNS_ACO_037_04,Acoustic,0.3173,2026-08-21 21:24:12
SNS_EVT_00111,SGR_ZONE_016,SNS_VIB_016_02,Vibration,0.7519,2026-08-21 17:31:31
SNS_EVT_00112,SGR_ZONE_123,SNS_SEI_123_01,Seismic,0.4994,2026-08-21 09:29:24
SNS_EVT_00113,SGR_ZONE_103,SNS_SEI_103_01,Seismic,0.0545,2026-08-21 15:00:52
SNS_EVT_00114,SGR_ZONE_073,SNS_MOT_073_01,Motion,0.8169,2026-08-21 23:45:23
SNS_EVT_00115,SGR_ZONE_011,SNS_VIB_011_02,Vibration,0.2872,2026-08-21 08:48:57
SNS_EVT_00116,SGR_ZONE_003,SNS_VIB_003_01,Vibration,0.0793,2026-08-21 09:34:49
SNS_EVT_00117,SGR_ZONE_082,SNS_MOT_082_04,Motion,0.9506,2026-08-21 04:33:10
SNS_EVT_00118,SGR_ZONE_105,SNS_ACO_105_03,Acoustic,0.2498,2026-08-21 14:37:07
SNS_EVT_00119,SGR_ZONE_133,SNS_INF_133_02,Infrared,0.1734,2026-08-21 18:57:02
SNS_EVT_00120,SGR_ZONE_056,SNS_INF_056_04,Infrared,0.0528,2026-08-21 00:58:58
SNS_EVT_00121,SGR_ZONE_048,SNS_MOT_048_01,Motion,0.2618,2026-08-21 06:04:42
SNS_EVT_00122,SGR_ZONE_045,SNS_INF_045_01,Infrared,0.2853,2026-08-21 13:12:28
SNS_EVT_00123,SGR_ZONE_012,SNS_INF_012_04,Infrared,0.281,2026-08-21 23:44:34
SNS_EVT_00124,SGR_ZONE_070,SNS_ACO_070_02,Acoustic,0.2872,2026-08-21 04:28:21
SNS_EVT_00125,SGR_ZONE_148,SNS_SEI_148_02,Seismic,0.9387,2026-08-21 13:46:28
SNS_EVT_00126,SGR_ZONE_125,SNS_SEI_125_03,Seismic,0.4904,2026-08-21 01:28:03
SNS_EVT_00127,SGR_ZONE_099,SNS_VIB_099_01,Vibration,0.8905,2026-08-21 21:10:26
SNS_EVT_00128,SGR_ZONE_081,SNS_SEI_081_04,Seismic,0.3734,2026-08-21 04:02:58
SNS_EVT_00129,SGR_ZONE_001,SNS_INF_001_04,Infrared,0.3208,2026-08-21 17:14:43
SNS_EVT_00130,SGR_ZONE_027,SNS_SEI_027_02,Seismic,0.3662,2026-08-21 11:52:23
SNS_EVT_00131,SGR_ZONE_060,SNS_INF_060_03,Infrared,0.3865,2026-08-21 19:35:08
SNS_EVT_00132,SGR_ZONE_063,SNS_VIB_063_01,Vibration,0.3562,2026-08-21 05:31:10
SNS_EVT_00133,SGR_ZONE_045,SNS_MOT_045_01,Motion,0.7288,2026-08-21 13:31:14
SNS_EVT_00134,SGR_ZONE_080,SNS_SEI_080_04,Seismic,0.9309,2026-08-21 21:38:01
SNS_EVT_00135,SGR_ZONE_103,SNS_INF_103_02,Infrared,0.1343,2026-08-21 08:05:08
SNS_EVT_00136,SGR_ZONE_103,SNS_MOT_103_02,Motion,0.2698,2026-08-21 06:10:19
SNS_EVT_00137,SGR_ZONE_132,SNS_INF_132_02,Infrared,0.7169,2026-08-21 22:11:12
SNS_EVT_00138,SGR_ZONE_025,SNS_VIB_025_03,Vibration,0.5196,2026-08-21 17:05:17
SNS_EVT_00139,SGR_ZONE_150,SNS_VIB_150_04,Vibration,0.2512,2026-08-21 21:14:32
SNS_EVT_00140,SGR_ZONE_135,SNS_SEI_135_01,Seismic,0.191,2026-08-21 11:19:59
SNS_EVT_00141,SGR_ZONE_050,SNS_MOT_050_03,Motion,0.2474,2026-08-21 01:35:05
SNS_EVT_00142,SGR_ZONE_039,SNS_INF_039_03,Infrared,0.9004,2026-08-21 15:29:22
SNS_EVT_00143,SGR_ZONE_042,SNS_SEI_042_02,Seismic,0.435,2026-08-21 14:13:55
SNS_EVT_00144,SGR_ZONE_084,SNS_INF_084_03,Infrared,0.1927,2026-08-21 00:39:11
SNS_EVT_00145,SGR_ZONE_045,SNS_ACO_045_02,Acoustic,0.2436,2026-08-21 00:04:19
SNS_EVT_00146,SGR_ZONE_008,SNS_ACO_008_04,Acoustic,0.112,2026-08-21 04:11:36
SNS_EVT_00147,SGR_ZONE_049,SNS_MOT_049_04,Motion,0.7755,2026-08-21 01:08:36
SNS_EVT_00148,SGR_ZONE_020,SNS_INF_020_01,Infrared,0.8637,2026-08-21 11:41:19
SNS_EVT_00149,SGR_ZONE_043,SNS_INF_043_01,Infrared,0.1955,2026-08-21 11:37:19
SNS_EVT_00150,SGR_ZONE_128,SNS_VIB_128_04,Vibration,0.8883,2026-08-21 05:04:46
SNS_EVT_00151,SGR_ZONE_086,SNS_INF_086_01,Infrared,0.114,2026-08-21 07:46:39
SNS_EVT_00152,SGR_ZONE_113,SNS_SEI_113_03,Seismic,0.2258,2026-08-21 20:47:04
SNS_EVT_00153,SGR_ZONE_105,SNS_INF_105_02,Infrared,0.4507,2026-08-21 12:30:40
SNS_EVT_00154,SGR_ZONE_068,SNS_INF_068_01,Infrared,0.3245,2026-08-21 22:18:44
SNS_EVT_00155,SGR_ZONE_075,SNS_MOT_075_04,Motion,0.5519,2026-08-21 14:20:18
SNS_EVT_00156,SGR_ZONE_060,SNS_VIB_060_01,Vibration,0.7249,2026-08-21 07:45:13
SNS_EVT_00157,SGR_ZONE_074,SNS_INF_074_02,Infrared,0.456,2026-08-21 11:04:33
SNS_EVT_00158,SGR_ZONE_048,SNS_VIB_048_03,Vibration,0.1729,2026-08-21 10:44:20
SNS_EVT_00159,SGR_ZONE_107,SNS_VIB_107_04,Vibration,0.4962,2026-08-21 18:33:13
SNS_EVT_00160,SGR_ZONE_125,SNS_SEI_125_04,Seismic,0.4346,2026-08-21 09:35:29
SNS_EVT_00161,SGR_ZONE_146,SNS_INF_146_01,Infrared,0.2859,2026-08-21 06:12:30
SNS_EVT_00162,SGR_ZONE_071,SNS_MOT_071_02,Motion,0.4786,2026-08-21 11:55:44
SNS_EVT_00163,SGR_ZONE_106,SNS_ACO_106_01,Acoustic,0.3796,2026-08-21 09:23:57
SNS_EVT_00164,SGR_ZONE_121,SNS_VIB_121_02,Vibration,0.4112,2026-08-21 18:35:59
SNS_EVT_00165,SGR_ZONE_089,SNS_INF_089_03,Infrared,0.0755,2026-08-21 01:32:54
SNS_EVT_00166,SGR_ZONE_149,SNS_MOT_149_02,Motion,0.0627,2026-08-21 13:12:56
SNS_EVT_00167,SGR_ZONE_002,SNS_ACO_002_03,Acoustic,0.6839,2026-08-21 06:23:59
SNS_EVT_00168,SGR_ZONE_046,SNS_ACO_046_04,Acoustic,0.9504,2026-08-21 02:08:07
SNS_EVT_00169,SGR_ZONE_097,SNS_ACO_097_02,Acoustic,0.3457,2026-08-21 20:07:37
SNS_EVT_00170,SGR_ZONE_050,SNS_ACO_050_02,Acoustic,0.271,2026-08-21 05:16:34
SNS_EVT_00171,SGR_ZONE_098,SNS_SEI_098_04,Seismic,0.1503,2026-08-21 22:15:11
SNS_EVT_00172,SGR_ZONE_145,SNS_SEI_145_04,Seismic,0.5047,2026-08-21 11:00:56
SNS_EVT_00173,SGR_ZONE_030,SNS_VIB_030_04,Vibration,0.2022,2026-08-21 05:51:33
SNS_EVT_00174,SGR_ZONE_142,SNS_SEI_142_01,Seismic,0.3342,2026-08-21 00:10:02
SNS_EVT_00175,SGR_ZONE_055,SNS_ACO_055_02,Acoustic,0.0701,2026-08-21 13:05:02
SNS_EVT_00176,SGR_ZONE_080,SNS_SEI_080_02,Seismic,0.3776,2026-08-21 19:17:09
SNS_EVT_00177,SGR_ZONE_025,SNS_INF_025_01,Infrared,0.153,2026-08-21 13:51:02
SNS_EVT_00178,SGR_ZONE_134,SNS_MOT_134_01,Motion,0.0546,2026-08-21 13:19:17
SNS_EVT_00179,SGR_ZONE_060,SNS_VIB_060_03,Vibration,0.3767,2026-08-21 09:24:01
SNS_EVT_00180,SGR_ZONE_126,SNS_ACO_126_02,Acoustic,0.3894,2026-08-21 18:06:15
SNS_EVT_00181,SGR_ZONE_144,SNS_SEI_144_01,Seismic,0.3646,2026-08-21 06:49:36
SNS_EVT_00182,SGR_ZONE_116,SNS_VIB_116_03,Vibration,0.2875,2026-08-21 22:01:26
SNS_EVT_00183,SGR_ZONE_149,SNS_VIB_149_02,Vibration,0.1839,2026-08-21 12:20:52
SNS_EVT_00184,SGR_ZONE_082,SNS_VIB_082_01,Vibration,0.1959,2026-08-21 22:52:25
SNS_EVT_00185,SGR_ZONE_034,SNS_SEI_034_04,Seismic,0.4085,2026-08-21 20:41:12
SNS_EVT_00186,SGR_ZONE_113,SNS_MOT_113_04,Motion,0.1321,2026-08-21 09:49:57
SNS_EVT_00187,SGR_ZONE_021,SNS_SEI_021_03,Seismic,0.1708,2026-08-21 22:23:44
SNS_EVT_00188,SGR_ZONE_069,SNS_SEI_069_01,Seismic,0.71,2026-08-21 19:20:39
SNS_EVT_00189,SGR_ZONE_058,SNS_SEI_058_03,Seismic,0.5846,2026-08-21 07:09:37
SNS_EVT_00190,SGR_ZONE_111,SNS_SEI_111_01,Seismic,0.0414,2026-08-21 16:35:03
SNS_EVT_00191,SGR_ZONE_078,SNS_MOT_078_01,Motion,0.8328,2026-08-21 01:53:12
SNS_EVT_00192,SGR_ZONE_095,SNS_SEI_095_02,Seismic,0.2111,2026-08-21 13:59:57
SNS_EVT_00193,SGR_ZONE_114,SNS_SEI_114_02,Seismic,0.2358,2026-08-21 22:38:48
SNS_EVT_00194,SGR_ZONE_012,SNS_MOT_012_03,Motion,0.5887,2026-08-21 06:22:43
SNS_EVT_00195,SGR_ZONE_086,SNS_ACO_086_01,Acoustic,0.4582,2026-08-21 18:22:23
SNS_EVT_00196,SGR_ZONE_044,SNS_VIB_044_02,Vibration,0.1556,2026-08-21 06:43:46
SNS_EVT_00197,SGR_ZONE_025,SNS_VIB_025_03,Vibration,0.4883,2026-08-21 03:39:34
SNS_EVT_00198,SGR_ZONE_064,SNS_INF_064_02,Infrared,0.1777,2026-08-21 08:47:12
SNS_EVT_00199,SGR_ZONE_137,SNS_SEI_137_04,Seismic,0.4131,2026-08-21 10:15:50
SNS_EVT_00200,SGR_ZONE_070,SNS_ACO_070_01,Acoustic,0.229,2026-08-21 04:37:20
SNS_EVT_00201,SGR_ZONE_054,SNS_VIB_054_02,Vibration,0.0632,2026-08-21 03:28:13
SNS_EVT_00202,SGR_ZONE_003,SNS_VIB_003_04,Vibration,0.1987,2026-08-21 18:30:59
SNS_EVT_00203,SGR_ZONE_060,SNS_ACO_060_01,Acoustic,0.2407,2026-08-21 20:30:35
SNS_EVT_00204,SGR_ZONE_019,SNS_VIB_019_04,Vibration,0.9244,2026-08-21 14:10:56
SNS_EVT_00205,SGR_ZONE_118,SNS_VIB_118_01,Vibration,0.2698,2026-08-21 13:59:10
SNS_EVT_00206,SGR_ZONE_103,SNS_MOT_103_02,Motion,0.7068,2026-08-21 21:44:05
SNS_EVT_00207,SGR_ZONE_081,SNS_ACO_081_01,Acoustic,0.1455,2026-08-21 20:09:04
SNS_EVT_00208,SGR_ZONE_100,SNS_INF_100_04,Infrared,0.1064,2026-08-21 20:29:23
SNS_EVT_00209,SGR_ZONE_108,SNS_INF_108_02,Infrared,0.1904,2026-08-21 15:53:30
SNS_EVT_00210,SGR_ZONE_106,SNS_MOT_106_01,Motion,0.1238,2026-08-21 10:56:20
SNS_EVT_00211,SGR_ZONE_007,SNS_INF_007_04,Infrared,0.8173,2026-08-21 13:56:36
SNS_EVT_00212,SGR_ZONE_058,SNS_VIB_058_02,Vibration,0.4405,2026-08-21 20:11:56
SNS_EVT_00213,SGR_ZONE_117,SNS_SEI_117_03,Seismic,0.9408,2026-08-21 10:40:38
SNS_EVT_00214,SGR_ZONE_086,SNS_MOT_086_01,Motion,0.886,2026-08-21 01:09:33
SNS_EVT_00215,SGR_ZONE_144,SNS_ACO_144_01,Acoustic,0.1424,2026-08-21 02:50:48
SNS_EVT_00216,SGR_ZONE_032,SNS_VIB_032_04,Vibration,0.8847,2026-08-21 19:27:13
SNS_EVT_00217,SGR_ZONE_125,SNS_MOT_125_04,Motion,0.3936,2026-08-21 19:34:05
SNS_EVT_00218,SGR_ZONE_023,SNS_MOT_023_03,Motion,0.1527,2026-08-21 03:36:20
SNS_EVT_00219,SGR_ZONE_072,SNS_MOT_072_03,Motion,0.0798,2026-08-21 01:06:15
SNS_EVT_00220,SGR_ZONE_131,SNS_VIB_131_03,Vibration,0.8018,2026-08-21 15:42:36
SNS_EVT_00221,SGR_ZONE_004,SNS_ACO_004_04,Acoustic,0.1406,2026-08-21 20:20:29
SNS_EVT_00222,SGR_ZONE_013,SNS_INF_013_04,Infrared,0.4107,2026-08-21 04:34:27
SNS_EVT_00223,SGR_ZONE_009,SNS_SEI_009_02,Seismic,0.4904,2026-08-21 11:08:20
SNS_EVT_00224,SGR_ZONE_131,SNS_SEI_131_04,Seismic,0.061,2026-08-21 02:51:33
SNS_EVT_00225,SGR_ZONE_041,SNS_ACO_041_03,Acoustic,0.4801,2026-08-21 11:10:29
SNS_EVT_00226,SGR_ZONE_015,SNS_ACO_015_03,Acoustic,0.2777,2026-08-21 19:59:00
SNS_EVT_00227,SGR_ZONE_087,SNS_ACO_087_04,Acoustic,0.1831,2026-08-21 20:45:51
SNS_EVT_00228,SGR_ZONE_142,SNS_SEI_142_04,Seismic,0.4369,2026-08-21 05:58:26
SNS_EVT_00229,SGR_ZONE_091,SNS_INF_091_04,Infrared,0.1201,2026-08-21 13:58:19
SNS_EVT_00230,SGR_ZONE_113,SNS_MOT_113_04,Motion,0.2953,2026-08-21 18:02:41
SNS_EVT_00231,SGR_ZONE_019,SNS_MOT_019_04,Motion,0.0892,2026-08-21 13:55:37
SNS_EVT_00232,SGR_ZONE_061,SNS_SEI_061_04,Seismic,0.0475,2026-08-21 13:29:40
SNS_EVT_00233,SGR_ZONE_068,SNS_SEI_068_04,Seismic,0.1589,2026-08-21 15:28:48
SNS_EVT_00234,SGR_ZONE_012,SNS_ACO_012_03,Acoustic,0.7263,2026-08-21 08:03:34
SNS_EVT_00235,SGR_ZONE_065,SNS_VIB_065_03,Vibration,0.0703,2026-08-21 19:28:21
SNS_EVT_00236,SGR_ZONE_021,SNS_ACO_021_02,Acoustic,0.8077,2026-08-21 12:02:21
SNS_EVT_00237,SGR_ZONE_091,SNS_MOT_091_01,Motion,0.8691,2026-08-21 07:18:59
SNS_EVT_00238,SGR_ZONE_106,SNS_MOT_106_01,Motion,0.4869,2026-08-21 23:48:12
SNS_EVT_00239,SGR_ZONE_049,SNS_MOT_049_02,Motion,0.2813,2026-08-21 09:42:53
SNS_EVT_00240,SGR_ZONE_126,SNS_MOT_126_01,Motion,0.1314,2026-08-21 22:40:38
SNS_EVT_00241,SGR_ZONE_141,SNS_ACO_141_02,Acoustic,0.302,2026-08-21 20:44:11
SNS_EVT_00242,SGR_ZONE_045,SNS_INF_045_03,Infrared,0.3324,2026-08-21 03:29:32
SNS_EVT_00243,SGR_ZONE_127,SNS_SEI_127_02,Seismic,0.3826,2026-08-21 18:14:40
SNS_EVT_00244,SGR_ZONE_002,SNS_VIB_002_01,Vibration,0.7324,2026-08-21 06:27:02
SNS_EVT_00245,SGR_ZONE_084,SNS_ACO_084_01,Acoustic,0.1063,2026-08-21 00:54:44
SNS_EVT_00246,SGR_ZONE_101,SNS_VIB_101_02,Vibration,0.0303,2026-08-21 21:42:17
SNS_EVT_00247,SGR_ZONE_099,SNS_VIB_099_03,Vibration,0.4185,2026-08-21 02:27:43
SNS_EVT_00248,SGR_ZONE_079,SNS_MOT_079_03,Motion,0.2836,2026-08-21 06:03:36
SNS_EVT_00249,SGR_ZONE_056,SNS_MOT_056_01,Motion,0.808,2026-08-21 10:48:48
SNS_EVT_00250,SGR_ZONE_038,SNS_VIB_038_04,Vibration,0.8415,2026-08-21 10:44:03
SNS_EVT_00251,SGR_ZONE_107,SNS_ACO_107_02,Acoustic,0.9339,2026-08-21 04:41:59
SNS_EVT_00252,SGR_ZONE_101,SNS_ACO_101_03,Acoustic,0.1976,2026-08-21 19:16:44
SNS_EVT_00253,SGR_ZONE_022,SNS_SEI_022_01,Seismic,0.165,2026-08-21 18:02:41
SNS_EVT_00254,SGR_ZONE_098,SNS_VIB_098_03,Vibration,0.3815,2026-08-21 03:50:00
SNS_EVT_00255,SGR_ZONE_092,SNS_VIB_092_03,Vibration,0.3291,2026-08-21 17:39:21
SNS_EVT_00256,SGR_ZONE_019,SNS_VIB_019_03,Vibration,0.3527,2026-08-21 20:33:10
SNS_EVT_00257,SGR_ZONE_054,SNS_VIB_054_03,Vibration,0.1619,2026-08-21 19:40:45
SNS_EVT_00258,SGR_ZONE_012,SNS_MOT_012_03,Motion,0.207,2026-08-21 03:37:10
SNS_EVT_00259,SGR_ZONE_143,SNS_ACO_143_03,Acoustic,0.2118,2026-08-21 18:46:46
SNS_EVT_00260,SGR_ZONE_004,SNS_VIB_004_03,Vibration,0.9474,2026-08-21 04:12:46
SNS_EVT_00261,SGR_ZONE_031,SNS_INF_031_04,Infrared,0.1108,2026-08-21 08:23:34
SNS_EVT_00262,SGR_ZONE_030,SNS_MOT_030_02,Motion,0.3932,2026-08-21 04:00:14
SNS_EVT_00263,SGR_ZONE_037,SNS_VIB_037_04,Vibration,0.3455,2026-08-21 07:22:08
SNS_EVT_00264,SGR_ZONE_034,SNS_SEI_034_02,Seismic,0.2921,2026-08-21 01:44:18
SNS_EVT_00265,SGR_ZONE_123,SNS_INF_123_04,Infrared,0.8988,2026-08-21 23:46:30
SNS_EVT_00266,SGR_ZONE_034,SNS_ACO_034_04,Acoustic,0.4126,2026-08-21 06:00:16
SNS_EVT_00267,SGR_ZONE_013,SNS_VIB_013_03,Vibration,0.2313,2026-08-21 09:09:35
SNS_EVT_00268,SGR_ZONE_054,SNS_SEI_054_04,Seismic,0.2436,2026-08-21 21:29:03
SNS_EVT_00269,SGR_ZONE_059,SNS_INF_059_04,Infrared,0.9096,2026-08-21 14:56:30
SNS_EVT_00270,SGR_ZONE_093,SNS_INF_093_02,Infrared,0.7691,2026-08-21 10:56:00
SNS_EVT_00271,SGR_ZONE_107,SNS_ACO_107_01,Acoustic,0.2053,2026-08-21 16:05:47
SNS_EVT_00272,SGR_ZONE_056,SNS_SEI_056_03,Seismic,0.1732,2026-08-21 23:54:09
SNS_EVT_00273,SGR_ZONE_023,SNS_VIB_023_01,Vibration,0.6204,2026-08-21 08:20:19
SNS_EVT_00274,SGR_ZONE_140,SNS_VIB_140_02,Vibration,0.4141,2026-08-21 15:17:13
SNS_EVT_00275,SGR_ZONE_105,SNS_SEI_105_03,Seismic,0.1713,2026-08-21 08:37:10
SNS_EVT_00276,SGR_ZONE_054,SNS_MOT_054_04,Motion,0.3855,2026-08-21 17:02:27
SNS_EVT_00277,SGR_ZONE_070,SNS_SEI_070_04,Seismic,0.4985,2026-08-21 02:12:56
SNS_EVT_00278,SGR_ZONE_049,SNS_INF_049_01,Infrared,0.8158,2026-08-21 02:46:37
SNS_EVT_00279,SGR_ZONE_017,SNS_SEI_017_02,Seismic,0.0877,2026-08-21 00:19:54
SNS_EVT_00280,SGR_ZONE_016,SNS_MOT_016_04,Motion,0.2967,2026-08-21 08:33:36
SNS_EVT_00281,SGR_ZONE_134,SNS_VIB_134_01,Vibration,0.7839,2026-08-21 03:12:06
SNS_EVT_00282,SGR_ZONE_111,SNS_ACO_111_01,Acoustic,0.268,2026-08-21 03:39:02
SNS_EVT_00283,SGR_ZONE_098,SNS_INF_098_04,Infrared,0.4191,2026-08-21 22:04:55
SNS_EVT_00284,SGR_ZONE_096,SNS_SEI_096_02,Seismic,0.1184,2026-08-21 06:41:56
SNS_EVT_00285,SGR_ZONE_026,SNS_MOT_026_02,Motion,0.2352,2026-08-21 00:48:46
SNS_EVT_00286,SGR_ZONE_052,SNS_SEI_052_01,Seismic,0.8767,2026-08-21 10:55:53
SNS_EVT_00287,SGR_ZONE_015,SNS_VIB_015_02,Vibration,0.3047,2026-08-21 09:45:12
SNS_EVT_00288,SGR_ZONE_003,SNS_VIB_003_04,Vibration,0.247,2026-08-21 02:59:47
SNS_EVT_00289,SGR_ZONE_064,SNS_ACO_064_02,Acoustic,0.3769,2026-08-21 05:53:17
SNS_EVT_00290,SGR_ZONE_134,SNS_SEI_134_04,Seismic,0.076,2026-08-21 12:41:07
SNS_EVT_00291,SGR_ZONE_096,SNS_SEI_096_03,Seismic,0.2252,2026-08-21 21:43:08
SNS_EVT_00292,SGR_ZONE_074,SNS_SEI_074_01,Seismic,0.1443,2026-08-21 07:01:54
SNS_EVT_00293,SGR_ZONE_091,SNS_VIB_091_03,Vibration,0.155,2026-08-21 23:54:26
SNS_EVT_00294,SGR_ZONE_034,SNS_ACO_034_01,Acoustic,0.2869,2026-08-21 02:34:48
SNS_EVT_00295,SGR_ZONE_103,SNS_ACO_103_02,Acoustic,0.5463,2026-08-21 03:00:49
SNS_EVT_00296,SGR_ZONE_001,SNS_INF_001_02,Infrared,0.7101,2026-08-21 16:21:33
SNS_EVT_00297,SGR_ZONE_068,SNS_VIB_068_04,Vibration,0.107,2026-08-21 06:46:54
SNS_EVT_00298,SGR_ZONE_071,SNS_INF_071_04,Infrared,0.5585,2026-08-21 12:28:07
SNS_EVT_00299,SGR_ZONE_041,SNS_ACO_041_04,Acoustic,0.7116,2026-08-21 03:33:28
SNS_EVT_00300,SGR_ZONE_024,SNS_INF_024_04,Infrared,0.283,2026-08-21 04:30:52
SNS_EVT_00301,SGR_ZONE_062,SNS_MOT_062_01,Motion,0.4435,2026-08-21 06:37:20
SNS_EVT_00302,SGR_ZONE_061,SNS_SEI_061_03,Seismic,0.123,2026-08-21 12:22:57
SNS_EVT_00303,SGR_ZONE_050,SNS_VIB_050_01,Vibration,0.1779,2026-08-21 03:38:15
SNS_EVT_00304,SGR_ZONE_022,SNS_VIB_022_02,Vibration,0.2601,2026-08-21 01:08:16
SNS_EVT_00305,SGR_ZONE_139,SNS_INF_139_02,Infrared,0.4965,2026-08-21 05:48:00
SNS_EVT_00306,SGR_ZONE_051,SNS_SEI_051_01,Seismic,0.3299,2026-08-21 00:46:22
SNS_EVT_00307,SGR_ZONE_122,SNS_VIB_122_02,Vibration,0.4415,2026-08-21 16:48:11
SNS_EVT_00308,SGR_ZONE_112,SNS_VIB_112_03,Vibration,0.2104,2026-08-21 03:17:48
SNS_EVT_00309,SGR_ZONE_083,SNS_ACO_083_04,Acoustic,0.8565,2026-08-21 18:05:56
SNS_EVT_00310,SGR_ZONE_083,SNS_VIB_083_01,Vibration,0.5821,2026-08-21 18:11:15
SNS_EVT_00311,SGR_ZONE_123,SNS_ACO_123_02,Acoustic,0.1796,2026-08-21 04:07:06
SNS_EVT_00312,SGR_ZONE_119,SNS_ACO_119_02,Acoustic,0.5312,2026-08-21 10:04:26
SNS_EVT_00313,SGR_ZONE_140,SNS_MOT_140_02,Motion,0.3511,2026-08-21 17:47:40
SNS_EVT_00314,SGR_ZONE_019,SNS_VIB_019_03,Vibration,0.4331,2026-08-21 14:22:13
SNS_EVT_00315,SGR_ZONE_147,SNS_VIB_147_04,Vibration,0.826,2026-08-21 09:16:01
SNS_EVT_00316,SGR_ZONE_006,SNS_INF_006_01,Infrared,0.3848,2026-08-21 16:11:06
SNS_EVT_00317,SGR_ZONE_131,SNS_INF_131_02,Infrared,0.4039,2026-08-21 10:54:38
SNS_EVT_00318,SGR_ZONE_020,SNS_ACO_020_01,Acoustic,0.0679,2026-08-21 01:21:02
SNS_EVT_00319,SGR_ZONE_134,SNS_ACO_134_02,Acoustic,0.3751,2026-08-21 01:28:03
SNS_EVT_00320,SGR_ZONE_065,SNS_ACO_065_02,Acoustic,0.9162,2026-08-21 03:33:29
SNS_EVT_00321,SGR_ZONE_025,SNS_VIB_025_04,Vibration,0.2819,2026-08-21 09:35:08
SNS_EVT_00322,SGR_ZONE_046,SNS_INF_046_04,Infrared,0.2409,2026-08-21 14:14:03
SNS_EVT_00323,SGR_ZONE_093,SNS_ACO_093_01,Acoustic,0.1232,2026-08-21 06:48:52
SNS_EVT_00324,SGR_ZONE_111,SNS_SEI_111_03,Seismic,0.4625,2026-08-21 15:17:29
SNS_EVT_00325,SGR_ZONE_048,SNS_INF_048_02,Infrared,0.0921,2026-08-21 23:26:45
SNS_EVT_00326,SGR_ZONE_008,SNS_ACO_008_02,Acoustic,0.2801,2026-08-21 00:53:36
SNS_EVT_00327,SGR_ZONE_137,SNS_INF_137_04,Infrared,0.2853,2026-08-21 07:35:49
SNS_EVT_00328,SGR_ZONE_107,SNS_VIB_107_03,Vibration,0.7843,2026-08-21 06:42:53
SNS_EVT_00329,SGR_ZONE_088,SNS_SEI_088_04,Seismic,0.4524,2026-08-21 05:20:47
SNS_EVT_00330,SGR_ZONE_133,SNS_MOT_133_02,Motion,0.389,2026-08-21 03:04:00
SNS_EVT_00331,SGR_ZONE_140,SNS_SEI_140_03,Seismic,0.6983,2026-08-21 12:54:45
SNS_EVT_00332,SGR_ZONE_032,SNS_VIB_032_04,Vibration,0.5233,2026-08-21 08:05:50
SNS_EVT_00333,SGR_ZONE_109,SNS_ACO_109_03,Acoustic,0.131,2026-08-21 02:29:56
SNS_EVT_00334,SGR_ZONE_127,SNS_MOT_127_01,Motion,0.2504,2026-08-21 12:16:54
SNS_EVT_00335,SGR_ZONE_104,SNS_VIB_104_02,Vibration,0.2245,2026-08-21 10:31:41
SNS_EVT_00336,SGR_ZONE_122,SNS_INF_122_03,Infrared,0.3985,2026-08-21 22:46:53
SNS_EVT_00337,SGR_ZONE_127,SNS_ACO_127_02,Acoustic,0.0701,2026-08-21 00:18:02
SNS_EVT_00338,SGR_ZONE_074,SNS_INF_074_01,Infrared,0.9646,2026-08-21 15:48:52
SNS_EVT_00339,SGR_ZONE_064,SNS_VIB_064_01,Vibration,0.0412,2026-08-21 02:06:57
SNS_EVT_00340,SGR_ZONE_049,SNS_VIB_049_01,Vibration,0.1474,2026-08-21 15:24:53
SNS_EVT_00341,SGR_ZONE_073,SNS_MOT_073_01,Motion,0.1171,2026-08-21 13:28:18
SNS_EVT_00342,SGR_ZONE_147,SNS_INF_147_01,Infrared,0.5472,2026-08-21 18:47:01
SNS_EVT_00343,SGR_ZONE_136,SNS_SEI_136_03,Seismic,0.3134,2026-08-21 14:19:28
SNS_EVT_00344,SGR_ZONE_123,SNS_INF_123_01,Infrared,0.281,2026-08-21 03:58:59
SNS_EVT_00345,SGR_ZONE_116,SNS_ACO_116_02,Acoustic,0.2366,2026-08-21 08:27:30
SNS_EVT_00346,SGR_ZONE_124,SNS_INF_124_01,Infrared,0.3518,2026-08-21 15:44:38
SNS_EVT_00347,SGR_ZONE_058,SNS_SEI_058_01,Seismic,0.1406,2026-08-21 05:28:57
SNS_EVT_00348,SGR_ZONE_145,SNS_ACO_145_01,Acoustic,0.127,2026-08-21 09:12:10
SNS_EVT_00349,SGR_ZONE_054,SNS_ACO_054_01,Acoustic,0.4501,2026-08-21 14:15:16
SNS_EVT_00350,SGR_ZONE_002,SNS_INF_002_04,Infrared,0.067,2026-08-21 14:02:37
SNS_EVT_00351,SGR_ZONE_061,SNS_MOT_061_02,Motion,0.2073,2026-08-21 21:09:38
SNS_EVT_00352,SGR_ZONE_132,SNS_SEI_132_02,Seismic,0.2035,2026-08-21 05:20:31
SNS_EVT_00353,SGR_ZONE_079,SNS_VIB_079_04,Vibration,0.0748,2026-08-21 07:28:06
SNS_EVT_00354,SGR_ZONE_104,SNS_VIB_104_02,Vibration,0.362,2026-08-21 19:11:42
SNS_EVT_00355,SGR_ZONE_031,SNS_ACO_031_04,Acoustic,0.3548,2026-08-21 12:48:34
SNS_EVT_00356,SGR_ZONE_149,SNS_ACO_149_02,Acoustic,0.914,2026-08-21 17:48:31
SNS_EVT_00357,SGR_ZONE_100,SNS_ACO_100_02,Acoustic,0.0637,2026-08-21 18:42:01
SNS_EVT_00358,SGR_ZONE_074,SNS_VIB_074_03,Vibration,0.2251,2026-08-21 04:58:04
SNS_EVT_00359,SGR_ZONE_051,SNS_VIB_051_04,Vibration,0.3052,2026-08-21 10:17:26
SNS_EVT_00360,SGR_ZONE_055,SNS_INF_055_04,Infrared,0.434,2026-08-21 08:53:09
SNS_EVT_00361,SGR_ZONE_150,SNS_ACO_150_01,Acoustic,0.1663,2026-08-21 14:16:28
SNS_EVT_00362,SGR_ZONE_142,SNS_INF_142_04,Infrared,0.5864,2026-08-21 23:25:29
SNS_EVT_00363,SGR_ZONE_013,SNS_VIB_013_02,Vibration,0.0303,2026-08-21 07:42:21
SNS_EVT_00364,SGR_ZONE_148,SNS_VIB_148_04,Vibration,0.2164,2026-08-21 10:06:15
SNS_EVT_00365,SGR_ZONE_045,SNS_ACO_045_03,Acoustic,0.7562,2026-08-21 04:41:16
SNS_EVT_00366,SGR_ZONE_119,SNS_MOT_119_04,Motion,0.2254,2026-08-21 11:48:16
SNS_EVT_00367,SGR_ZONE_064,SNS_INF_064_02,Infrared,0.2003,2026-08-21 19:49:37
SNS_EVT_00368,SGR_ZONE_138,SNS_SEI_138_03,Seismic,0.3083,2026-08-21 13:07:28
SNS_EVT_00369,SGR_ZONE_094,SNS_SEI_094_02,Seismic,0.2219,2026-08-21 21:03:30
SNS_EVT_00370,SGR_ZONE_082,SNS_INF_082_03,Infrared,0.0665,2026-08-21 07:45:23
SNS_EVT_00371,SGR_ZONE_099,SNS_SEI_099_04,Seismic,0.3223,2026-08-21 22:41:52
SNS_EVT_00372,SGR_ZONE_009,SNS_VIB_009_01,Vibration,0.3099,2026-08-21 22:38:12
SNS_EVT_00373,SGR_ZONE_081,SNS_MOT_081_04,Motion,0.3727,2026-08-21 11:37:18
SNS_EVT_00374,SGR_ZONE_071,SNS_MOT_071_03,Motion,0.0724,2026-08-21 07:12:44
SNS_EVT_00375,SGR_ZONE_081,SNS_MOT_081_01,Motion,0.1572,2026-08-21 06:07:24
SNS_EVT_00376,SGR_ZONE_077,SNS_ACO_077_02,Acoustic,0.5446,2026-08-21 21:33:15
SNS_EVT_00377,SGR_ZONE_150,SNS_VIB_150_02,Vibration,0.4265,2026-08-21 02:58:11
SNS_EVT_00378,SGR_ZONE_059,SNS_VIB_059_03,Vibration,0.2838,2026-08-21 03:12:44
SNS_EVT_00379,SGR_ZONE_127,SNS_INF_127_02,Infrared,0.1153,2026-08-21 12:16:23
SNS_EVT_00380,SGR_ZONE_058,SNS_INF_058_03,Infrared,0.2547,2026-08-21 06:36:48
SNS_EVT_00381,SGR_ZONE_016,SNS_INF_016_02,Infrared,0.207,2026-08-21 20:29:20
SNS_EVT_00382,SGR_ZONE_112,SNS_MOT_112_04,Motion,0.8754,2026-08-21 00:56:51
SNS_EVT_00383,SGR_ZONE_137,SNS_MOT_137_04,Motion,0.7416,2026-08-21 13:56:56
SNS_EVT_00384,SGR_ZONE_136,SNS_ACO_136_02,Acoustic,0.348,2026-08-21 16:32:31
SNS_EVT_00385,SGR_ZONE_085,SNS_INF_085_02,Infrared,0.3238,2026-08-21 10:23:48
SNS_EVT_00386,SGR_ZONE_149,SNS_ACO_149_02,Acoustic,0.4727,2026-08-21 05:27:01
SNS_EVT_00387,SGR_ZONE_038,SNS_VIB_038_03,Vibration,0.2376,2026-08-21 16:40:35
SNS_EVT_00388,SGR_ZONE_083,SNS_INF_083_04,Infrared,0.2359,2026-08-21 07:32:11
SNS_EVT_00389,SGR_ZONE_114,SNS_SEI_114_02,Seismic,0.2373,2026-08-21 01:02:57
SNS_EVT_00390,SGR_ZONE_118,SNS_INF_118_01,Infrared,0.2659,2026-08-21 15:48:14
SNS_EVT_00391,SGR_ZONE_105,SNS_VIB_105_04,Vibration,0.392,2026-08-21 22:47:54
SNS_EVT_00392,SGR_ZONE_112,SNS_MOT_112_02,Motion,0.2762,2026-08-21 21:20:32
SNS_EVT_00393,SGR_ZONE_116,SNS_VIB_116_03,Vibration,0.1023,2026-08-21 04:05:48
SNS_EVT_00394,SGR_ZONE_107,SNS_SEI_107_03,Seismic,0.246,2026-08-21 02:39:49
SNS_EVT_00395,SGR_ZONE_138,SNS_MOT_138_04,Motion,0.2505,2026-08-21 22:36:55
SNS_EVT_00396,SGR_ZONE_102,SNS_VIB_102_01,Vibration,0.2156,2026-08-21 11:11:38
SNS_EVT_00397,SGR_ZONE_090,SNS_VIB_090_03,Vibration,0.5584,2026-08-21 06:30:57
SNS_EVT_00398,SGR_ZONE_031,SNS_SEI_031_01,Seismic,0.513,2026-08-21 09:53:41
SNS_EVT_00399,SGR_ZONE_149,SNS_MOT_149_02,Motion,0.3653,2026-08-21 12:16:37
SNS_EVT_00400,SGR_ZONE_081,SNS_VIB_081_02,Vibration,0.0972,2026-08-21 12:48:30
SNS_EVT_00401,SGR_ZONE_060,SNS_VIB_060_02,Vibration,0.1201,2026-08-21 05:05:58
SNS_EVT_00402,SGR_ZONE_146,SNS_SEI_146_01,Seismic,0.0995,2026-08-21 10:46:43
SNS_EVT_00403,SGR_ZONE_081,SNS_ACO_081_03,Acoustic,0.3068,2026-08-21 16:06:42
SNS_EVT_00404,SGR_ZONE_050,SNS_MOT_050_03,Motion,0.8107,2026-08-21 03:39:58
SNS_EVT_00405,SGR_ZONE_144,SNS_SEI_144_01,Seismic,0.0735,2026-08-21 14:42:30
SNS_EVT_00406,SGR_ZONE_045,SNS_INF_045_04,Infrared,0.593,2026-08-21 09:37:17
SNS_EVT_00407,SGR_ZONE_114,SNS_VIB_114_01,Vibration,0.1265,2026-08-21 05:55:57
SNS_EVT_00408,SGR_ZONE_108,SNS_SEI_108_01,Seismic,0.2854,2026-08-21 04:09:19
SNS_EVT_00409,SGR_ZONE_006,SNS_ACO_006_03,Acoustic,0.2016,2026-08-21 21:55:05
SNS_EVT_00410,SGR_ZONE_035,SNS_MOT_035_04,Motion,0.4236,2026-08-21 11:22:13
SNS_EVT_00411,SGR_ZONE_018,SNS_MOT_018_03,Motion,0.4707,2026-08-21 01:44:55
SNS_EVT_00412,SGR_ZONE_112,SNS_MOT_112_02,Motion,0.1601,2026-08-21 01:09:34
SNS_EVT_00413,SGR_ZONE_011,SNS_VIB_011_01,Vibration,0.2231,2026-08-21 09:17:53
SNS_EVT_00414,SGR_ZONE_075,SNS_MOT_075_03,Motion,0.217,2026-08-21 14:46:47
SNS_EVT_00415,SGR_ZONE_042,SNS_SEI_042_04,Seismic,0.3231,2026-08-21 07:06:46
SNS_EVT_00416,SGR_ZONE_119,SNS_SEI_119_04,Seismic,0.1242,2026-08-21 07:04:25
SNS_EVT_00417,SGR_ZONE_036,SNS_SEI_036_02,Seismic,0.4345,2026-08-21 12:51:59
SNS_EVT_00418,SGR_ZONE_125,SNS_VIB_125_01,Vibration,0.2504,2026-08-21 04:26:54
SNS_EVT_00419,SGR_ZONE_029,SNS_SEI_029_01,Seismic,0.7097,2026-08-21 12:18:22
SNS_EVT_00420,SGR_ZONE_034,SNS_VIB_034_03,Vibration,0.0681,2026-08-21 06:50:18
SNS_EVT_00421,SGR_ZONE_038,SNS_SEI_038_03,Seismic,0.8838,2026-08-21 10:36:21
SNS_EVT_00422,SGR_ZONE_068,SNS_VIB_068_04,Vibration,0.2399,2026-08-21 01:58:51
SNS_EVT_00423,SGR_ZONE_138,SNS_INF_138_02,Infrared,0.6241,2026-08-21 10:23:00
SNS_EVT_00424,SGR_ZONE_139,SNS_VIB_139_04,Vibration,0.1704,2026-08-21 00:46:27
SNS_EVT_00425,SGR_ZONE_106,SNS_INF_106_02,Infrared,0.3533,2026-08-21 01:48:15
SNS_EVT_00426,SGR_ZONE_130,SNS_SEI_130_02,Seismic,0.0794,2026-08-21 07:32:12
SNS_EVT_00427,SGR_ZONE_105,SNS_INF_105_03,Infrared,0.391,2026-08-21 01:11:39
SNS_EVT_00428,SGR_ZONE_073,SNS_SEI_073_02,Seismic,0.0586,2026-08-21 13:01:28
SNS_EVT_00429,SGR_ZONE_015,SNS_SEI_015_01,Seismic,0.8683,2026-08-21 13:33:57
SNS_EVT_00430,SGR_ZONE_076,SNS_SEI_076_01,Seismic,0.539,2026-08-21 00:44:35
SNS_EVT_00431,SGR_ZONE_148,SNS_INF_148_02,Infrared,0.1893,2026-08-21 13:05:11
SNS_EVT_00432,SGR_ZONE_144,SNS_MOT_144_01,Motion,0.318,2026-08-21 04:44:26
SNS_EVT_00433,SGR_ZONE_116,SNS_ACO_116_02,Acoustic,0.0825,2026-08-21 07:12:58
SNS_EVT_00434,SGR_ZONE_035,SNS_VIB_035_01,Vibration,0.4388,2026-08-21 07:54:00
SNS_EVT_00435,SGR_ZONE_087,SNS_ACO_087_03,Acoustic,0.2353,2026-08-21 13:02:00
SNS_EVT_00436,SGR_ZONE_127,SNS_INF_127_01,Infrared,0.2952,2026-08-21 18:32:02
SNS_EVT_00437,SGR_ZONE_108,SNS_SEI_108_04,Seismic,0.3372,2026-08-21 12:42:12
SNS_EVT_00438,SGR_ZONE_141,SNS_SEI_141_01,Seismic,0.3842,2026-08-21 19:07:41
SNS_EVT_00439,SGR_ZONE_090,SNS_ACO_090_02,Acoustic,0.1818,2026-08-21 18:11:14
SNS_EVT_00440,SGR_ZONE_011,SNS_INF_011_02,Infrared,0.5532,2026-08-21 00:34:39
SNS_EVT_00441,SGR_ZONE_072,SNS_ACO_072_04,Acoustic,0.0911,2026-08-21 05:45:11
SNS_EVT_00442,SGR_ZONE_051,SNS_VIB_051_01,Vibration,0.0777,2026-08-21 13:57:10
SNS_EVT_00443,SGR_ZONE_092,SNS_MOT_092_03,Motion,0.1159,2026-08-21 18:32:35
SNS_EVT_00444,SGR_ZONE_014,SNS_ACO_014_02,Acoustic,0.1299,2026-08-21 13:55:24
SNS_EVT_00445,SGR_ZONE_102,SNS_INF_102_03,Infrared,0.0812,2026-08-21 09:06:21
SNS_EVT_00446,SGR_ZONE_081,SNS_INF_081_01,Infrared,0.3826,2026-08-21 19:32:00
SNS_EVT_00447,SGR_ZONE_004,SNS_MOT_004_04,Motion,0.4493,2026-08-21 18:35:49
SNS_EVT_00448,SGR_ZONE_123,SNS_ACO_123_03,Acoustic,0.1041,2026-08-21 03:36:16
SNS_EVT_00449,SGR_ZONE_039,SNS_INF_039_04,Infrared,0.4105,2026-08-21 03:17:25
SNS_EVT_00450,SGR_ZONE_001,SNS_INF_001_02,Infrared,0.3532,2026-08-21 06:08:53
SNS_EVT_00451,SGR_ZONE_149,SNS_SEI_149_03,Seismic,0.7326,2026-08-21 17:02:06
SNS_EVT_00452,SGR_ZONE_108,SNS_ACO_108_03,Acoustic,0.3615,2026-08-21 21:01:43
SNS_EVT_00453,SGR_ZONE_127,SNS_INF_127_01,Infrared,0.8339,2026-08-21 12:21:31
SNS_EVT_00454,SGR_ZONE_042,SNS_VIB_042_04,Vibration,0.74,2026-08-21 09:27:28
SNS_EVT_00455,SGR_ZONE_035,SNS_SEI_035_03,Seismic,0.7072,2026-08-21 07:22:15
SNS_EVT_00456,SGR_ZONE_077,SNS_ACO_077_04,Acoustic,0.2131,2026-08-21 01:40:21
SNS_EVT_00457,SGR_ZONE_113,SNS_VIB_113_04,Vibration,0.7345,2026-08-21 15:13:40
SNS_EVT_00458,SGR_ZONE_121,SNS_ACO_121_02,Acoustic,0.8877,2026-08-21 18:55:26
SNS_EVT_00459,SGR_ZONE_111,SNS_MOT_111_04,Motion,0.971,2026-08-21 05:15:23
SNS_EVT_00460,SGR_ZONE_094,SNS_VIB_094_01,Vibration,0.2596,2026-08-21 12:49:46
SNS_EVT_00461,SGR_ZONE_063,SNS_SEI_063_03,Seismic,0.111,2026-08-21 13:13:53
SNS_EVT_00462,SGR_ZONE_045,SNS_SEI_045_04,Seismic,0.4196,2026-08-21 17:11:54
SNS_EVT_00463,SGR_ZONE_092,SNS_SEI_092_03,Seismic,0.3312,2026-08-21 02:33:34
SNS_EVT_00464,SGR_ZONE_080,SNS_VIB_080_02,Vibration,0.3738,2026-08-21 22:21:20
SNS_EVT_00465,SGR_ZONE_026,SNS_VIB_026_01,Vibration,0.6747,2026-08-21 12:42:17
SNS_EVT_00466,SGR_ZONE_087,SNS_MOT_087_01,Motion,0.059,2026-08-21 07:50:41
SNS_EVT_00467,SGR_ZONE_135,SNS_INF_135_04,Infrared,0.4068,2026-08-21 07:47:44
SNS_EVT_00468,SGR_ZONE_077,SNS_MOT_077_03,Motion,0.176,2026-08-21 10:56:37
SNS_EVT_00469,SGR_ZONE_134,SNS_VIB_134_03,Vibration,0.4563,2026-08-21 23:44:34
SNS_EVT_00470,SGR_ZONE_001,SNS_SEI_001_01,Seismic,0.2347,2026-08-21 18:22:18
SNS_EVT_00471,SGR_ZONE_025,SNS_ACO_025_01,Acoustic,0.4955,2026-08-21 01:24:44
SNS_EVT_00472,SGR_ZONE_134,SNS_VIB_134_02,Vibration,0.1782,2026-08-21 19:17:59
SNS_EVT_00473,SGR_ZONE_088,SNS_SEI_088_01,Seismic,0.7431,2026-08-21 19:04:54
SNS_EVT_00474,SGR_ZONE_005,SNS_SEI_005_03,Seismic,0.3081,2026-08-21 08:07:02
SNS_EVT_00475,SGR_ZONE_110,SNS_MOT_110_02,Motion,0.3426,2026-08-21 11:36:09
SNS_EVT_00476,SGR_ZONE_073,SNS_SEI_073_03,Seismic,0.3482,2026-08-21 22:28:13
SNS_EVT_00477,SGR_ZONE_089,SNS_INF_089_04,Infrared,0.1763,2026-08-21 09:54:05
SNS_EVT_00478,SGR_ZONE_099,SNS_INF_099_03,Infrared,0.2089,2026-08-21 14:15:23
SNS_EVT_00479,SGR_ZONE_105,SNS_SEI_105_03,Seismic,0.5757,2026-08-21 07:50:07
SNS_EVT_00480,SGR_ZONE_080,SNS_SEI_080_03,Seismic,0.0804,2026-08-21 05:23:17
SNS_EVT_00481,SGR_ZONE_134,SNS_VIB_134_02,Vibration,0.7874,2026-08-21 02:10:37
SNS_EVT_00482,SGR_ZONE_078,SNS_ACO_078_02,Acoustic,0.3851,2026-08-21 15:31:21
SNS_EVT_00483,SGR_ZONE_059,SNS_MOT_059_01,Motion,0.2968,2026-08-21 21:44:39
SNS_EVT_00484,SGR_ZONE_007,SNS_ACO_007_01,Acoustic,0.4795,2026-08-21 20:32:49
SNS_EVT_00485,SGR_ZONE_063,SNS_SEI_063_01,Seismic,0.5293,2026-08-21 19:46:34
SNS_EVT_00486,SGR_ZONE_116,SNS_VIB_116_01,Vibration,0.5507,2026-08-21 13:49:14
SNS_EVT_00487,SGR_ZONE_079,SNS_ACO_079_03,Acoustic,0.2841,2026-08-21 01:23:39
SNS_EVT_00488,SGR_ZONE_096,SNS_VIB_096_04,Vibration,0.2388,2026-08-21 01:17:53
SNS_EVT_00489,SGR_ZONE_038,SNS_ACO_038_02,Acoustic,0.2761,2026-08-21 17:57:48
SNS_EVT_00490,SGR_ZONE_017,SNS_INF_017_03,Infrared,0.3377,2026-08-21 04:04:19
SNS_EVT_00491,SGR_ZONE_016,SNS_ACO_016_01,Acoustic,0.1975,2026-08-21 21:21:21
SNS_EVT_00492,SGR_ZONE_110,SNS_MOT_110_02,Motion,0.1954,2026-08-21 10:58:31
SNS_EVT_00493,SGR_ZONE_028,SNS_INF_028_01,Infrared,0.0951,2026-08-21 23:17:53
SNS_EVT_00494,SGR_ZONE_113,SNS_VIB_113_03,Vibration,0.9179,2026-08-21 03:02:06
SNS_EVT_00495,SGR_ZONE_146,SNS_INF_146_03,Infrared,0.2459,2026-08-21 10:28:20
SNS_EVT_00496,SGR_ZONE_078,SNS_MOT_078_03,Motion,0.7627,2026-08-21 21:10:19
SNS_EVT_00497,SGR_ZONE_126,SNS_VIB_126_03,Vibration,0.302,2026-08-21 14:45:55
SNS_EVT_00498,SGR_ZONE_022,SNS_ACO_022_04,Acoustic,0.8232,2026-08-21 21:39:25
SNS_EVT_00499,SGR_ZONE_080,SNS_SEI_080_01,Seismic,0.1107,2026-08-21 20:06:43
SNS_EVT_00500,SGR_ZONE_079,SNS_INF_079_02,Infrared,0.2958,2026-08-21 17:16:36
SNS_EVT_00501,SGR_ZONE_140,SNS_MOT_140_04,Motion,0.5279,2026-08-21 00:22:22
SNS_EVT_00502,SGR_ZONE_135,SNS_SEI_135_03,Seismic,0.1076,2026-08-21 00:15:22
SNS_EVT_00503,SGR_ZONE_038,SNS_VIB_038_02,Vibration,0.1499,2026-08-21 06:02:57
SNS_EVT_00504,SGR_ZONE_032,SNS_INF_032_03,Infrared,0.6294,2026-08-21 06:25:33
SNS_EVT_00505,SGR_ZONE_149,SNS_SEI_149_01,Seismic,0.1117,2026-08-21 15:40:31
SNS_EVT_00506,SGR_ZONE_015,SNS_ACO_015_04,Acoustic,0.9474,2026-08-21 14:24:22
SNS_EVT_00507,SGR_ZONE_022,SNS_INF_022_01,Infrared,0.3256,2026-08-21 23:39:45
SNS_EVT_00508,SGR_ZONE_120,SNS_MOT_120_01,Motion,0.5053,2026-08-21 03:16:16
SNS_EVT_00509,SGR_ZONE_117,SNS_INF_117_04,Infrared,0.5486,2026-08-21 09:44:16
SNS_EVT_00510,SGR_ZONE_018,SNS_INF_018_04,Infrared,0.7011,2026-08-21 19:55:55
SNS_EVT_00511,SGR_ZONE_047,SNS_ACO_047_04,Acoustic,0.3541,2026-08-21 19:25:24
SNS_EVT_00512,SGR_ZONE_092,SNS_MOT_092_02,Motion,0.1494,2026-08-21 02:42:48
SNS_EVT_00513,SGR_ZONE_055,SNS_INF_055_03,Infrared,0.2929,2026-08-21 23:53:00
SNS_EVT_00514,SGR_ZONE_049,SNS_MOT_049_02,Motion,0.3276,2026-08-21 19:15:06
SNS_EVT_00515,SGR_ZONE_078,SNS_ACO_078_02,Acoustic,0.0337,2026-08-21 19:03:25
SNS_EVT_00516,SGR_ZONE_002,SNS_SEI_002_02,Seismic,0.1434,2026-08-21 11:25:20
SNS_EVT_00517,SGR_ZONE_048,SNS_SEI_048_04,Seismic,0.2599,2026-08-21 13:02:54
SNS_EVT_00518,SGR_ZONE_012,SNS_INF_012_04,Infrared,0.9513,2026-08-21 21:17:11
SNS_EVT_00519,SGR_ZONE_123,SNS_VIB_123_03,Vibration,0.219,2026-08-21 04:47:06
SNS_EVT_00520,SGR_ZONE_069,SNS_ACO_069_03,Acoustic,0.417,2026-08-21 05:16:25
SNS_EVT_00521,SGR_ZONE_149,SNS_VIB_149_01,Vibration,0.1255,2026-08-21 13:09:11
SNS_EVT_00522,SGR_ZONE_038,SNS_SEI_038_03,Seismic,0.4402,2026-08-21 03:41:12
SNS_EVT_00523,SGR_ZONE_098,SNS_INF_098_01,Infrared,0.1587,2026-08-21 18:10:56
SNS_EVT_00524,SGR_ZONE_127,SNS_SEI_127_01,Seismic,0.3548,2026-08-21 15:07:35
SNS_EVT_00525,SGR_ZONE_106,SNS_SEI_106_01,Seismic,0.3856,2026-08-21 06:19:23
SNS_EVT_00526,SGR_ZONE_087,SNS_MOT_087_01,Motion,0.1841,2026-08-21 05:16:50
SNS_EVT_00527,SGR_ZONE_038,SNS_ACO_038_02,Acoustic,0.4002,2026-08-21 00:58:17
SNS_EVT_00528,SGR_ZONE_057,SNS_SEI_057_04,Seismic,0.2125,2026-08-21 09:25:24
SNS_EVT_00529,SGR_ZONE_075,SNS_INF_075_01,Infrared,0.1955,2026-08-21 00:36:33
SNS_EVT_00530,SGR_ZONE_084,SNS_ACO_084_03,Acoustic,0.8027,2026-08-21 09:22:51
SNS_EVT_00531,SGR_ZONE_139,SNS_INF_139_02,Infrared,0.6263,2026-08-21 17:36:29
SNS_EVT_00532,SGR_ZONE_019,SNS_INF_019_03,Infrared,0.3901,2026-08-21 21:12:18
SNS_EVT_00533,SGR_ZONE_029,SNS_ACO_029_02,Acoustic,0.213,2026-08-21 17:12:36
SNS_EVT_00534,SGR_ZONE_002,SNS_VIB_002_03,Vibration,0.298,2026-08-21 14:36:12
SNS_EVT_00535,SGR_ZONE_005,SNS_ACO_005_02,Acoustic,0.3973,2026-08-21 06:39:27
SNS_EVT_00536,SGR_ZONE_099,SNS_SEI_099_01,Seismic,0.0857,2026-08-21 20:47:44
SNS_EVT_00537,SGR_ZONE_123,SNS_VIB_123_03,Vibration,0.1493,2026-08-21 04:47:32
SNS_EVT_00538,SGR_ZONE_009,SNS_SEI_009_01,Seismic,0.1858,2026-08-21 12:38:41
SNS_EVT_00539,SGR_ZONE_109,SNS_INF_109_02,Infrared,0.1063,2026-08-21 04:50:09
SNS_EVT_00540,SGR_ZONE_121,SNS_VIB_121_01,Vibration,0.1806,2026-08-21 07:35:24
SNS_EVT_00541,SGR_ZONE_098,SNS_SEI_098_01,Seismic,0.1272,2026-08-21 22:33:40
SNS_EVT_00542,SGR_ZONE_004,SNS_VIB_004_01,Vibration,0.3879,2026-08-21 01:41:00
SNS_EVT_00543,SGR_ZONE_096,SNS_INF_096_01,Infrared,0.1215,2026-08-21 16:37:22
SNS_EVT_00544,SGR_ZONE_150,SNS_SEI_150_01,Seismic,0.9233,2026-08-21 14:30:46
SNS_EVT_00545,SGR_ZONE_048,SNS_ACO_048_03,Acoustic,0.3195,2026-08-21 14:26:03
SNS_EVT_00546,SGR_ZONE_113,SNS_INF_113_01,Infrared,0.45,2026-08-21 11:30:57
SNS_EVT_00547,SGR_ZONE_087,SNS_VIB_087_04,Vibration,0.2355,2026-08-21 12:18:29
SNS_EVT_00548,SGR_ZONE_045,SNS_INF_045_02,Infrared,0.2489,2026-08-21 11:52:03
SNS_EVT_00549,SGR_ZONE_034,SNS_INF_034_01,Infrared,0.367,2026-08-21 09:37:26
SNS_EVT_00550,SGR_ZONE_128,SNS_ACO_128_01,Acoustic,0.7061,2026-08-21 04:57:56
SNS_EVT_00551,SGR_ZONE_062,SNS_SEI_062_01,Seismic,0.8707,2026-08-21 10:48:35
SNS_EVT_00552,SGR_ZONE_122,SNS_SEI_122_02,Seismic,0.2044,2026-08-21 15:55:45
SNS_EVT_00553,SGR_ZONE_116,SNS_SEI_116_02,Seismic,0.4797,2026-08-21 00:44:02
SNS_EVT_00554,SGR_ZONE_021,SNS_ACO_021_01,Acoustic,0.7323,2026-08-21 01:20:55
SNS_EVT_00555,SGR_ZONE_112,SNS_ACO_112_01,Acoustic,0.4593,2026-08-21 03:18:16
SNS_EVT_00556,SGR_ZONE_069,SNS_INF_069_01,Infrared,0.7362,2026-08-21 11:03:23
SNS_EVT_00557,SGR_ZONE_029,SNS_MOT_029_04,Motion,0.2064,2026-08-21 16:29:23
SNS_EVT_00558,SGR_ZONE_099,SNS_MOT_099_01,Motion,0.3976,2026-08-21 21:26:18
SNS_EVT_00559,SGR_ZONE_109,SNS_SEI_109_04,Seismic,0.8815,2026-08-21 21:17:47
SNS_EVT_00560,SGR_ZONE_027,SNS_SEI_027_02,Seismic,0.0845,2026-08-21 01:06:35
SNS_EVT_00561,SGR_ZONE_146,SNS_SEI_146_02,Seismic,0.21,2026-08-21 17:04:13
SNS_EVT_00562,SGR_ZONE_004,SNS_SEI_004_04,Seismic,0.3268,2026-08-21 19:37:54
SNS_EVT_00563,SGR_ZONE_068,SNS_MOT_068_01,Motion,0.0376,2026-08-21 11:57:16
SNS_EVT_00564,SGR_ZONE_071,SNS_MOT_071_03,Motion,0.5105,2026-08-21 12:57:50
SNS_EVT_00565,SGR_ZONE_126,SNS_INF_126_04,Infrared,0.0228,2026-08-21 21:09:50
SNS_EVT_00566,SGR_ZONE_067,SNS_VIB_067_04,Vibration,0.9003,2026-08-21 19:05:18
SNS_EVT_00567,SGR_ZONE_069,SNS_INF_069_01,Infrared,0.2569,2026-08-21 02:03:56
SNS_EVT_00568,SGR_ZONE_101,SNS_ACO_101_03,Acoustic,0.8805,2026-08-21 03:39:48
SNS_EVT_00569,SGR_ZONE_099,SNS_MOT_099_01,Motion,0.3102,2026-08-21 21:46:42
SNS_EVT_00570,SGR_ZONE_067,SNS_ACO_067_04,Acoustic,0.2832,2026-08-21 20:44:11
SNS_EVT_00571,SGR_ZONE_013,SNS_INF_013_01,Infrared,0.2646,2026-08-21 10:06:52
SNS_EVT_00572,SGR_ZONE_138,SNS_INF_138_04,Infrared,0.1393,2026-08-21 01:49:15
SNS_EVT_00573,SGR_ZONE_140,SNS_MOT_140_01,Motion,0.3097,2026-08-21 21:19:24
SNS_EVT_00574,SGR_ZONE_079,SNS_SEI_079_01,Seismic,0.1752,2026-08-21 06:17:37
SNS_EVT_00575,SGR_ZONE_118,SNS_VIB_118_01,Vibration,0.3706,2026-08-21 17:22:32
SNS_EVT_00576,SGR_ZONE_016,SNS_ACO_016_02,Acoustic,0.1751,2026-08-21 20:38:44
SNS_EVT_00577,SGR_ZONE_148,SNS_VIB_148_03,Vibration,0.7121,2026-08-21 05:04:22
SNS_EVT_00578,SGR_ZONE_053,SNS_INF_053_04,Infrared,0.4563,2026-08-21 03:02:55
SNS_EVT_00579,SGR_ZONE_064,SNS_VIB_064_04,Vibration,0.7257,2026-08-21 14:17:58
SNS_EVT_00580,SGR_ZONE_099,SNS_ACO_099_03,Acoustic,0.0631,2026-08-21 01:17:43
SNS_EVT_00581,SGR_ZONE_069,SNS_MOT_069_02,Motion,0.4698,2026-08-21 15:48:02
SNS_EVT_00582,SGR_ZONE_133,SNS_INF_133_01,Infrared,0.1194,2026-08-21 14:58:15
SNS_EVT_00583,SGR_ZONE_001,SNS_VIB_001_03,Vibration,0.8878,2026-08-21 05:25:57
SNS_EVT_00584,SGR_ZONE_062,SNS_ACO_062_02,Acoustic,0.4505,2026-08-21 20:07:50
SNS_EVT_00585,SGR_ZONE_085,SNS_SEI_085_04,Seismic,0.9119,2026-08-21 21:15:35
SNS_EVT_00586,SGR_ZONE_084,SNS_VIB_084_02,Vibration,0.1645,2026-08-21 15:37:30
SNS_EVT_00587,SGR_ZONE_014,SNS_VIB_014_01,Vibration,0.3563,2026-08-21 07:22:28
SNS_EVT_00588,SGR_ZONE_133,SNS_INF_133_03,Infrared,0.2505,2026-08-21 00:22:09
SNS_EVT_00589,SGR_ZONE_125,SNS_ACO_125_02,Acoustic,0.0707,2026-08-21 11:21:36
SNS_EVT_00590,SGR_ZONE_148,SNS_SEI_148_01,Seismic,0.3998,2026-08-21 02:45:54
SNS_EVT_00591,SGR_ZONE_075,SNS_SEI_075_01,Seismic,0.2968,2026-08-21 15:39:15
SNS_EVT_00592,SGR_ZONE_059,SNS_MOT_059_03,Motion,0.1759,2026-08-21 18:03:42
SNS_EVT_00593,SGR_ZONE_069,SNS_ACO_069_01,Acoustic,0.2165,2026-08-21 06:02:11
SNS_EVT_00594,SGR_ZONE_007,SNS_MOT_007_02,Motion,0.2167,2026-08-21 12:00:59
SNS_EVT_00595,SGR_ZONE_056,SNS_ACO_056_04,Acoustic,0.2692,2026-08-21 04:50:21
SNS_EVT_00596,SGR_ZONE_107,SNS_VIB_107_04,Vibration,0.0733,2026-08-21 15:40:17
SNS_EVT_00597,SGR_ZONE_022,SNS_INF_022_01,Infrared,0.2408,2026-08-21 16:36:01
SNS_EVT_00598,SGR_ZONE_142,SNS_ACO_142_01,Acoustic,0.0856,2026-08-21 04:17:15
SNS_EVT_00599,SGR_ZONE_132,SNS_SEI_132_01,Seismic,0.1504,2026-08-21 09:42:16
SNS_EVT_00600,SGR_ZONE_069,SNS_VIB_069_02,Vibration,0.1016,2026-08-21 17:13:24
SNS_EVT_00601,SGR_ZONE_143,SNS_INF_143_01,Infrared,0.072,2026-08-21 10:13:02
SNS_EVT_00602,SGR_ZONE_114,SNS_INF_114_04,Infrared,0.9255,2026-08-21 12:03:54
SNS_EVT_00603,SGR_ZONE_097,SNS_SEI_097_04,Seismic,0.1981,2026-08-21 08:41:31
SNS_EVT_00604,SGR_ZONE_033,SNS_ACO_033_02,Acoustic,0.8118,2026-08-21 02:45:03
SNS_EVT_00605,SGR_ZONE_025,SNS_ACO_025_01,Acoustic,0.4313,2026-08-21 12:45:04
SNS_EVT_00606,SGR_ZONE_058,SNS_INF_058_04,Infrared,0.2848,2026-08-21 05:53:54
SNS_EVT_00607,SGR_ZONE_067,SNS_VIB_067_03,Vibration,0.4789,2026-08-21 09:11:48
SNS_EVT_00608,SGR_ZONE_011,SNS_INF_011_02,Infrared,0.4443,2026-08-21 17:42:59
SNS_EVT_00609,SGR_ZONE_030,SNS_INF_030_01,Infrared,0.2882,2026-08-21 07:31:25
SNS_EVT_00610,SGR_ZONE_027,SNS_ACO_027_04,Acoustic,0.4503,2026-08-21 00:46:15
SNS_EVT_00611,SGR_ZONE_023,SNS_INF_023_04,Infrared,0.225,2026-08-21 21:14:12
SNS_EVT_00612,SGR_ZONE_107,SNS_MOT_107_03,Motion,0.2107,2026-08-21 15:00:48
SNS_EVT_00613,SGR_ZONE_130,SNS_MOT_130_02,Motion,0.1428,2026-08-21 09:16:54
SNS_EVT_00614,SGR_ZONE_070,SNS_INF_070_03,Infrared,0.9604,2026-08-21 20:40:09
SNS_EVT_00615,SGR_ZONE_009,SNS_SEI_009_02,Seismic,0.2221,2026-08-21 18:02:17
SNS_EVT_00616,SGR_ZONE_103,SNS_MOT_103_04,Motion,0.4588,2026-08-21 11:12:40
SNS_EVT_00617,SGR_ZONE_130,SNS_VIB_130_01,Vibration,0.1061,2026-08-21 02:47:53
SNS_EVT_00618,SGR_ZONE_143,SNS_SEI_143_03,Seismic,0.1705,2026-08-21 02:57:13
SNS_EVT_00619,SGR_ZONE_025,SNS_MOT_025_01,Motion,0.0517,2026-08-21 20:26:41
SNS_EVT_00620,SGR_ZONE_123,SNS_SEI_123_04,Seismic,0.3612,2026-08-21 06:11:01
SNS_EVT_00621,SGR_ZONE_046,SNS_VIB_046_01,Vibration,0.4028,2026-08-21 01:39:40
SNS_EVT_00622,SGR_ZONE_027,SNS_ACO_027_02,Acoustic,0.8916,2026-08-21 01:56:31
SNS_EVT_00623,SGR_ZONE_026,SNS_MOT_026_01,Motion,0.4485,2026-08-21 18:34:11
SNS_EVT_00624,SGR_ZONE_094,SNS_VIB_094_02,Vibration,0.2179,2026-08-21 04:23:39
SNS_EVT_00625,SGR_ZONE_016,SNS_INF_016_04,Infrared,0.1399,2026-08-21 17:12:59
SNS_EVT_00626,SGR_ZONE_015,SNS_SEI_015_01,Seismic,0.9426,2026-08-21 04:59:54
SNS_EVT_00627,SGR_ZONE_016,SNS_ACO_016_04,Acoustic,0.7537,2026-08-21 22:56:42
SNS_EVT_00628,SGR_ZONE_142,SNS_VIB_142_04,Vibration,0.2969,2026-08-21 00:38:39
SNS_EVT_00629,SGR_ZONE_018,SNS_MOT_018_01,Motion,0.3885,2026-08-21 01:19:24
SNS_EVT_00630,SGR_ZONE_074,SNS_INF_074_04,Infrared,0.3949,2026-08-21 15:06:15
SNS_EVT_00631,SGR_ZONE_016,SNS_SEI_016_03,Seismic,0.1952,2026-08-21 23:26:19
SNS_EVT_00632,SGR_ZONE_066,SNS_MOT_066_04,Motion,0.3272,2026-08-21 04:05:44
SNS_EVT_00633,SGR_ZONE_026,SNS_MOT_026_02,Motion,0.0553,2026-08-21 09:31:16
SNS_EVT_00634,SGR_ZONE_142,SNS_SEI_142_04,Seismic,0.182,2026-08-21 19:17:45
SNS_EVT_00635,SGR_ZONE_146,SNS_VIB_146_02,Vibration,0.1598,2026-08-21 20:27:34
SNS_EVT_00636,SGR_ZONE_011,SNS_MOT_011_04,Motion,0.3115,2026-08-21 04:14:28
SNS_EVT_00637,SGR_ZONE_114,SNS_ACO_114_02,Acoustic,0.9379,2026-08-21 18:10:27
SNS_EVT_00638,SGR_ZONE_123,SNS_VIB_123_03,Vibration,0.4566,2026-08-21 02:10:43
SNS_EVT_00639,SGR_ZONE_067,SNS_VIB_067_03,Vibration,0.0685,2026-08-21 19:43:31
SNS_EVT_00640,SGR_ZONE_050,SNS_VIB_050_01,Vibration,0.7148,2026-08-21 18:48:16
SNS_EVT_00641,SGR_ZONE_043,SNS_INF_043_02,Infrared,0.5059,2026-08-21 22:28:16
SNS_EVT_00642,SGR_ZONE_135,SNS_SEI_135_02,Seismic,0.1163,2026-08-21 23:37:33
SNS_EVT_00643,SGR_ZONE_047,SNS_ACO_047_02,Acoustic,0.8969,2026-08-21 22:20:33
SNS_EVT_00644,SGR_ZONE_139,SNS_INF_139_03,Infrared,0.043,2026-08-21 20:07:03
SNS_EVT_00645,SGR_ZONE_100,SNS_VIB_100_01,Vibration,0.1744,2026-08-21 01:06:39
SNS_EVT_00646,SGR_ZONE_092,SNS_SEI_092_03,Seismic,0.1239,2026-08-21 06:37:27
SNS_EVT_00647,SGR_ZONE_067,SNS_SEI_067_03,Seismic,0.3207,2026-08-21 22:06:22
SNS_EVT_00648,SGR_ZONE_110,SNS_INF_110_02,Infrared,0.1479,2026-08-21 19:13:43
SNS_EVT_00649,SGR_ZONE_025,SNS_ACO_025_03,Acoustic,0.281,2026-08-21 20:58:46
SNS_EVT_00650,SGR_ZONE_138,SNS_ACO_138_02,Acoustic,0.9418,2026-08-21 07:43:28
SNS_EVT_00651,SGR_ZONE_123,SNS_INF_123_01,Infrared,0.0901,2026-08-21 21:59:32
SNS_EVT_00652,SGR_ZONE_111,SNS_SEI_111_03,Seismic,0.2011,2026-08-21 07:31:04
SNS_EVT_00653,SGR_ZONE_017,SNS_MOT_017_02,Motion,0.1194,2026-08-21 19:49:24
SNS_EVT_00654,SGR_ZONE_067,SNS_SEI_067_02,Seismic,0.3395,2026-08-21 10:34:48
SNS_EVT_00655,SGR_ZONE_046,SNS_VIB_046_03,Vibration,0.3941,2026-08-21 08:32:59
SNS_EVT_00656,SGR_ZONE_113,SNS_VIB_113_01,Vibration,0.4322,2026-08-21 00:19:56
SNS_EVT_00657,SGR_ZONE_046,SNS_INF_046_01,Infrared,0.9008,2026-08-21 21:35:38
SNS_EVT_00658,SGR_ZONE_053,SNS_INF_053_02,Infrared,0.134,2026-08-21 23:34:12
SNS_EVT_00659,SGR_ZONE_102,SNS_ACO_102_03,Acoustic,0.1688,2026-08-21 06:11:06
SNS_EVT_00660,SGR_ZONE_128,SNS_ACO_128_03,Acoustic,0.1321,2026-08-21 12:54:54
SNS_EVT_00661,SGR_ZONE_036,SNS_MOT_036_04,Motion,0.2062,2026-08-21 14:30:39
SNS_EVT_00662,SGR_ZONE_033,SNS_SEI_033_02,Seismic,0.0622,2026-08-21 12:54:20
SNS_EVT_00663,SGR_ZONE_109,SNS_VIB_109_04,Vibration,0.4537,2026-08-21 02:44:38
SNS_EVT_00664,SGR_ZONE_037,SNS_INF_037_02,Infrared,0.3181,2026-08-21 15:45:26
SNS_EVT_00665,SGR_ZONE_136,SNS_SEI_136_02,Seismic,0.78,2026-08-21 15:18:55
SNS_EVT_00666,SGR_ZONE_136,SNS_VIB_136_01,Vibration,0.4522,2026-08-21 11:31:24
SNS_EVT_00667,SGR_ZONE_103,SNS_INF_103_03,Infrared,0.3095,2026-08-21 21:56:04
SNS_EVT_00668,SGR_ZONE_144,SNS_MOT_144_04,Motion,0.092,2026-08-21 20:27:05
SNS_EVT_00669,SGR_ZONE_148,SNS_VIB_148_03,Vibration,0.8667,2026-08-21 17:33:10
SNS_EVT_00670,SGR_ZONE_118,SNS_MOT_118_03,Motion,0.8398,2026-08-21 23:06:53
SNS_EVT_00671,SGR_ZONE_131,SNS_ACO_131_02,Acoustic,0.3348,2026-08-21 12:43:26
SNS_EVT_00672,SGR_ZONE_062,SNS_ACO_062_01,Acoustic,0.2625,2026-08-21 14:33:35
SNS_EVT_00673,SGR_ZONE_101,SNS_MOT_101_04,Motion,0.4765,2026-08-21 18:46:05
SNS_EVT_00674,SGR_ZONE_016,SNS_INF_016_04,Infrared,0.2423,2026-08-21 13:54:00
SNS_EVT_00675,SGR_ZONE_049,SNS_SEI_049_01,Seismic,0.3049,2026-08-21 06:32:06
SNS_EVT_00676,SGR_ZONE_122,SNS_ACO_122_01,Acoustic,0.9192,2026-08-21 11:33:06
SNS_EVT_00677,SGR_ZONE_075,SNS_VIB_075_04,Vibration,0.3903,2026-08-21 03:10:28
SNS_EVT_00678,SGR_ZONE_016,SNS_VIB_016_01,Vibration,0.138,2026-08-21 23:05:25
SNS_EVT_00679,SGR_ZONE_071,SNS_MOT_071_03,Motion,0.1819,2026-08-21 05:48:56
SNS_EVT_00680,SGR_ZONE_061,SNS_SEI_061_02,Seismic,0.8238,2026-08-21 00:00:12
SNS_EVT_00681,SGR_ZONE_101,SNS_SEI_101_01,Seismic,0.0837,2026-08-21 20:16:21
SNS_EVT_00682,SGR_ZONE_002,SNS_VIB_002_04,Vibration,0.594,2026-08-21 22:38:19
SNS_EVT_00683,SGR_ZONE_014,SNS_SEI_014_01,Seismic,0.3428,2026-08-21 23:02:24
SNS_EVT_00684,SGR_ZONE_019,SNS_MOT_019_02,Motion,0.1935,2026-08-21 00:04:25
SNS_EVT_00685,SGR_ZONE_077,SNS_ACO_077_01,Acoustic,0.0591,2026-08-21 15:13:11
SNS_EVT_00686,SGR_ZONE_145,SNS_MOT_145_01,Motion,0.7361,2026-08-21 05:35:23
SNS_EVT_00687,SGR_ZONE_043,SNS_ACO_043_02,Acoustic,0.1686,2026-08-21 14:25:07
SNS_EVT_00688,SGR_ZONE_051,SNS_VIB_051_02,Vibration,0.0937,2026-08-21 10:35:51
SNS_EVT_00689,SGR_ZONE_031,SNS_MOT_031_01,Motion,0.5896,2026-08-21 08:09:59
SNS_EVT_00690,SGR_ZONE_130,SNS_ACO_130_03,Acoustic,0.481,2026-08-21 09:37:46
SNS_EVT_00691,SGR_ZONE_057,SNS_INF_057_02,Infrared,0.3854,2026-08-21 01:42:25
SNS_EVT_00692,SGR_ZONE_071,SNS_INF_071_01,Infrared,0.6013,2026-08-21 22:20:23
SNS_EVT_00693,SGR_ZONE_068,SNS_SEI_068_02,Seismic,0.6362,2026-08-21 10:23:59
SNS_EVT_00694,SGR_ZONE_095,SNS_VIB_095_04,Vibration,0.3607,2026-08-21 16:10:50
SNS_EVT_00695,SGR_ZONE_043,SNS_VIB_043_01,Vibration,0.143,2026-08-21 09:58:41
SNS_EVT_00696,SGR_ZONE_142,SNS_SEI_142_03,Seismic,0.1627,2026-08-21 09:01:16
SNS_EVT_00697,SGR_ZONE_120,SNS_SEI_120_03,Seismic,0.0295,2026-08-21 03:59:39
SNS_EVT_00698,SGR_ZONE_045,SNS_SEI_045_01,Seismic,0.177,2026-08-21 18:47:46
SNS_EVT_00699,SGR_ZONE_007,SNS_VIB_007_04,Vibration,0.1974,2026-08-21 00:01:29
SNS_EVT_00700,SGR_ZONE_020,SNS_SEI_020_02,Seismic,0.137,2026-08-21 12:17:58
SNS_EVT_00701,SGR_ZONE_088,SNS_INF_088_04,Infrared,0.2091,2026-08-21 00:41:20
SNS_EVT_00702,SGR_ZONE_137,SNS_SEI_137_03,Seismic,0.2625,2026-08-21 06:55:22
SNS_EVT_00703,SGR_ZONE_025,SNS_ACO_025_01,Acoustic,0.1691,2026-08-21 05:36:30
SNS_EVT_00704,SGR_ZONE_062,SNS_VIB_062_02,Vibration,0.9436,2026-08-21 15:21:11
SNS_EVT_00705,SGR_ZONE_051,SNS_INF_051_01,Infrared,0.2412,2026-08-21 19:09:22
SNS_EVT_00706,SGR_ZONE_105,SNS_INF_105_04,Infrared,0.8927,2026-08-21 14:48:27
SNS_EVT_00707,SGR_ZONE_023,SNS_VIB_023_03,Vibration,0.4139,2026-08-21 16:46:08
SNS_EVT_00708,SGR_ZONE_010,SNS_VIB_010_01,Vibration,0.5139,2026-08-21 08:01:36
SNS_EVT_00709,SGR_ZONE_129,SNS_SEI_129_04,Seismic,0.1292,2026-08-21 05:49:01
SNS_EVT_00710,SGR_ZONE_094,SNS_INF_094_04,Infrared,0.8432,2026-08-21 07:09:45
SNS_EVT_00711,SGR_ZONE_069,SNS_INF_069_03,Infrared,0.6605,2026-08-21 17:09:33
SNS_EVT_00712,SGR_ZONE_110,SNS_ACO_110_03,Acoustic,0.2566,2026-08-21 15:38:16
SNS_EVT_00713,SGR_ZONE_019,SNS_VIB_019_03,Vibration,0.9545,2026-08-21 18:30:25
SNS_EVT_00714,SGR_ZONE_023,SNS_VIB_023_01,Vibration,0.8736,2026-08-21 21:33:07
SNS_EVT_00715,SGR_ZONE_059,SNS_MOT_059_04,Motion,0.2288,2026-08-21 08:09:54
SNS_EVT_00716,SGR_ZONE_132,SNS_ACO_132_02,Acoustic,0.288,2026-08-21 02:28:17
SNS_EVT_00717,SGR_ZONE_020,SNS_INF_020_01,Infrared,0.0959,2026-08-21 02:43:21
SNS_EVT_00718,SGR_ZONE_145,SNS_ACO_145_01,Acoustic,0.245,2026-08-21 11:39:37
SNS_EVT_00719,SGR_ZONE_047,SNS_SEI_047_04,Seismic,0.8129,2026-08-21 11:08:12
SNS_EVT_00720,SGR_ZONE_048,SNS_INF_048_02,Infrared,0.1481,2026-08-21 12:57:27
SNS_EVT_00721,SGR_ZONE_066,SNS_INF_066_02,Infrared,0.8586,2026-08-21 16:23:29
SNS_EVT_00722,SGR_ZONE_141,SNS_ACO_141_03,Acoustic,0.9294,2026-08-21 15:13:15
SNS_EVT_00723,SGR_ZONE_059,SNS_VIB_059_01,Vibration,0.5022,2026-08-21 14:17:27
SNS_EVT_00724,SGR_ZONE_023,SNS_MOT_023_01,Motion,0.8157,2026-08-21 21:43:10
SNS_EVT_00725,SGR_ZONE_052,SNS_MOT_052_03,Motion,0.1885,2026-08-21 22:04:54
SNS_EVT_00726,SGR_ZONE_061,SNS_MOT_061_04,Motion,0.3558,2026-08-21 17:46:40
SNS_EVT_00727,SGR_ZONE_082,SNS_ACO_082_02,Acoustic,0.1813,2026-08-21 06:18:56
SNS_EVT_00728,SGR_ZONE_120,SNS_VIB_120_03,Vibration,0.3501,2026-08-21 01:22:22
SNS_EVT_00729,SGR_ZONE_144,SNS_MOT_144_01,Motion,0.0953,2026-08-21 18:08:12
SNS_EVT_00730,SGR_ZONE_055,SNS_VIB_055_03,Vibration,0.1596,2026-08-21 09:35:19
SNS_EVT_00731,SGR_ZONE_109,SNS_SEI_109_03,Seismic,0.3176,2026-08-21 11:20:24
SNS_EVT_00732,SGR_ZONE_011,SNS_MOT_011_02,Motion,0.0558,2026-08-21 16:24:58
SNS_EVT_00733,SGR_ZONE_072,SNS_VIB_072_01,Vibration,0.374,2026-08-21 01:13:45
SNS_EVT_00734,SGR_ZONE_001,SNS_INF_001_02,Infrared,0.1158,2026-08-21 07:33:01
SNS_EVT_00735,SGR_ZONE_027,SNS_INF_027_03,Infrared,0.1435,2026-08-21 12:59:01
SNS_EVT_00736,SGR_ZONE_124,SNS_ACO_124_04,Acoustic,0.493,2026-08-21 08:51:27
SNS_EVT_00737,SGR_ZONE_065,SNS_MOT_065_03,Motion,0.2024,2026-08-21 16:05:39
SNS_EVT_00738,SGR_ZONE_053,SNS_SEI_053_03,Seismic,0.3311,2026-08-21 15:38:27
SNS_EVT_00739,SGR_ZONE_037,SNS_ACO_037_02,Acoustic,0.2133,2026-08-21 06:41:27
SNS_EVT_00740,SGR_ZONE_023,SNS_VIB_023_01,Vibration,0.1623,2026-08-21 21:48:56
SNS_EVT_00741,SGR_ZONE_062,SNS_INF_062_03,Infrared,0.4594,2026-08-21 21:41:42
SNS_EVT_00742,SGR_ZONE_057,SNS_VIB_057_01,Vibration,0.3089,2026-08-21 19:33:31
SNS_EVT_00743,SGR_ZONE_121,SNS_ACO_121_03,Acoustic,0.4101,2026-08-21 00:27:30
SNS_EVT_00744,SGR_ZONE_118,SNS_INF_118_04,Infrared,0.2079,2026-08-21 19:33:37
SNS_EVT_00745,SGR_ZONE_026,SNS_INF_026_04,Infrared,0.9117,2026-08-21 23:12:42
SNS_EVT_00746,SGR_ZONE_076,SNS_ACO_076_03,Acoustic,0.1553,2026-08-21 17:43:35
SNS_EVT_00747,SGR_ZONE_017,SNS_SEI_017_04,Seismic,0.2355,2026-08-21 01:56:24
SNS_EVT_00748,SGR_ZONE_026,SNS_ACO_026_03,Acoustic,0.0758,2026-08-21 08:36:50
SNS_EVT_00749,SGR_ZONE_015,SNS_INF_015_03,Infrared,0.2611,2026-08-21 04:54:30
SNS_EVT_00750,SGR_ZONE_031,SNS_SEI_031_02,Seismic,0.7032,2026-08-21 14:56:14
SNS_EVT_00751,SGR_ZONE_110,SNS_VIB_110_03,Vibration,0.2787,2026-08-21 10:15:32
SNS_EVT_00752,SGR_ZONE_093,SNS_SEI_093_02,Seismic,0.4754,2026-08-21 14:01:23
SNS_EVT_00753,SGR_ZONE_064,SNS_SEI_064_02,Seismic,0.012,2026-08-21 00:42:49
SNS_EVT_00754,SGR_ZONE_110,SNS_ACO_110_02,Acoustic,0.0957,2026-08-21 21:55:30
SNS_EVT_00755,SGR_ZONE_037,SNS_ACO_037_02,Acoustic,0.7413,2026-08-21 09:47:09
SNS_EVT_00756,SGR_ZONE_081,SNS_VIB_081_04,Vibration,0.2376,2026-08-21 15:07:48
SNS_EVT_00757,SGR_ZONE_056,SNS_MOT_056_04,Motion,0.5795,2026-08-21 10:28:49
SNS_EVT_00758,SGR_ZONE_002,SNS_MOT_002_04,Motion,0.7719,2026-08-21 10:56:49
SNS_EVT_00759,SGR_ZONE_037,SNS_INF_037_03,Infrared,0.1223,2026-08-21 11:16:24
SNS_EVT_00760,SGR_ZONE_061,SNS_ACO_061_03,Acoustic,0.4431,2026-08-21 08:58:44
SNS_EVT_00761,SGR_ZONE_061,SNS_VIB_061_02,Vibration,0.2574,2026-08-21 10:29:34
SNS_EVT_00762,SGR_ZONE_105,SNS_VIB_105_03,Vibration,0.1403,2026-08-21 20:25:56
SNS_EVT_00763,SGR_ZONE_147,SNS_INF_147_01,Infrared,0.3516,2026-08-21 03:42:36
SNS_EVT_00764,SGR_ZONE_066,SNS_MOT_066_04,Motion,0.094,2026-08-21 01:41:43
SNS_EVT_00765,SGR_ZONE_072,SNS_ACO_072_02,Acoustic,0.8207,2026-08-21 07:21:17
SNS_EVT_00766,SGR_ZONE_061,SNS_INF_061_02,Infrared,0.3116,2026-08-21 06:30:47
SNS_EVT_00767,SGR_ZONE_126,SNS_SEI_126_01,Seismic,0.3272,2026-08-21 22:53:53
SNS_EVT_00768,SGR_ZONE_059,SNS_SEI_059_03,Seismic,0.351,2026-08-21 11:00:20
SNS_EVT_00769,SGR_ZONE_021,SNS_SEI_021_02,Seismic,0.158,2026-08-21 14:04:03
SNS_EVT_00770,SGR_ZONE_028,SNS_VIB_028_04,Vibration,0.2398,2026-08-21 23:22:17
SNS_EVT_00771,SGR_ZONE_129,SNS_ACO_129_04,Acoustic,0.2378,2026-08-21 03:48:13
SNS_EVT_00772,SGR_ZONE_150,SNS_ACO_150_03,Acoustic,0.23,2026-08-21 08:57:34
SNS_EVT_00773,SGR_ZONE_038,SNS_ACO_038_01,Acoustic,0.1012,2026-08-21 16:56:58
SNS_EVT_00774,SGR_ZONE_142,SNS_SEI_142_04,Seismic,0.2842,2026-08-21 00:28:04
SNS_EVT_00775,SGR_ZONE_080,SNS_MOT_080_04,Motion,0.143,2026-08-21 02:58:49
SNS_EVT_00776,SGR_ZONE_052,SNS_INF_052_01,Infrared,0.6115,2026-08-21 04:55:02
SNS_EVT_00777,SGR_ZONE_061,SNS_SEI_061_03,Seismic,0.4444,2026-08-21 23:52:06
SNS_EVT_00778,SGR_ZONE_097,SNS_VIB_097_01,Vibration,0.7363,2026-08-21 01:57:25
SNS_EVT_00779,SGR_ZONE_129,SNS_SEI_129_03,Seismic,0.4797,2026-08-21 22:55:25
SNS_EVT_00780,SGR_ZONE_087,SNS_INF_087_02,Infrared,0.1719,2026-08-21 08:41:50
SNS_EVT_00781,SGR_ZONE_016,SNS_INF_016_02,Infrared,0.4229,2026-08-21 15:20:18
SNS_EVT_00782,SGR_ZONE_089,SNS_ACO_089_01,Acoustic,0.3116,2026-08-21 08:24:24
SNS_EVT_00783,SGR_ZONE_002,SNS_ACO_002_02,Acoustic,0.5717,2026-08-21 22:50:17
SNS_EVT_00784,SGR_ZONE_008,SNS_MOT_008_03,Motion,0.1916,2026-08-21 23:45:34
SNS_EVT_00785,SGR_ZONE_037,SNS_MOT_037_03,Motion,0.909,2026-08-21 03:26:27
SNS_EVT_00786,SGR_ZONE_125,SNS_ACO_125_04,Acoustic,0.2764,2026-08-21 16:43:56
SNS_EVT_00787,SGR_ZONE_045,SNS_INF_045_01,Infrared,0.9773,2026-08-21 07:02:57
SNS_EVT_00788,SGR_ZONE_025,SNS_INF_025_01,Infrared,0.3272,2026-08-21 06:15:15
SNS_EVT_00789,SGR_ZONE_038,SNS_MOT_038_03,Motion,0.143,2026-08-21 15:51:28
SNS_EVT_00790,SGR_ZONE_144,SNS_SEI_144_01,Seismic,0.2699,2026-08-21 21:49:55
SNS_EVT_00791,SGR_ZONE_137,SNS_MOT_137_02,Motion,0.3121,2026-08-21 02:04:13
SNS_EVT_00792,SGR_ZONE_067,SNS_INF_067_01,Infrared,0.7996,2026-08-21 04:21:16
SNS_EVT_00793,SGR_ZONE_118,SNS_SEI_118_01,Seismic,0.9274,2026-08-21 00:16:11
SNS_EVT_00794,SGR_ZONE_004,SNS_VIB_004_01,Vibration,0.2682,2026-08-21 04:16:29
SNS_EVT_00795,SGR_ZONE_073,SNS_MOT_073_03,Motion,0.1804,2026-08-21 12:46:45
SNS_EVT_00796,SGR_ZONE_120,SNS_SEI_120_02,Seismic,0.5669,2026-08-21 02:06:35
SNS_EVT_00797,SGR_ZONE_015,SNS_ACO_015_01,Acoustic,0.3783,2026-08-21 09:27:56
SNS_EVT_00798,SGR_ZONE_147,SNS_ACO_147_04,Acoustic,0.1944,2026-08-21 00:19:12
SNS_EVT_00799,SGR_ZONE_005,SNS_VIB_005_02,Vibration,0.1439,2026-08-21 03:29:18
SNS_EVT_00800,SGR_ZONE_095,SNS_MOT_095_01,Motion,0.7405,2026-08-21 05:25:01
SNS_EVT_00801,SGR_ZONE_109,SNS_VIB_109_01,Vibration,0.3083,2026-08-21 01:39:37
SNS_EVT_00802,SGR_ZONE_048,SNS_ACO_048_01,Acoustic,0.9268,2026-08-21 15:30:05
SNS_EVT_00803,SGR_ZONE_090,SNS_ACO_090_03,Acoustic,0.5991,2026-08-21 23:50:31
SNS_EVT_00804,SGR_ZONE_025,SNS_SEI_025_04,Seismic,0.0986,2026-08-21 09:45:21
SNS_EVT_00805,SGR_ZONE_089,SNS_VIB_089_02,Vibration,0.1951,2026-08-21 06:16:49
SNS_EVT_00806,SGR_ZONE_032,SNS_ACO_032_01,Acoustic,0.1198,2026-08-21 04:57:34
SNS_EVT_00807,SGR_ZONE_101,SNS_ACO_101_01,Acoustic,0.9645,2026-08-21 13:22:18
SNS_EVT_00808,SGR_ZONE_046,SNS_VIB_046_01,Vibration,0.4273,2026-08-21 19:40:34
SNS_EVT_00809,SGR_ZONE_028,SNS_MOT_028_04,Motion,0.1229,2026-08-21 14:11:04
SNS_EVT_00810,SGR_ZONE_101,SNS_SEI_101_04,Seismic,0.1827,2026-08-21 01:32:38
SNS_EVT_00811,SGR_ZONE_107,SNS_INF_107_01,Infrared,0.1144,2026-08-21 10:43:56
SNS_EVT_00812,SGR_ZONE_068,SNS_MOT_068_04,Motion,0.6857,2026-08-21 00:02:36
SNS_EVT_00813,SGR_ZONE_086,SNS_MOT_086_02,Motion,0.3961,2026-08-21 14:12:50
SNS_EVT_00814,SGR_ZONE_144,SNS_INF_144_03,Infrared,0.5126,2026-08-21 18:42:36
SNS_EVT_00815,SGR_ZONE_112,SNS_VIB_112_04,Vibration,0.2713,2026-08-21 17:03:08
SNS_EVT_00816,SGR_ZONE_135,SNS_INF_135_04,Infrared,0.5176,2026-08-21 17:47:51
SNS_EVT_00817,SGR_ZONE_150,SNS_SEI_150_01,Seismic,0.448,2026-08-21 12:53:34
SNS_EVT_00818,SGR_ZONE_144,SNS_ACO_144_02,Acoustic,0.2612,2026-08-21 19:44:53
SNS_EVT_00819,SGR_ZONE_035,SNS_SEI_035_03,Seismic,0.4092,2026-08-21 18:18:54
SNS_EVT_00820,SGR_ZONE_077,SNS_SEI_077_01,Seismic,0.229,2026-08-21 10:55:37
SNS_EVT_00821,SGR_ZONE_139,SNS_ACO_139_03,Acoustic,0.2782,2026-08-21 00:06:11
SNS_EVT_00822,SGR_ZONE_095,SNS_SEI_095_03,Seismic,0.2586,2026-08-21 00:19:13
SNS_EVT_00823,SGR_ZONE_100,SNS_VIB_100_03,Vibration,0.3169,2026-08-21 05:14:15
SNS_EVT_00824,SGR_ZONE_024,SNS_INF_024_02,Infrared,0.171,2026-08-21 13:09:54
SNS_EVT_00825,SGR_ZONE_147,SNS_VIB_147_02,Vibration,0.1093,2026-08-21 15:01:30
SNS_EVT_00826,SGR_ZONE_092,SNS_ACO_092_02,Acoustic,0.3202,2026-08-21 11:04:54
SNS_EVT_00827,SGR_ZONE_029,SNS_INF_029_03,Infrared,0.4989,2026-08-21 09:12:14
SNS_EVT_00828,SGR_ZONE_127,SNS_VIB_127_01,Vibration,0.5068,2026-08-21 02:53:07
SNS_EVT_00829,SGR_ZONE_029,SNS_MOT_029_02,Motion,0.2702,2026-08-21 15:50:03
SNS_EVT_00830,SGR_ZONE_087,SNS_MOT_087_02,Motion,0.0771,2026-08-21 22:55:51
SNS_EVT_00831,SGR_ZONE_048,SNS_SEI_048_01,Seismic,0.4832,2026-08-21 03:34:43
SNS_EVT_00832,SGR_ZONE_128,SNS_INF_128_02,Infrared,0.2106,2026-08-21 19:09:28
SNS_EVT_00833,SGR_ZONE_105,SNS_SEI_105_03,Seismic,0.2966,2026-08-21 11:17:50
SNS_EVT_00834,SGR_ZONE_021,SNS_ACO_021_02,Acoustic,0.3426,2026-08-21 17:25:14
SNS_EVT_00835,SGR_ZONE_033,SNS_VIB_033_03,Vibration,0.8976,2026-08-21 11:12:27
SNS_EVT_00836,SGR_ZONE_001,SNS_ACO_001_02,Acoustic,0.8214,2026-08-21 14:58:20
SNS_EVT_00837,SGR_ZONE_105,SNS_INF_105_03,Infrared,0.9003,2026-08-21 01:22:40
SNS_EVT_00838,SGR_ZONE_098,SNS_SEI_098_03,Seismic,0.2413,2026-08-21 03:47:50
SNS_EVT_00839,SGR_ZONE_097,SNS_INF_097_04,Infrared,0.187,2026-08-21 10:23:28
SNS_EVT_00840,SGR_ZONE_003,SNS_SEI_003_02,Seismic,0.2483,2026-08-21 13:24:07
SNS_EVT_00841,SGR_ZONE_068,SNS_SEI_068_03,Seismic,0.151,2026-08-21 15:53:42
SNS_EVT_00842,SGR_ZONE_042,SNS_MOT_042_02,Motion,0.1535,2026-08-21 15:17:22
SNS_EVT_00843,SGR_ZONE_117,SNS_VIB_117_03,Vibration,0.1383,2026-08-21 03:50:33
SNS_EVT_00844,SGR_ZONE_137,SNS_SEI_137_02,Seismic,0.1506,2026-08-21 08:28:21
SNS_EVT_00845,SGR_ZONE_138,SNS_INF_138_01,Infrared,0.785,2026-08-21 23:58:46
SNS_EVT_00846,SGR_ZONE_089,SNS_ACO_089_03,Acoustic,0.4747,2026-08-21 02:09:33
SNS_EVT_00847,SGR_ZONE_070,SNS_ACO_070_02,Acoustic,0.3152,2026-08-21 22:30:18
SNS_EVT_00848,SGR_ZONE_062,SNS_ACO_062_01,Acoustic,0.0096,2026-08-21 05:00:07
SNS_EVT_00849,SGR_ZONE_051,SNS_ACO_051_01,Acoustic,0.3884,2026-08-21 09:55:11
SNS_EVT_00850,SGR_ZONE_120,SNS_MOT_120_01,Motion,0.3315,2026-08-21 21:15:07
SNS_EVT_00851,SGR_ZONE_080,SNS_ACO_080_04,Acoustic,0.1211,2026-08-21 13:16:00
SNS_EVT_00852,SGR_ZONE_063,SNS_MOT_063_02,Motion,0.3208,2026-08-21 14:11:20
SNS_EVT_00853,SGR_ZONE_042,SNS_VIB_042_02,Vibration,0.5303,2026-08-21 09:58:58
SNS_EVT_00854,SGR_ZONE_079,SNS_ACO_079_02,Acoustic,0.824,2026-08-21 20:58:04
SNS_EVT_00855,SGR_ZONE_132,SNS_INF_132_03,Infrared,0.1001,2026-08-21 04:02:34
SNS_EVT_00856,SGR_ZONE_124,SNS_SEI_124_04,Seismic,0.7506,2026-08-21 06:56:07
SNS_EVT_00857,SGR_ZONE_128,SNS_VIB_128_04,Vibration,0.1102,2026-08-21 09:38:11
SNS_EVT_00858,SGR_ZONE_148,SNS_VIB_148_04,Vibration,0.3761,2026-08-21 09:18:55
SNS_EVT_00859,SGR_ZONE_095,SNS_MOT_095_01,Motion,0.3136,2026-08-21 05:49:50
SNS_EVT_00860,SGR_ZONE_139,SNS_VIB_139_04,Vibration,0.1342,2026-08-21 03:27:23
SNS_EVT_00861,SGR_ZONE_069,SNS_VIB_069_01,Vibration,0.4218,2026-08-21 21:46:04
SNS_EVT_00862,SGR_ZONE_001,SNS_SEI_001_02,Seismic,0.4737,2026-08-21 17:25:12
SNS_EVT_00863,SGR_ZONE_058,SNS_INF_058_03,Infrared,0.0382,2026-08-21 19:38:24
SNS_EVT_00864,SGR_ZONE_126,SNS_MOT_126_02,Motion,0.1616,2026-08-21 07:38:46
SNS_EVT_00865,SGR_ZONE_062,SNS_VIB_062_02,Vibration,0.2874,2026-08-21 16:49:20
SNS_EVT_00866,SGR_ZONE_057,SNS_INF_057_03,Infrared,0.4031,2026-08-21 16:11:05
SNS_EVT_00867,SGR_ZONE_147,SNS_ACO_147_01,Acoustic,0.279,2026-08-21 20:03:33
SNS_EVT_00868,SGR_ZONE_092,SNS_MOT_092_04,Motion,0.3781,2026-08-21 14:17:34
SNS_EVT_00869,SGR_ZONE_098,SNS_INF_098_03,Infrared,0.4649,2026-08-21 18:22:11
SNS_EVT_00870,SGR_ZONE_092,SNS_SEI_092_04,Seismic,0.9686,2026-08-21 03:50:08
SNS_EVT_00871,SGR_ZONE_112,SNS_ACO_112_04,Acoustic,0.2029,2026-08-21 09:54:44
SNS_EVT_00872,SGR_ZONE_125,SNS_INF_125_02,Infrared,0.2347,2026-08-21 18:43:46
SNS_EVT_00873,SGR_ZONE_035,SNS_ACO_035_04,Acoustic,0.1661,2026-08-21 19:13:59
SNS_EVT_00874,SGR_ZONE_096,SNS_INF_096_03,Infrared,0.944,2026-08-21 12:53:10
SNS_EVT_00875,SGR_ZONE_008,SNS_MOT_008_04,Motion,0.0101,2026-08-21 19:46:14
SNS_EVT_00876,SGR_ZONE_062,SNS_ACO_062_01,Acoustic,0.3401,2026-08-21 13:07:47
SNS_EVT_00877,SGR_ZONE_142,SNS_MOT_142_04,Motion,0.379,2026-08-21 23:55:14
SNS_EVT_00878,SGR_ZONE_058,SNS_ACO_058_04,Acoustic,0.2223,2026-08-21 22:13:58
SNS_EVT_00879,SGR_ZONE_053,SNS_ACO_053_03,Acoustic,0.2341,2026-08-21 21:32:57
SNS_EVT_00880,SGR_ZONE_047,SNS_VIB_047_02,Vibration,0.7383,2026-08-21 07:36:40
SNS_EVT_00881,SGR_ZONE_122,SNS_SEI_122_04,Seismic,0.1969,2026-08-21 19:33:03
SNS_EVT_00882,SGR_ZONE_088,SNS_VIB_088_01,Vibration,0.2697,2026-08-21 09:53:28
SNS_EVT_00883,SGR_ZONE_123,SNS_ACO_123_02,Acoustic,0.1934,2026-08-21 09:38:04
SNS_EVT_00884,SGR_ZONE_048,SNS_VIB_048_01,Vibration,0.0607,2026-08-21 22:20:36
SNS_EVT_00885,SGR_ZONE_134,SNS_INF_134_02,Infrared,0.2937,2026-08-21 06:14:52
SNS_EVT_00886,SGR_ZONE_043,SNS_MOT_043_01,Motion,0.0337,2026-08-21 11:32:23
SNS_EVT_00887,SGR_ZONE_148,SNS_VIB_148_02,Vibration,0.2528,2026-08-21 13:22:11
SNS_EVT_00888,SGR_ZONE_143,SNS_VIB_143_01,Vibration,0.1947,2026-08-21 09:03:26
SNS_EVT_00889,SGR_ZONE_093,SNS_MOT_093_01,Motion,0.3434,2026-08-21 20:41:03
SNS_EVT_00890,SGR_ZONE_133,SNS_ACO_133_03,Acoustic,0.3001,2026-08-21 02:49:20
SNS_EVT_00891,SGR_ZONE_043,SNS_VIB_043_02,Vibration,0.0656,2026-08-21 03:30:48
SNS_EVT_00892,SGR_ZONE_145,SNS_INF_145_01,Infrared,0.1845,2026-08-21 23:30:44
SNS_EVT_00893,SGR_ZONE_045,SNS_ACO_045_03,Acoustic,0.0266,2026-08-21 22:29:09
SNS_EVT_00894,SGR_ZONE_072,SNS_SEI_072_01,Seismic,0.6125,2026-08-21 14:22:52
SNS_EVT_00895,SGR_ZONE_129,SNS_INF_129_02,Infrared,0.1733,2026-08-21 13:52:00
SNS_EVT_00896,SGR_ZONE_060,SNS_ACO_060_04,Acoustic,0.4445,2026-08-21 06:07:18
SNS_EVT_00897,SGR_ZONE_111,SNS_INF_111_02,Infrared,0.2037,2026-08-21 18:09:26
SNS_EVT_00898,SGR_ZONE_143,SNS_ACO_143_03,Acoustic,0.1899,2026-08-21 16:33:55
SNS_EVT_00899,SGR_ZONE_037,SNS_MOT_037_04,Motion,0.6502,2026-08-21 01:33:24
SNS_EVT_00900,SGR_ZONE_132,SNS_SEI_132_03,Seismic,0.9517,2026-08-21 18:07:13
SNS_EVT_00901,SGR_ZONE_010,SNS_ACO_010_02,Acoustic,0.4599,2026-08-21 14:03:54
SNS_EVT_00902,SGR_ZONE_066,SNS_ACO_066_03,Acoustic,0.41,2026-08-21 22:19:12
SNS_EVT_00903,SGR_ZONE_077,SNS_ACO_077_03,Acoustic,0.1627,2026-08-21 22:36:38
SNS_EVT_00904,SGR_ZONE_034,SNS_MOT_034_04,Motion,0.3284,2026-08-21 00:21:43
SNS_EVT_00905,SGR_ZONE_091,SNS_ACO_091_04,Acoustic,0.1355,2026-08-21 18:07:38
SNS_EVT_00906,SGR_ZONE_033,SNS_SEI_033_01,Seismic,0.359,2026-08-21 11:32:29
SNS_EVT_00907,SGR_ZONE_012,SNS_ACO_012_01,Acoustic,0.0887,2026-08-21 09:07:19
SNS_EVT_00908,SGR_ZONE_072,SNS_MOT_072_03,Motion,0.0133,2026-08-21 02:22:45
SNS_EVT_00909,SGR_ZONE_015,SNS_INF_015_01,Infrared,0.7283,2026-08-21 01:43:36
SNS_EVT_00910,SGR_ZONE_078,SNS_SEI_078_03,Seismic,0.1337,2026-08-21 06:46:29
SNS_EVT_00911,SGR_ZONE_021,SNS_SEI_021_03,Seismic,0.2931,2026-08-21 20:30:38
SNS_EVT_00912,SGR_ZONE_059,SNS_SEI_059_04,Seismic,0.1081,2026-08-21 12:28:18
SNS_EVT_00913,SGR_ZONE_047,SNS_VIB_047_02,Vibration,0.7394,2026-08-21 19:19:47
SNS_EVT_00914,SGR_ZONE_120,SNS_INF_120_04,Infrared,0.1172,2026-08-21 11:38:49
SNS_EVT_00915,SGR_ZONE_118,SNS_SEI_118_02,Seismic,0.4639,2026-08-21 06:26:13
SNS_EVT_00916,SGR_ZONE_078,SNS_SEI_078_01,Seismic,0.2092,2026-08-21 06:28:23
SNS_EVT_00917,SGR_ZONE_070,SNS_INF_070_04,Infrared,0.0577,2026-08-21 11:55:26
SNS_EVT_00918,SGR_ZONE_062,SNS_INF_062_03,Infrared,0.0658,2026-08-21 08:51:12
SNS_EVT_00919,SGR_ZONE_100,SNS_VIB_100_01,Vibration,0.8472,2026-08-21 12:54:16
SNS_EVT_00920,SGR_ZONE_009,SNS_SEI_009_02,Seismic,0.2532,2026-08-21 06:58:57
SNS_EVT_00921,SGR_ZONE_026,SNS_SEI_026_02,Seismic,0.3291,2026-08-21 17:34:12
SNS_EVT_00922,SGR_ZONE_076,SNS_INF_076_01,Infrared,0.2147,2026-08-21 12:13:48
SNS_EVT_00923,SGR_ZONE_109,SNS_INF_109_01,Infrared,0.265,2026-08-21 11:24:14
SNS_EVT_00924,SGR_ZONE_004,SNS_SEI_004_02,Seismic,0.2223,2026-08-21 22:20:54
SNS_EVT_00925,SGR_ZONE_076,SNS_MOT_076_02,Motion,0.2641,2026-08-21 07:11:40
SNS_EVT_00926,SGR_ZONE_026,SNS_INF_026_02,Infrared,0.2086,2026-08-21 11:47:24
SNS_EVT_00927,SGR_ZONE_095,SNS_ACO_095_01,Acoustic,0.1332,2026-08-21 22:59:42
SNS_EVT_00928,SGR_ZONE_140,SNS_VIB_140_04,Vibration,0.165,2026-08-21 07:07:39
SNS_EVT_00929,SGR_ZONE_034,SNS_SEI_034_03,Seismic,0.4824,2026-08-21 12:27:57
SNS_EVT_00930,SGR_ZONE_084,SNS_MOT_084_04,Motion,0.1266,2026-08-21 01:41:21
SNS_EVT_00931,SGR_ZONE_133,SNS_INF_133_02,Infrared,0.8559,2026-08-21 16:20:08
SNS_EVT_00932,SGR_ZONE_150,SNS_ACO_150_03,Acoustic,0.4056,2026-08-21 08:43:35
SNS_EVT_00933,SGR_ZONE_077,SNS_SEI_077_01,Seismic,0.895,2026-08-21 13:50:43
SNS_EVT_00934,SGR_ZONE_096,SNS_INF_096_01,Infrared,0.06,2026-08-21 15:11:52
SNS_EVT_00935,SGR_ZONE_085,SNS_VIB_085_01,Vibration,0.6855,2026-08-21 16:56:14
SNS_EVT_00936,SGR_ZONE_034,SNS_MOT_034_04,Motion,0.5927,2026-08-21 13:16:56
SNS_EVT_00937,SGR_ZONE_083,SNS_MOT_083_01,Motion,0.8845,2026-08-21 18:18:50
SNS_EVT_00938,SGR_ZONE_087,SNS_SEI_087_04,Seismic,0.7788,2026-08-21 21:18:08
SNS_EVT_00939,SGR_ZONE_061,SNS_SEI_061_02,Seismic,0.1613,2026-08-21 07:20:21
SNS_EVT_00940,SGR_ZONE_018,SNS_INF_018_04,Infrared,0.1972,2026-08-21 01:07:09
SNS_EVT_00941,SGR_ZONE_048,SNS_ACO_048_02,Acoustic,0.2404,2026-08-21 02:38:14
SNS_EVT_00942,SGR_ZONE_053,SNS_SEI_053_04,Seismic,0.2936,2026-08-21 23:06:33
SNS_EVT_00943,SGR_ZONE_012,SNS_MOT_012_01,Motion,0.2637,2026-08-21 12:04:56
SNS_EVT_00944,SGR_ZONE_118,SNS_VIB_118_04,Vibration,0.5124,2026-08-21 23:39:46
SNS_EVT_00945,SGR_ZONE_116,SNS_SEI_116_01,Seismic,0.5726,2026-08-21 02:38:41
SNS_EVT_00946,SGR_ZONE_070,SNS_INF_070_04,Infrared,0.4206,2026-08-21 11:38:46
SNS_EVT_00947,SGR_ZONE_112,SNS_MOT_112_03,Motion,0.344,2026-08-21 01:29:29
SNS_EVT_00948,SGR_ZONE_113,SNS_VIB_113_04,Vibration,0.2765,2026-08-21 19:16:16
SNS_EVT_00949,SGR_ZONE_068,SNS_VIB_068_04,Vibration,0.2593,2026-08-21 17:47:28
SNS_EVT_00950,SGR_ZONE_027,SNS_INF_027_04,Infrared,0.0853,2026-08-21 08:36:01
SNS_EVT_00951,SGR_ZONE_066,SNS_MOT_066_02,Motion,0.9611,2026-08-21 04:24:48
SNS_EVT_00952,SGR_ZONE_124,SNS_VIB_124_02,Vibration,0.0699,2026-08-21 09:16:58
SNS_EVT_00953,SGR_ZONE_107,SNS_MOT_107_01,Motion,0.7767,2026-08-21 02:36:25
SNS_EVT_00954,SGR_ZONE_143,SNS_ACO_143_04,Acoustic,0.8893,2026-08-21 01:08:55
SNS_EVT_00955,SGR_ZONE_115,SNS_VIB_115_01,Vibration,0.1114,2026-08-21 05:26:55
SNS_EVT_00956,SGR_ZONE_140,SNS_SEI_140_04,Seismic,0.0659,2026-08-21 15:13:02
SNS_EVT_00957,SGR_ZONE_113,SNS_VIB_113_02,Vibration,0.1992,2026-08-21 08:32:12
SNS_EVT_00958,SGR_ZONE_128,SNS_ACO_128_03,Acoustic,0.3194,2026-08-21 12:43:41
SNS_EVT_00959,SGR_ZONE_099,SNS_SEI_099_01,Seismic,0.042,2026-08-21 11:26:40
SNS_EVT_00960,SGR_ZONE_106,SNS_ACO_106_03,Acoustic,0.5135,2026-08-21 20:43:47
SNS_EVT_00961,SGR_ZONE_114,SNS_VIB_114_02,Vibration,0.3304,2026-08-21 13:36:20
SNS_EVT_00962,SGR_ZONE_014,SNS_MOT_014_03,Motion,0.7006,2026-08-21 18:25:19
SNS_EVT_00963,SGR_ZONE_038,SNS_ACO_038_03,Acoustic,0.3856,2026-08-21 14:55:15
SNS_EVT_00964,SGR_ZONE_145,SNS_ACO_145_03,Acoustic,0.1235,2026-08-21 06:15:54
SNS_EVT_00965,SGR_ZONE_078,SNS_VIB_078_04,Vibration,0.817,2026-08-21 05:36:47
SNS_EVT_00966,SGR_ZONE_062,SNS_MOT_062_04,Motion,0.0382,2026-08-21 03:49:44
SNS_EVT_00967,SGR_ZONE_141,SNS_INF_141_01,Infrared,0.7742,2026-08-21 20:26:26
SNS_EVT_00968,SGR_ZONE_072,SNS_VIB_072_02,Vibration,0.2359,2026-08-21 04:37:31
SNS_EVT_00969,SGR_ZONE_139,SNS_MOT_139_01,Motion,0.1478,2026-08-21 12:26:51
SNS_EVT_00970,SGR_ZONE_146,SNS_ACO_146_02,Acoustic,0.6178,2026-08-21 18:06:49
SNS_EVT_00971,SGR_ZONE_142,SNS_MOT_142_03,Motion,0.3409,2026-08-21 05:01:05
SNS_EVT_00972,SGR_ZONE_110,SNS_ACO_110_04,Acoustic,0.1358,2026-08-21 03:31:00
SNS_EVT_00973,SGR_ZONE_057,SNS_VIB_057_02,Vibration,0.4549,2026-08-21 20:57:08
SNS_EVT_00974,SGR_ZONE_108,SNS_INF_108_01,Infrared,0.7194,2026-08-21 17:46:01
SNS_EVT_00975,SGR_ZONE_142,SNS_VIB_142_04,Vibration,0.9178,2026-08-21 14:25:11
SNS_EVT_00976,SGR_ZONE_043,SNS_ACO_043_02,Acoustic,0.1045,2026-08-21 15:02:44
SNS_EVT_00977,SGR_ZONE_138,SNS_INF_138_03,Infrared,0.3261,2026-08-21 06:56:26
SNS_EVT_00978,SGR_ZONE_113,SNS_SEI_113_04,Seismic,0.7874,2026-08-21 16:21:29
SNS_EVT_00979,SGR_ZONE_126,SNS_MOT_126_01,Motion,0.7166,2026-08-21 06:28:47
SNS_EVT_00980,SGR_ZONE_013,SNS_ACO_013_02,Acoustic,0.1662,2026-08-21 16:12:29
SNS_EVT_00981,SGR_ZONE_025,SNS_VIB_025_04,Vibration,0.6698,2026-08-21 06:42:56
SNS_EVT_00982,SGR_ZONE_054,SNS_MOT_054_04,Motion,0.5536,2026-08-21 13:05:33
SNS_EVT_00983,SGR_ZONE_078,SNS_SEI_078_01,Seismic,0.5277,2026-08-21 21:15:26
SNS_EVT_00984,SGR_ZONE_120,SNS_SEI_120_01,Seismic,0.076,2026-08-21 09:25:20
SNS_EVT_00985,SGR_ZONE_036,SNS_MOT_036_04,Motion,0.4999,2026-08-21 00:54:59
SNS_EVT_00986,SGR_ZONE_107,SNS_VIB_107_04,Vibration,0.313,2026-08-21 09:08:12
SNS_EVT_00987,SGR_ZONE_048,SNS_ACO_048_02,Acoustic,0.7976,2026-08-21 05:27:58
SNS_EVT_00988,SGR_ZONE_039,SNS_INF_039_03,Infrared,0.1495,2026-08-21 11:16:36
SNS_EVT_00989,SGR_ZONE_110,SNS_INF_110_01,Infrared,0.8955,2026-08-21 16:10:19
SNS_EVT_00990,SGR_ZONE_010,SNS_VIB_010_04,Vibration,0.1397,2026-08-21 21:52:25
SNS_EVT_00991,SGR_ZONE_092,SNS_VIB_092_04,Vibration,0.1806,2026-08-21 19:44:28
SNS_EVT_00992,SGR_ZONE_035,SNS_ACO_035_04,Acoustic,0.7194,2026-08-21 03:31:06
SNS_EVT_00993,SGR_ZONE_119,SNS_SEI_119_04,Seismic,0.4285,2026-08-21 11:39:18
SNS_EVT_00994,SGR_ZONE_047,SNS_MOT_047_03,Motion,0.1625,2026-08-21 19:29:41
SNS_EVT_00995,SGR_ZONE_133,SNS_INF_133_01,Infrared,0.2125,2026-08-21 11:25:32
SNS_EVT_00996,SGR_ZONE_100,SNS_MOT_100_03,Motion,0.3718,2026-08-21 14:16:29
SNS_EVT_00997,SGR_ZONE_010,SNS_ACO_010_02,Acoustic,0.2647,2026-08-21 21:59:23
SNS_EVT_00998,SGR_ZONE_027,SNS_SEI_027_02,Seismic,0.1691,2026-08-21 05:44:22
SNS_EVT_00999,SGR_ZONE_110,SNS_INF_110_01,Infrared,0.6174,2026-08-21 21:33:38
SNS_EVT_01000,SGR_ZONE_061,SNS_MOT_061_01,Motion,0.0812,2026-08-21 22:42:26
SNS_EVT_01001,SGR_ZONE_081,SNS_VIB_081_02,Vibration,0.4559,2026-08-21 04:02:31
SNS_EVT_01002,SGR_ZONE_019,SNS_MOT_019_03,Motion,0.2817,2026-08-21 04:02:37
SNS_EVT_01003,SGR_ZONE_024,SNS_MOT_024_04,Motion,0.4584,2026-08-21 16:28:06
SNS_EVT_01004,SGR_ZONE_053,SNS_VIB_053_03,Vibration,0.1341,2026-08-21 14:41:52
SNS_EVT_01005,SGR_ZONE_039,SNS_INF_039_03,Infrared,0.7855,2026-08-21 13:41:44
SNS_EVT_01006,SGR_ZONE_044,SNS_ACO_044_01,Acoustic,0.3479,2026-08-21 21:20:35
SNS_EVT_01007,SGR_ZONE_120,SNS_INF_120_03,Infrared,0.5676,2026-08-21 03:56:13
SNS_EVT_01008,SGR_ZONE_020,SNS_SEI_020_01,Seismic,0.034,2026-08-21 02:13:02
SNS_EVT_01009,SGR_ZONE_141,SNS_INF_141_02,Infrared,0.7619,2026-08-21 07:46:32
SNS_EVT_01010,SGR_ZONE_135,SNS_VIB_135_04,Vibration,0.8263,2026-08-21 09:23:45
SNS_EVT_01011,SGR_ZONE_018,SNS_MOT_018_01,Motion,0.1984,2026-08-21 03:06:35
SNS_EVT_01012,SGR_ZONE_025,SNS_ACO_025_04,Acoustic,0.9705,2026-08-21 23:39:56
SNS_EVT_01013,SGR_ZONE_026,SNS_SEI_026_04,Seismic,0.3922,2026-08-21 17:15:22
SNS_EVT_01014,SGR_ZONE_073,SNS_ACO_073_02,Acoustic,0.1212,2026-08-21 09:53:13
SNS_EVT_01015,SGR_ZONE_127,SNS_VIB_127_01,Vibration,0.1934,2026-08-21 03:37:11
SNS_EVT_01016,SGR_ZONE_062,SNS_MOT_062_01,Motion,0.4772,2026-08-21 08:14:01
SNS_EVT_01017,SGR_ZONE_075,SNS_ACO_075_04,Acoustic,0.3879,2026-08-21 10:33:56
SNS_EVT_01018,SGR_ZONE_117,SNS_ACO_117_04,Acoustic,0.1369,2026-08-21 19:44:56
SNS_EVT_01019,SGR_ZONE_092,SNS_INF_092_04,Infrared,0.9136,2026-08-21 01:31:44
SNS_EVT_01020,SGR_ZONE_009,SNS_SEI_009_02,Seismic,0.2948,2026-08-21 08:29:23
SNS_EVT_01021,SGR_ZONE_132,SNS_INF_132_02,Infrared,0.5687,2026-08-21 17:42:56
SNS_EVT_01022,SGR_ZONE_142,SNS_INF_142_04,Infrared,0.8405,2026-08-21 09:35:14
SNS_EVT_01023,SGR_ZONE_096,SNS_VIB_096_02,Vibration,0.1943,2026-08-21 11:56:15
SNS_EVT_01024,SGR_ZONE_130,SNS_SEI_130_01,Seismic,0.979,2026-08-21 14:57:45
SNS_EVT_01025,SGR_ZONE_106,SNS_VIB_106_03,Vibration,0.1285,2026-08-21 17:27:06
SNS_EVT_01026,SGR_ZONE_086,SNS_INF_086_01,Infrared,0.2235,2026-08-21 04:36:56
SNS_EVT_01027,SGR_ZONE_006,SNS_SEI_006_02,Seismic,0.4962,2026-08-21 21:01:59
SNS_EVT_01028,SGR_ZONE_025,SNS_SEI_025_02,Seismic,0.1207,2026-08-21 21:04:47
SNS_EVT_01029,SGR_ZONE_040,SNS_ACO_040_04,Acoustic,0.6034,2026-08-21 11:13:55
SNS_EVT_01030,SGR_ZONE_018,SNS_ACO_018_04,Acoustic,0.3188,2026-08-21 08:46:13
SNS_EVT_01031,SGR_ZONE_051,SNS_SEI_051_01,Seismic,0.2933,2026-08-21 19:31:55
SNS_EVT_01032,SGR_ZONE_023,SNS_MOT_023_04,Motion,0.7594,2026-08-21 14:49:47
SNS_EVT_01033,SGR_ZONE_113,SNS_MOT_113_01,Motion,0.5301,2026-08-21 15:30:35
SNS_EVT_01034,SGR_ZONE_108,SNS_MOT_108_01,Motion,0.5201,2026-08-21 13:16:11
SNS_EVT_01035,SGR_ZONE_093,SNS_SEI_093_01,Seismic,0.1822,2026-08-21 01:56:46
SNS_EVT_01036,SGR_ZONE_094,SNS_INF_094_03,Infrared,0.1109,2026-08-21 22:36:40
SNS_EVT_01037,SGR_ZONE_052,SNS_ACO_052_01,Acoustic,0.2966,2026-08-21 20:44:49
SNS_EVT_01038,SGR_ZONE_061,SNS_VIB_061_02,Vibration,0.1027,2026-08-21 22:18:03
SNS_EVT_01039,SGR_ZONE_024,SNS_SEI_024_03,Seismic,0.382,2026-08-21 13:46:45
SNS_EVT_01040,SGR_ZONE_103,SNS_MOT_103_03,Motion,0.4539,2026-08-21 23:56:49
SNS_EVT_01041,SGR_ZONE_057,SNS_VIB_057_01,Vibration,0.2991,2026-08-21 18:30:45
SNS_EVT_01042,SGR_ZONE_073,SNS_MOT_073_03,Motion,0.3045,2026-08-21 01:10:30
SNS_EVT_01043,SGR_ZONE_139,SNS_VIB_139_01,Vibration,0.2413,2026-08-21 22:33:58
SNS_EVT_01044,SGR_ZONE_144,SNS_MOT_144_01,Motion,0.2421,2026-08-21 01:44:32
SNS_EVT_01045,SGR_ZONE_026,SNS_SEI_026_03,Seismic,0.1747,2026-08-21 11:00:02
SNS_EVT_01046,SGR_ZONE_090,SNS_ACO_090_03,Acoustic,0.3015,2026-08-21 12:19:50
SNS_EVT_01047,SGR_ZONE_133,SNS_VIB_133_04,Vibration,0.0106,2026-08-21 16:04:24
SNS_EVT_01048,SGR_ZONE_146,SNS_SEI_146_03,Seismic,0.0673,2026-08-21 12:19:01
SNS_EVT_01049,SGR_ZONE_047,SNS_ACO_047_01,Acoustic,0.2404,2026-08-21 03:33:26
SNS_EVT_01050,SGR_ZONE_007,SNS_ACO_007_03,Acoustic,0.2442,2026-08-21 13:53:13
SNS_EVT_01051,SGR_ZONE_134,SNS_MOT_134_02,Motion,0.0597,2026-08-21 19:32:09
SNS_EVT_01052,SGR_ZONE_017,SNS_MOT_017_01,Motion,0.5206,2026-08-21 21:19:21
SNS_EVT_01053,SGR_ZONE_023,SNS_MOT_023_03,Motion,0.1667,2026-08-21 13:01:38
SNS_EVT_01054,SGR_ZONE_018,SNS_ACO_018_04,Acoustic,0.0702,2026-08-21 08:35:43
SNS_EVT_01055,SGR_ZONE_004,SNS_MOT_004_02,Motion,0.2567,2026-08-21 07:54:04
SNS_EVT_01056,SGR_ZONE_141,SNS_VIB_141_04,Vibration,0.3015,2026-08-21 17:38:14
SNS_EVT_01057,SGR_ZONE_053,SNS_SEI_053_04,Seismic,0.1298,2026-08-21 02:51:28
SNS_EVT_01058,SGR_ZONE_140,SNS_ACO_140_04,Acoustic,0.1861,2026-08-21 07:21:24
SNS_EVT_01059,SGR_ZONE_094,SNS_ACO_094_01,Acoustic,0.4945,2026-08-21 15:38:09
SNS_EVT_01060,SGR_ZONE_108,SNS_MOT_108_03,Motion,0.8184,2026-08-21 12:17:20
SNS_EVT_01061,SGR_ZONE_112,SNS_MOT_112_04,Motion,0.163,2026-08-21 18:22:50
SNS_EVT_01062,SGR_ZONE_050,SNS_ACO_050_03,Acoustic,0.2638,2026-08-21 10:15:38
SNS_EVT_01063,SGR_ZONE_049,SNS_INF_049_02,Infrared,0.2654,2026-08-21 17:14:22
SNS_EVT_01064,SGR_ZONE_106,SNS_ACO_106_01,Acoustic,0.3035,2026-08-21 11:19:51
SNS_EVT_01065,SGR_ZONE_037,SNS_ACO_037_03,Acoustic,0.4915,2026-08-21 00:24:26
SNS_EVT_01066,SGR_ZONE_135,SNS_SEI_135_02,Seismic,0.4136,2026-08-21 19:09:36
SNS_EVT_01067,SGR_ZONE_013,SNS_MOT_013_04,Motion,0.1968,2026-08-21 08:01:54
SNS_EVT_01068,SGR_ZONE_056,SNS_ACO_056_03,Acoustic,0.362,2026-08-21 05:19:34
SNS_EVT_01069,SGR_ZONE_101,SNS_MOT_101_02,Motion,0.4007,2026-08-21 04:40:26
SNS_EVT_01070,SGR_ZONE_028,SNS_INF_028_03,Infrared,0.3866,2026-08-21 14:54:16
SNS_EVT_01071,SGR_ZONE_026,SNS_SEI_026_01,Seismic,0.1497,2026-08-21 05:10:12
SNS_EVT_01072,SGR_ZONE_012,SNS_INF_012_01,Infrared,0.2114,2026-08-21 02:29:05
SNS_EVT_01073,SGR_ZONE_066,SNS_VIB_066_02,Vibration,0.0828,2026-08-21 07:42:23
SNS_EVT_01074,SGR_ZONE_108,SNS_VIB_108_03,Vibration,0.1292,2026-08-21 05:57:59
SNS_EVT_01075,SGR_ZONE_103,SNS_INF_103_02,Infrared,0.1275,2026-08-21 12:23:29
SNS_EVT_01076,SGR_ZONE_130,SNS_ACO_130_03,Acoustic,0.3077,2026-08-21 03:48:33
SNS_EVT_01077,SGR_ZONE_016,SNS_INF_016_04,Infrared,0.9299,2026-08-21 02:04:37
SNS_EVT_01078,SGR_ZONE_118,SNS_INF_118_04,Infrared,0.3903,2026-08-21 07:32:32
SNS_EVT_01079,SGR_ZONE_078,SNS_INF_078_01,Infrared,0.1649,2026-08-21 05:40:14
SNS_EVT_01080,SGR_ZONE_108,SNS_ACO_108_03,Acoustic,0.0931,2026-08-21 16:34:09
SNS_EVT_01081,SGR_ZONE_112,SNS_MOT_112_03,Motion,0.2447,2026-08-21 22:04:38
SNS_EVT_01082,SGR_ZONE_117,SNS_INF_117_01,Infrared,0.168,2026-08-21 23:55:31
SNS_EVT_01083,SGR_ZONE_038,SNS_SEI_038_01,Seismic,0.2421,2026-08-21 21:42:17
SNS_EVT_01084,SGR_ZONE_040,SNS_MOT_040_03,Motion,0.3476,2026-08-21 12:01:27
SNS_EVT_01085,SGR_ZONE_023,SNS_SEI_023_03,Seismic,0.0493,2026-08-21 05:28:51
SNS_EVT_01086,SGR_ZONE_043,SNS_INF_043_04,Infrared,0.2064,2026-08-21 01:21:13
SNS_EVT_01087,SGR_ZONE_120,SNS_ACO_120_03,Acoustic,0.1245,2026-08-21 05:33:55
SNS_EVT_01088,SGR_ZONE_136,SNS_ACO_136_03,Acoustic,0.6225,2026-08-21 22:50:44
SNS_EVT_01089,SGR_ZONE_089,SNS_INF_089_02,Infrared,0.1856,2026-08-21 12:36:13
SNS_EVT_01090,SGR_ZONE_101,SNS_MOT_101_04,Motion,0.2702,2026-08-21 17:46:45
SNS_EVT_01091,SGR_ZONE_083,SNS_ACO_083_02,Acoustic,0.0712,2026-08-21 18:32:50
SNS_EVT_01092,SGR_ZONE_007,SNS_VIB_007_03,Vibration,0.7659,2026-08-21 04:02:26
SNS_EVT_01093,SGR_ZONE_079,SNS_INF_079_04,Infrared,0.1292,2026-08-21 21:56:40
SNS_EVT_01094,SGR_ZONE_111,SNS_SEI_111_01,Seismic,0.2184,2026-08-21 22:24:25
SNS_EVT_01095,SGR_ZONE_063,SNS_VIB_063_01,Vibration,0.1113,2026-08-21 12:25:27
SNS_EVT_01096,SGR_ZONE_040,SNS_ACO_040_02,Acoustic,0.2778,2026-08-21 05:20:59
SNS_EVT_01097,SGR_ZONE_038,SNS_INF_038_04,Infrared,0.4894,2026-08-21 22:36:59
SNS_EVT_01098,SGR_ZONE_140,SNS_ACO_140_04,Acoustic,0.3182,2026-08-21 22:08:53
SNS_EVT_01099,SGR_ZONE_083,SNS_VIB_083_03,Vibration,0.0731,2026-08-21 11:54:26
SNS_EVT_01100,SGR_ZONE_034,SNS_MOT_034_04,Motion,0.0341,2026-08-21 21:44:40
SNS_EVT_01101,SGR_ZONE_137,SNS_SEI_137_01,Seismic,0.0179,2026-08-21 05:33:07
SNS_EVT_01102,SGR_ZONE_021,SNS_ACO_021_04,Acoustic,0.3626,2026-08-21 07:08:01
SNS_EVT_01103,SGR_ZONE_145,SNS_SEI_145_01,Seismic,0.1044,2026-08-21 05:03:50
SNS_EVT_01104,SGR_ZONE_101,SNS_ACO_101_02,Acoustic,0.4039,2026-08-21 01:57:35
SNS_EVT_01105,SGR_ZONE_072,SNS_VIB_072_02,Vibration,0.495,2026-08-21 13:53:46
SNS_EVT_01106,SGR_ZONE_014,SNS_VIB_014_03,Vibration,0.1532,2026-08-21 23:27:35
SNS_EVT_01107,SGR_ZONE_116,SNS_INF_116_01,Infrared,0.8111,2026-08-21 16:21:21
SNS_EVT_01108,SGR_ZONE_118,SNS_SEI_118_02,Seismic,0.4054,2026-08-21 19:27:56
SNS_EVT_01109,SGR_ZONE_105,SNS_ACO_105_03,Acoustic,0.1044,2026-08-21 15:57:27
SNS_EVT_01110,SGR_ZONE_086,SNS_INF_086_02,Infrared,0.2059,2026-08-21 09:23:25
SNS_EVT_01111,SGR_ZONE_125,SNS_INF_125_02,Infrared,0.1765,2026-08-21 08:06:47
SNS_EVT_01112,SGR_ZONE_118,SNS_MOT_118_02,Motion,0.2191,2026-08-21 18:19:43
SNS_EVT_01113,SGR_ZONE_040,SNS_MOT_040_01,Motion,0.9236,2026-08-21 21:59:41
SNS_EVT_01114,SGR_ZONE_002,SNS_INF_002_03,Infrared,0.3128,2026-08-21 13:24:03
SNS_EVT_01115,SGR_ZONE_036,SNS_INF_036_03,Infrared,0.3858,2026-08-21 07:49:46
SNS_EVT_01116,SGR_ZONE_091,SNS_MOT_091_02,Motion,0.2695,2026-08-21 17:13:57
SNS_EVT_01117,SGR_ZONE_106,SNS_VIB_106_04,Vibration,0.2542,2026-08-21 00:03:06
SNS_EVT_01118,SGR_ZONE_137,SNS_VIB_137_02,Vibration,0.2346,2026-08-21 10:51:50
SNS_EVT_01119,SGR_ZONE_017,SNS_VIB_017_01,Vibration,0.4012,2026-08-21 18:05:43
SNS_EVT_01120,SGR_ZONE_103,SNS_MOT_103_01,Motion,0.2828,2026-08-21 00:16:29
SNS_EVT_01121,SGR_ZONE_026,SNS_VIB_026_01,Vibration,0.0983,2026-08-21 07:44:48
SNS_EVT_01122,SGR_ZONE_147,SNS_SEI_147_03,Seismic,0.1297,2026-08-21 15:53:04
SNS_EVT_01123,SGR_ZONE_037,SNS_SEI_037_03,Seismic,0.5261,2026-08-21 02:08:10
SNS_EVT_01124,SGR_ZONE_042,SNS_INF_042_02,Infrared,0.339,2026-08-21 04:39:10
SNS_EVT_01125,SGR_ZONE_129,SNS_VIB_129_02,Vibration,0.7983,2026-08-21 05:31:47
SNS_EVT_01126,SGR_ZONE_011,SNS_INF_011_03,Infrared,0.2593,2026-08-21 02:34:21
SNS_EVT_01127,SGR_ZONE_096,SNS_ACO_096_03,Acoustic,0.9673,2026-08-21 08:15:25
SNS_EVT_01128,SGR_ZONE_102,SNS_MOT_102_04,Motion,0.1502,2026-08-21 14:02:36
SNS_EVT_01129,SGR_ZONE_117,SNS_INF_117_02,Infrared,0.0233,2026-08-21 16:50:04
SNS_EVT_01130,SGR_ZONE_148,SNS_INF_148_02,Infrared,0.0209,2026-08-21 10:04:48
SNS_EVT_01131,SGR_ZONE_118,SNS_SEI_118_03,Seismic,0.019,2026-08-21 09:27:56
SNS_EVT_01132,SGR_ZONE_146,SNS_VIB_146_04,Vibration,0.021,2026-08-21 11:33:09
SNS_EVT_01133,SGR_ZONE_069,SNS_VIB_069_03,Vibration,0.7945,2026-08-21 02:51:37
SNS_EVT_01134,SGR_ZONE_148,SNS_ACO_148_04,Acoustic,0.2581,2026-08-21 12:29:33
SNS_EVT_01135,SGR_ZONE_088,SNS_SEI_088_01,Seismic,0.4971,2026-08-21 14:40:41
SNS_EVT_01136,SGR_ZONE_116,SNS_SEI_116_02,Seismic,0.1787,2026-08-21 22:10:12
SNS_EVT_01137,SGR_ZONE_142,SNS_SEI_142_04,Seismic,0.7228,2026-08-21 11:13:14
SNS_EVT_01138,SGR_ZONE_016,SNS_INF_016_02,Infrared,0.0174,2026-08-21 02:50:35
SNS_EVT_01139,SGR_ZONE_055,SNS_ACO_055_04,Acoustic,0.768,2026-08-21 08:10:22
SNS_EVT_01140,SGR_ZONE_114,SNS_ACO_114_01,Acoustic,0.3553,2026-08-21 19:27:24
SNS_EVT_01141,SGR_ZONE_075,SNS_ACO_075_04,Acoustic,0.4604,2026-08-21 12:50:04
SNS_EVT_01142,SGR_ZONE_020,SNS_INF_020_03,Infrared,0.9021,2026-08-21 21:54:16
SNS_EVT_01143,SGR_ZONE_022,SNS_ACO_022_03,Acoustic,0.1342,2026-08-21 20:11:57
SNS_EVT_01144,SGR_ZONE_095,SNS_SEI_095_03,Seismic,0.1058,2026-08-21 08:14:35
SNS_EVT_01145,SGR_ZONE_105,SNS_ACO_105_03,Acoustic,0.3632,2026-08-21 18:30:10
SNS_EVT_01146,SGR_ZONE_079,SNS_INF_079_03,Infrared,0.426,2026-08-21 06:09:20
SNS_EVT_01147,SGR_ZONE_029,SNS_INF_029_01,Infrared,0.2202,2026-08-21 00:14:56
SNS_EVT_01148,SGR_ZONE_097,SNS_ACO_097_04,Acoustic,0.3169,2026-08-21 11:19:43
SNS_EVT_01149,SGR_ZONE_052,SNS_VIB_052_04,Vibration,0.6186,2026-08-21 07:32:17
SNS_EVT_01150,SGR_ZONE_096,SNS_MOT_096_01,Motion,0.1631,2026-08-21 06:16:27
SNS_EVT_01151,SGR_ZONE_125,SNS_VIB_125_03,Vibration,0.2987,2026-08-21 20:03:43
SNS_EVT_01152,SGR_ZONE_083,SNS_INF_083_02,Infrared,0.7437,2026-08-21 14:45:55
SNS_EVT_01153,SGR_ZONE_009,SNS_VIB_009_03,Vibration,0.1924,2026-08-21 16:44:06
SNS_EVT_01154,SGR_ZONE_105,SNS_SEI_105_01,Seismic,0.2226,2026-08-21 04:50:03
SNS_EVT_01155,SGR_ZONE_144,SNS_SEI_144_04,Seismic,0.0467,2026-08-21 02:27:09
SNS_EVT_01156,SGR_ZONE_114,SNS_MOT_114_04,Motion,0.0778,2026-08-21 15:31:44
SNS_EVT_01157,SGR_ZONE_120,SNS_SEI_120_01,Seismic,0.0303,2026-08-21 05:08:00
SNS_EVT_01158,SGR_ZONE_076,SNS_INF_076_02,Infrared,0.1206,2026-08-21 05:19:20
SNS_EVT_01159,SGR_ZONE_002,SNS_INF_002_03,Infrared,0.7572,2026-08-21 13:36:54
SNS_EVT_01160,SGR_ZONE_049,SNS_INF_049_01,Infrared,0.1759,2026-08-21 15:31:14
SNS_EVT_01161,SGR_ZONE_139,SNS_VIB_139_02,Vibration,0.3418,2026-08-21 09:39:37
SNS_EVT_01162,SGR_ZONE_086,SNS_MOT_086_01,Motion,0.5395,2026-08-21 11:09:45
SNS_EVT_01163,SGR_ZONE_042,SNS_SEI_042_01,Seismic,0.5279,2026-08-21 08:35:52
SNS_EVT_01164,SGR_ZONE_090,SNS_ACO_090_03,Acoustic,0.2613,2026-08-21 15:03:36
SNS_EVT_01165,SGR_ZONE_136,SNS_MOT_136_04,Motion,0.4004,2026-08-21 19:27:12
SNS_EVT_01166,SGR_ZONE_005,SNS_MOT_005_02,Motion,0.9552,2026-08-21 21:52:11
SNS_EVT_01167,SGR_ZONE_020,SNS_INF_020_02,Infrared,0.8197,2026-08-21 02:16:49
SNS_EVT_01168,SGR_ZONE_122,SNS_INF_122_03,Infrared,0.6007,2026-08-21 22:46:31
SNS_EVT_01169,SGR_ZONE_010,SNS_ACO_010_01,Acoustic,0.0464,2026-08-21 10:21:17
SNS_EVT_01170,SGR_ZONE_128,SNS_ACO_128_02,Acoustic,0.4578,2026-08-21 05:42:52
SNS_EVT_01171,SGR_ZONE_149,SNS_ACO_149_02,Acoustic,0.2427,2026-08-21 06:06:29
SNS_EVT_01172,SGR_ZONE_149,SNS_MOT_149_01,Motion,0.3046,2026-08-21 11:58:54
SNS_EVT_01173,SGR_ZONE_079,SNS_SEI_079_03,Seismic,0.2469,2026-08-21 12:57:15
SNS_EVT_01174,SGR_ZONE_112,SNS_ACO_112_01,Acoustic,0.069,2026-08-21 06:19:17
SNS_EVT_01175,SGR_ZONE_050,SNS_SEI_050_02,Seismic,0.1528,2026-08-21 12:40:08
SNS_EVT_01176,SGR_ZONE_113,SNS_MOT_113_02,Motion,0.7065,2026-08-21 19:24:41
SNS_EVT_01177,SGR_ZONE_049,SNS_SEI_049_03,Seismic,0.7399,2026-08-21 08:17:34
SNS_EVT_01178,SGR_ZONE_113,SNS_SEI_113_03,Seismic,0.8917,2026-08-21 08:40:33
SNS_EVT_01179,SGR_ZONE_034,SNS_ACO_034_03,Acoustic,0.4238,2026-08-21 00:16:27
SNS_EVT_01180,SGR_ZONE_090,SNS_INF_090_03,Infrared,0.3434,2026-08-21 15:11:10
SNS_EVT_01181,SGR_ZONE_129,SNS_ACO_129_03,Acoustic,0.2633,2026-08-21 03:14:50
SNS_EVT_01182,SGR_ZONE_091,SNS_SEI_091_04,Seismic,0.7539,2026-08-21 02:14:34
SNS_EVT_01183,SGR_ZONE_038,SNS_MOT_038_02,Motion,0.2054,2026-08-21 09:36:25
SNS_EVT_01184,SGR_ZONE_140,SNS_SEI_140_01,Seismic,0.2031,2026-08-21 16:09:17
SNS_EVT_01185,SGR_ZONE_022,SNS_ACO_022_02,Acoustic,0.4333,2026-08-21 01:18:52
SNS_EVT_01186,SGR_ZONE_095,SNS_VIB_095_01,Vibration,0.355,2026-08-21 12:39:56
SNS_EVT_01187,SGR_ZONE_039,SNS_INF_039_01,Infrared,0.2838,2026-08-21 06:40:19
SNS_EVT_01188,SGR_ZONE_010,SNS_INF_010_04,Infrared,0.3807,2026-08-21 08:42:34
SNS_EVT_01189,SGR_ZONE_122,SNS_SEI_122_01,Seismic,0.5081,2026-08-21 22:39:32
SNS_EVT_01190,SGR_ZONE_068,SNS_VIB_068_01,Vibration,0.293,2026-08-21 00:53:14
SNS_EVT_01191,SGR_ZONE_063,SNS_INF_063_04,Infrared,0.2366,2026-08-21 02:16:23
SNS_EVT_01192,SGR_ZONE_131,SNS_VIB_131_03,Vibration,0.366,2026-08-21 07:13:03
SNS_EVT_01193,SGR_ZONE_148,SNS_SEI_148_02,Seismic,0.1832,2026-08-21 08:27:57
SNS_EVT_01194,SGR_ZONE_095,SNS_MOT_095_01,Motion,0.7603,2026-08-21 08:14:59
SNS_EVT_01195,SGR_ZONE_042,SNS_SEI_042_04,Seismic,0.478,2026-08-21 14:45:52
SNS_EVT_01196,SGR_ZONE_075,SNS_SEI_075_03,Seismic,0.3861,2026-08-21 22:56:49
SNS_EVT_01197,SGR_ZONE_021,SNS_ACO_021_02,Acoustic,0.0721,2026-08-21 20:00:48
SNS_EVT_01198,SGR_ZONE_107,SNS_SEI_107_04,Seismic,0.3808,2026-08-21 08:58:38
SNS_EVT_01199,SGR_ZONE_023,SNS_ACO_023_03,Acoustic,0.4326,2026-08-21 06:06:35
SNS_EVT_01200,SGR_ZONE_029,SNS_VIB_029_01,Vibration,0.4117,2026-08-21 17:57:39
SNS_EVT_01201,SGR_ZONE_015,SNS_MOT_015_01,Motion,0.3168,2026-08-21 19:23:23
SNS_EVT_01202,SGR_ZONE_055,SNS_INF_055_01,Infrared,0.3141,2026-08-21 15:04:18
SNS_EVT_01203,SGR_ZONE_006,SNS_INF_006_01,Infrared,0.4584,2026-08-21 08:14:36
SNS_EVT_01204,SGR_ZONE_127,SNS_VIB_127_04,Vibration,0.0935,2026-08-21 09:02:00
SNS_EVT_01205,SGR_ZONE_015,SNS_VIB_015_02,Vibration,0.3855,2026-08-21 02:57:56
SNS_EVT_01206,SGR_ZONE_052,SNS_ACO_052_04,Acoustic,0.1995,2026-08-21 19:13:35
SNS_EVT_01207,SGR_ZONE_091,SNS_VIB_091_01,Vibration,0.1717,2026-08-21 17:41:48
SNS_EVT_01208,SGR_ZONE_030,SNS_VIB_030_04,Vibration,0.2777,2026-08-21 08:04:50
SNS_EVT_01209,SGR_ZONE_086,SNS_ACO_086_02,Acoustic,0.4123,2026-08-21 02:21:23
SNS_EVT_01210,SGR_ZONE_064,SNS_INF_064_04,Infrared,0.7324,2026-08-21 12:09:22
SNS_EVT_01211,SGR_ZONE_032,SNS_MOT_032_04,Motion,0.8958,2026-08-21 11:56:37
SNS_EVT_01212,SGR_ZONE_045,SNS_INF_045_01,Infrared,0.2926,2026-08-21 09:46:38
SNS_EVT_01213,SGR_ZONE_103,SNS_INF_103_04,Infrared,0.0733,2026-08-21 15:01:28
SNS_EVT_01214,SGR_ZONE_050,SNS_VIB_050_03,Vibration,0.374,2026-08-21 08:45:44
SNS_EVT_01215,SGR_ZONE_124,SNS_INF_124_02,Infrared,0.4163,2026-08-21 08:26:00
SNS_EVT_01216,SGR_ZONE_145,SNS_INF_145_02,Infrared,0.2481,2026-08-21 01:33:25
SNS_EVT_01217,SGR_ZONE_095,SNS_MOT_095_02,Motion,0.1684,2026-08-21 04:15:36
SNS_EVT_01218,SGR_ZONE_076,SNS_INF_076_04,Infrared,0.2423,2026-08-21 20:43:34
SNS_EVT_01219,SGR_ZONE_113,SNS_INF_113_03,Infrared,0.7716,2026-08-21 01:35:34
SNS_EVT_01220,SGR_ZONE_145,SNS_SEI_145_02,Seismic,0.8452,2026-08-21 04:03:11
SNS_EVT_01221,SGR_ZONE_026,SNS_INF_026_01,Infrared,0.8391,2026-08-21 20:20:20
SNS_EVT_01222,SGR_ZONE_018,SNS_VIB_018_03,Vibration,0.2621,2026-08-21 18:48:00
SNS_EVT_01223,SGR_ZONE_083,SNS_SEI_083_01,Seismic,0.2597,2026-08-21 00:06:08
SNS_EVT_01224,SGR_ZONE_080,SNS_INF_080_02,Infrared,0.5366,2026-08-21 06:24:15
SNS_EVT_01225,SGR_ZONE_145,SNS_INF_145_04,Infrared,0.9433,2026-08-21 04:51:47
SNS_EVT_01226,SGR_ZONE_117,SNS_INF_117_02,Infrared,0.0716,2026-08-21 04:23:43
SNS_EVT_01227,SGR_ZONE_033,SNS_SEI_033_04,Seismic,0.0822,2026-08-21 18:06:58
SNS_EVT_01228,SGR_ZONE_097,SNS_SEI_097_04,Seismic,0.4207,2026-08-21 07:22:45
SNS_EVT_01229,SGR_ZONE_093,SNS_SEI_093_02,Seismic,0.9703,2026-08-21 06:45:43
SNS_EVT_01230,SGR_ZONE_008,SNS_INF_008_01,Infrared,0.0695,2026-08-21 05:26:35
SNS_EVT_01231,SGR_ZONE_112,SNS_VIB_112_01,Vibration,0.8271,2026-08-21 17:41:17
SNS_EVT_01232,SGR_ZONE_074,SNS_INF_074_03,Infrared,0.8662,2026-08-21 05:14:14
SNS_EVT_01233,SGR_ZONE_121,SNS_ACO_121_04,Acoustic,0.6447,2026-08-21 23:39:13
SNS_EVT_01234,SGR_ZONE_070,SNS_MOT_070_01,Motion,0.2671,2026-08-21 03:23:22
SNS_EVT_01235,SGR_ZONE_029,SNS_INF_029_01,Infrared,0.1003,2026-08-21 00:32:14
SNS_EVT_01236,SGR_ZONE_128,SNS_MOT_128_02,Motion,0.9011,2026-08-21 22:32:32
SNS_EVT_01237,SGR_ZONE_084,SNS_SEI_084_01,Seismic,0.8398,2026-08-21 16:20:59
SNS_EVT_01238,SGR_ZONE_141,SNS_ACO_141_04,Acoustic,0.2533,2026-08-21 12:43:41
SNS_EVT_01239,SGR_ZONE_039,SNS_ACO_039_03,Acoustic,0.2348,2026-08-21 04:47:57
SNS_EVT_01240,SGR_ZONE_018,SNS_SEI_018_03,Seismic,0.9742,2026-08-21 12:41:48
SNS_EVT_01241,SGR_ZONE_078,SNS_INF_078_03,Infrared,0.32,2026-08-21 04:35:25
SNS_EVT_01242,SGR_ZONE_042,SNS_VIB_042_03,Vibration,0.1865,2026-08-21 08:39:58
SNS_EVT_01243,SGR_ZONE_014,SNS_SEI_014_04,Seismic,0.3444,2026-08-21 01:11:26
SNS_EVT_01244,SGR_ZONE_069,SNS_VIB_069_03,Vibration,0.1673,2026-08-21 15:23:48
SNS_EVT_01245,SGR_ZONE_053,SNS_INF_053_01,Infrared,0.2797,2026-08-21 11:01:05
SNS_EVT_01246,SGR_ZONE_069,SNS_SEI_069_01,Seismic,0.2542,2026-08-21 21:20:27
SNS_EVT_01247,SGR_ZONE_003,SNS_VIB_003_01,Vibration,0.1591,2026-08-21 06:02:04
SNS_EVT_01248,SGR_ZONE_143,SNS_INF_143_03,Infrared,0.2009,2026-08-21 14:25:17
SNS_EVT_01249,SGR_ZONE_048,SNS_MOT_048_01,Motion,0.8121,2026-08-21 17:15:52
SNS_EVT_01250,SGR_ZONE_093,SNS_SEI_093_03,Seismic,0.551,2026-08-21 17:30:32
SNS_EVT_01251,SGR_ZONE_129,SNS_SEI_129_03,Seismic,0.4922,2026-08-21 20:38:31
SNS_EVT_01252,SGR_ZONE_131,SNS_ACO_131_04,Acoustic,0.229,2026-08-21 19:08:45
SNS_EVT_01253,SGR_ZONE_055,SNS_ACO_055_04,Acoustic,0.1332,2026-08-21 01:34:08
SNS_EVT_01254,SGR_ZONE_115,SNS_ACO_115_01,Acoustic,0.9682,2026-08-21 02:22:11
SNS_EVT_01255,SGR_ZONE_116,SNS_INF_116_04,Infrared,0.7591,2026-08-21 01:34:27
SNS_EVT_01256,SGR_ZONE_149,SNS_VIB_149_02,Vibration,0.4053,2026-08-21 02:17:52
SNS_EVT_01257,SGR_ZONE_147,SNS_VIB_147_01,Vibration,0.8207,2026-08-21 14:59:33
SNS_EVT_01258,SGR_ZONE_036,SNS_MOT_036_03,Motion,0.2169,2026-08-21 06:21:56
SNS_EVT_01259,SGR_ZONE_045,SNS_INF_045_04,Infrared,0.1755,2026-08-21 20:32:18
SNS_EVT_01260,SGR_ZONE_103,SNS_INF_103_03,Infrared,0.1245,2026-08-21 21:03:56
SNS_EVT_01261,SGR_ZONE_010,SNS_INF_010_04,Infrared,0.5781,2026-08-21 01:02:08
SNS_EVT_01262,SGR_ZONE_133,SNS_INF_133_02,Infrared,0.4351,2026-08-21 16:07:16
SNS_EVT_01263,SGR_ZONE_073,SNS_MOT_073_04,Motion,0.3215,2026-08-21 14:01:06
SNS_EVT_01264,SGR_ZONE_047,SNS_INF_047_02,Infrared,0.0847,2026-08-21 03:12:15
SNS_EVT_01265,SGR_ZONE_133,SNS_SEI_133_01,Seismic,0.0527,2026-08-21 11:50:25
SNS_EVT_01266,SGR_ZONE_127,SNS_MOT_127_04,Motion,0.0681,2026-08-21 02:18:00
SNS_EVT_01267,SGR_ZONE_029,SNS_MOT_029_03,Motion,0.2658,2026-08-21 16:12:11
SNS_EVT_01268,SGR_ZONE_004,SNS_VIB_004_03,Vibration,0.1542,2026-08-21 16:54:22
SNS_EVT_01269,SGR_ZONE_137,SNS_INF_137_03,Infrared,0.2172,2026-08-21 18:55:08
SNS_EVT_01270,SGR_ZONE_010,SNS_VIB_010_02,Vibration,0.7205,2026-08-21 17:00:55
SNS_EVT_01271,SGR_ZONE_067,SNS_MOT_067_03,Motion,0.5228,2026-08-21 18:35:52
SNS_EVT_01272,SGR_ZONE_089,SNS_VIB_089_03,Vibration,0.205,2026-08-21 09:06:35
SNS_EVT_01273,SGR_ZONE_016,SNS_MOT_016_01,Motion,0.3118,2026-08-21 00:00:38
SNS_EVT_01274,SGR_ZONE_021,SNS_VIB_021_02,Vibration,0.4214,2026-08-21 11:24:11
SNS_EVT_01275,SGR_ZONE_074,SNS_ACO_074_03,Acoustic,0.4839,2026-08-21 16:07:21
SNS_EVT_01276,SGR_ZONE_086,SNS_INF_086_02,Infrared,0.2144,2026-08-21 01:14:34
SNS_EVT_01277,SGR_ZONE_036,SNS_SEI_036_02,Seismic,0.3921,2026-08-21 13:34:48
SNS_EVT_01278,SGR_ZONE_122,SNS_VIB_122_01,Vibration,0.0921,2026-08-21 04:23:26
SNS_EVT_01279,SGR_ZONE_048,SNS_ACO_048_02,Acoustic,0.5377,2026-08-21 20:57:07
SNS_EVT_01280,SGR_ZONE_022,SNS_INF_022_03,Infrared,0.0335,2026-08-21 09:04:22
SNS_EVT_01281,SGR_ZONE_082,SNS_MOT_082_04,Motion,0.1001,2026-08-21 18:22:17
SNS_EVT_01282,SGR_ZONE_087,SNS_MOT_087_04,Motion,0.0841,2026-08-21 18:30:12
SNS_EVT_01283,SGR_ZONE_121,SNS_VIB_121_03,Vibration,0.3887,2026-08-21 04:40:11
SNS_EVT_01284,SGR_ZONE_119,SNS_ACO_119_01,Acoustic,0.497,2026-08-21 05:31:09
SNS_EVT_01285,SGR_ZONE_105,SNS_INF_105_02,Infrared,0.3588,2026-08-21 01:23:32
SNS_EVT_01286,SGR_ZONE_105,SNS_MOT_105_01,Motion,0.1053,2026-08-21 19:34:05
SNS_EVT_01287,SGR_ZONE_097,SNS_VIB_097_04,Vibration,0.3949,2026-08-21 23:48:27
SNS_EVT_01288,SGR_ZONE_129,SNS_MOT_129_04,Motion,0.9066,2026-08-21 08:06:11
SNS_EVT_01289,SGR_ZONE_104,SNS_MOT_104_01,Motion,0.464,2026-08-21 17:49:35
SNS_EVT_01290,SGR_ZONE_147,SNS_ACO_147_02,Acoustic,0.1072,2026-08-21 17:48:50
SNS_EVT_01291,SGR_ZONE_043,SNS_INF_043_04,Infrared,0.2718,2026-08-21 23:28:58
SNS_EVT_01292,SGR_ZONE_038,SNS_MOT_038_02,Motion,0.7255,2026-08-21 17:20:19
SNS_EVT_01293,SGR_ZONE_010,SNS_MOT_010_03,Motion,0.5337,2026-08-21 04:01:11
SNS_EVT_01294,SGR_ZONE_122,SNS_SEI_122_03,Seismic,0.1283,2026-08-21 04:54:55
SNS_EVT_01295,SGR_ZONE_020,SNS_INF_020_04,Infrared,0.41,2026-08-21 17:45:02
SNS_EVT_01296,SGR_ZONE_093,SNS_ACO_093_01,Acoustic,0.1278,2026-08-21 00:18:06
SNS_EVT_01297,SGR_ZONE_076,SNS_SEI_076_03,Seismic,0.5023,2026-08-21 03:00:40
SNS_EVT_01298,SGR_ZONE_123,SNS_INF_123_03,Infrared,0.7634,2026-08-21 04:01:50
SNS_EVT_01299,SGR_ZONE_056,SNS_SEI_056_02,Seismic,0.2339,2026-08-21 06:11:47
SNS_EVT_01300,SGR_ZONE_069,SNS_INF_069_02,Infrared,0.8129,2026-08-21 18:29:36
SNS_EVT_01301,SGR_ZONE_123,SNS_VIB_123_03,Vibration,0.1268,2026-08-21 03:32:53
SNS_EVT_01302,SGR_ZONE_061,SNS_ACO_061_03,Acoustic,0.8725,2026-08-21 22:40:03
SNS_EVT_01303,SGR_ZONE_041,SNS_VIB_041_02,Vibration,0.4148,2026-08-21 12:14:19
SNS_EVT_01304,SGR_ZONE_084,SNS_VIB_084_03,Vibration,0.0405,2026-08-21 12:28:04
SNS_EVT_01305,SGR_ZONE_025,SNS_VIB_025_04,Vibration,0.9777,2026-08-21 21:41:10
SNS_EVT_01306,SGR_ZONE_125,SNS_ACO_125_03,Acoustic,0.5865,2026-08-21 13:51:29
SNS_EVT_01307,SGR_ZONE_113,SNS_MOT_113_03,Motion,0.612,2026-08-21 18:25:52
SNS_EVT_01308,SGR_ZONE_137,SNS_SEI_137_04,Seismic,0.5085,2026-08-21 23:12:42
SNS_EVT_01309,SGR_ZONE_072,SNS_ACO_072_02,Acoustic,0.1332,2026-08-21 05:47:15
SNS_EVT_01310,SGR_ZONE_119,SNS_SEI_119_01,Seismic,0.4434,2026-08-21 07:50:16
SNS_EVT_01311,SGR_ZONE_145,SNS_MOT_145_04,Motion,0.1784,2026-08-21 09:48:28
SNS_EVT_01312,SGR_ZONE_021,SNS_MOT_021_04,Motion,0.3198,2026-08-21 21:08:21
SNS_EVT_01313,SGR_ZONE_001,SNS_VIB_001_01,Vibration,0.2695,2026-08-21 10:43:36
SNS_EVT_01314,SGR_ZONE_025,SNS_VIB_025_04,Vibration,0.5555,2026-08-21 13:48:12
SNS_EVT_01315,SGR_ZONE_021,SNS_INF_021_02,Infrared,0.7171,2026-08-21 19:30:17
SNS_EVT_01316,SGR_ZONE_140,SNS_ACO_140_01,Acoustic,0.287,2026-08-21 07:31:42
SNS_EVT_01317,SGR_ZONE_150,SNS_SEI_150_02,Seismic,0.7264,2026-08-21 05:56:36
SNS_EVT_01318,SGR_ZONE_132,SNS_INF_132_04,Infrared,0.1334,2026-08-21 02:47:14
SNS_EVT_01319,SGR_ZONE_071,SNS_VIB_071_02,Vibration,0.3844,2026-08-21 11:50:21
SNS_EVT_01320,SGR_ZONE_009,SNS_INF_009_04,Infrared,0.8367,2026-08-21 10:41:07
SNS_EVT_01321,SGR_ZONE_074,SNS_INF_074_03,Infrared,0.2279,2026-08-21 05:46:13
SNS_EVT_01322,SGR_ZONE_135,SNS_INF_135_03,Infrared,0.1169,2026-08-21 14:25:11
SNS_EVT_01323,SGR_ZONE_025,SNS_VIB_025_01,Vibration,0.3149,2026-08-21 09:01:23
SNS_EVT_01324,SGR_ZONE_024,SNS_ACO_024_03,Acoustic,0.097,2026-08-21 23:20:34
SNS_EVT_01325,SGR_ZONE_088,SNS_VIB_088_01,Vibration,0.2297,2026-08-21 14:32:51
SNS_EVT_01326,SGR_ZONE_119,SNS_VIB_119_01,Vibration,0.2611,2026-08-21 00:28:35
SNS_EVT_01327,SGR_ZONE_069,SNS_VIB_069_04,Vibration,0.1863,2026-08-21 01:42:06
SNS_EVT_01328,SGR_ZONE_017,SNS_ACO_017_03,Acoustic,0.3078,2026-08-21 04:29:22
SNS_EVT_01329,SGR_ZONE_120,SNS_INF_120_02,Infrared,0.5112,2026-08-21 18:49:59
SNS_EVT_01330,SGR_ZONE_034,SNS_VIB_034_01,Vibration,0.4499,2026-08-21 12:42:26
SNS_EVT_01331,SGR_ZONE_116,SNS_ACO_116_02,Acoustic,0.1622,2026-08-21 22:58:23
SNS_EVT_01332,SGR_ZONE_029,SNS_ACO_029_02,Acoustic,0.5292,2026-08-21 04:02:35
SNS_EVT_01333,SGR_ZONE_119,SNS_VIB_119_02,Vibration,0.2104,2026-08-21 16:45:19
SNS_EVT_01334,SGR_ZONE_044,SNS_MOT_044_03,Motion,0.7987,2026-08-21 12:18:53
SNS_EVT_01335,SGR_ZONE_109,SNS_SEI_109_04,Seismic,0.3348,2026-08-21 09:48:14
SNS_EVT_01336,SGR_ZONE_073,SNS_SEI_073_03,Seismic,0.1861,2026-08-21 11:47:29
SNS_EVT_01337,SGR_ZONE_097,SNS_ACO_097_03,Acoustic,0.1303,2026-08-21 06:42:29
SNS_EVT_01338,SGR_ZONE_091,SNS_MOT_091_03,Motion,0.5718,2026-08-21 08:56:32
SNS_EVT_01339,SGR_ZONE_090,SNS_SEI_090_04,Seismic,0.5968,2026-08-21 14:27:08
SNS_EVT_01340,SGR_ZONE_130,SNS_MOT_130_02,Motion,0.8573,2026-08-21 17:54:27
SNS_EVT_01341,SGR_ZONE_112,SNS_SEI_112_03,Seismic,0.9482,2026-08-21 22:13:14
SNS_EVT_01342,SGR_ZONE_120,SNS_MOT_120_04,Motion,0.2493,2026-08-21 19:24:47
SNS_EVT_01343,SGR_ZONE_076,SNS_MOT_076_02,Motion,0.3735,2026-08-21 10:37:05
SNS_EVT_01344,SGR_ZONE_143,SNS_VIB_143_03,Vibration,0.3378,2026-08-21 13:18:23
SNS_EVT_01345,SGR_ZONE_084,SNS_ACO_084_04,Acoustic,0.196,2026-08-21 21:55:58
SNS_EVT_01346,SGR_ZONE_133,SNS_SEI_133_02,Seismic,0.2108,2026-08-21 11:14:43
SNS_EVT_01347,SGR_ZONE_105,SNS_ACO_105_01,Acoustic,0.7333,2026-08-21 11:43:48
SNS_EVT_01348,SGR_ZONE_135,SNS_INF_135_03,Infrared,0.7077,2026-08-21 04:17:19
SNS_EVT_01349,SGR_ZONE_046,SNS_INF_046_03,Infrared,0.3336,2026-08-21 08:21:28
SNS_EVT_01350,SGR_ZONE_142,SNS_SEI_142_01,Seismic,0.3036,2026-08-21 01:18:19
SNS_EVT_01351,SGR_ZONE_054,SNS_ACO_054_04,Acoustic,0.787,2026-08-21 02:09:13
SNS_EVT_01352,SGR_ZONE_091,SNS_ACO_091_01,Acoustic,0.1629,2026-08-21 08:38:15
SNS_EVT_01353,SGR_ZONE_067,SNS_SEI_067_04,Seismic,0.3577,2026-08-21 03:29:12
SNS_EVT_01354,SGR_ZONE_021,SNS_MOT_021_01,Motion,0.1788,2026-08-21 06:45:19
SNS_EVT_01355,SGR_ZONE_139,SNS_ACO_139_04,Acoustic,0.1196,2026-08-21 08:30:06
SNS_EVT_01356,SGR_ZONE_145,SNS_ACO_145_04,Acoustic,0.433,2026-08-21 08:29:07
SNS_EVT_01357,SGR_ZONE_133,SNS_SEI_133_03,Seismic,0.5499,2026-08-21 07:58:02
SNS_EVT_01358,SGR_ZONE_150,SNS_INF_150_03,Infrared,0.3618,2026-08-21 03:23:40
SNS_EVT_01359,SGR_ZONE_149,SNS_INF_149_03,Infrared,0.3055,2026-08-21 16:23:57
SNS_EVT_01360,SGR_ZONE_031,SNS_INF_031_02,Infrared,0.3647,2026-08-21 15:58:13
SNS_EVT_01361,SGR_ZONE_131,SNS_INF_131_01,Infrared,0.3424,2026-08-21 02:44:55
SNS_EVT_01362,SGR_ZONE_002,SNS_MOT_002_01,Motion,0.416,2026-08-21 21:52:14
SNS_EVT_01363,SGR_ZONE_049,SNS_VIB_049_02,Vibration,0.041,2026-08-21 09:12:35
SNS_EVT_01364,SGR_ZONE_142,SNS_SEI_142_02,Seismic,0.8545,2026-08-21 16:38:51
SNS_EVT_01365,SGR_ZONE_146,SNS_INF_146_04,Infrared,0.0883,2026-08-21 01:04:30
SNS_EVT_01366,SGR_ZONE_068,SNS_VIB_068_03,Vibration,0.9035,2026-08-21 22:47:48
SNS_EVT_01367,SGR_ZONE_088,SNS_ACO_088_04,Acoustic,0.1127,2026-08-21 05:55:05
SNS_EVT_01368,SGR_ZONE_052,SNS_SEI_052_01,Seismic,0.1698,2026-08-21 12:46:25
SNS_EVT_01369,SGR_ZONE_031,SNS_INF_031_04,Infrared,0.3958,2026-08-21 23:53:04
SNS_EVT_01370,SGR_ZONE_019,SNS_VIB_019_01,Vibration,0.3837,2026-08-21 21:48:02
SNS_EVT_01371,SGR_ZONE_038,SNS_ACO_038_03,Acoustic,0.2411,2026-08-21 19:14:33
SNS_EVT_01372,SGR_ZONE_131,SNS_ACO_131_01,Acoustic,0.2248,2026-08-21 14:38:18
SNS_EVT_01373,SGR_ZONE_052,SNS_ACO_052_03,Acoustic,0.2553,2026-08-21 19:40:18
SNS_EVT_01374,SGR_ZONE_006,SNS_INF_006_03,Infrared,0.386,2026-08-21 23:18:32
SNS_EVT_01375,SGR_ZONE_068,SNS_ACO_068_02,Acoustic,0.1689,2026-08-21 07:23:48
SNS_EVT_01376,SGR_ZONE_145,SNS_VIB_145_04,Vibration,0.1561,2026-08-21 15:15:16
SNS_EVT_01377,SGR_ZONE_091,SNS_SEI_091_04,Seismic,0.5689,2026-08-21 22:37:49
SNS_EVT_01378,SGR_ZONE_116,SNS_MOT_116_04,Motion,0.1591,2026-08-21 02:18:42
SNS_EVT_01379,SGR_ZONE_029,SNS_INF_029_04,Infrared,0.8172,2026-08-21 02:22:10
SNS_EVT_01380,SGR_ZONE_074,SNS_INF_074_04,Infrared,0.2315,2026-08-21 12:13:07
SNS_EVT_01381,SGR_ZONE_048,SNS_VIB_048_04,Vibration,0.0898,2026-08-21 22:25:13
SNS_EVT_01382,SGR_ZONE_058,SNS_MOT_058_01,Motion,0.3889,2026-08-21 23:37:21
SNS_EVT_01383,SGR_ZONE_113,SNS_VIB_113_04,Vibration,0.1629,2026-08-21 03:20:59
SNS_EVT_01384,SGR_ZONE_128,SNS_VIB_128_04,Vibration,0.8224,2026-08-21 17:47:47
SNS_EVT_01385,SGR_ZONE_042,SNS_MOT_042_03,Motion,0.1204,2026-08-21 08:34:49
SNS_EVT_01386,SGR_ZONE_104,SNS_VIB_104_03,Vibration,0.9268,2026-08-21 11:57:39
SNS_EVT_01387,SGR_ZONE_013,SNS_ACO_013_02,Acoustic,0.145,2026-08-21 20:51:16
SNS_EVT_01388,SGR_ZONE_015,SNS_MOT_015_02,Motion,0.0123,2026-08-21 01:19:03
SNS_EVT_01389,SGR_ZONE_128,SNS_VIB_128_04,Vibration,0.1244,2026-08-21 03:01:40
SNS_EVT_01390,SGR_ZONE_018,SNS_MOT_018_04,Motion,0.3781,2026-08-21 16:33:17
SNS_EVT_01391,SGR_ZONE_064,SNS_INF_064_02,Infrared,0.5811,2026-08-21 20:01:33
SNS_EVT_01392,SGR_ZONE_095,SNS_MOT_095_04,Motion,0.702,2026-08-21 14:30:14
SNS_EVT_01393,SGR_ZONE_028,SNS_SEI_028_04,Seismic,0.1388,2026-08-21 11:50:32
SNS_EVT_01394,SGR_ZONE_124,SNS_VIB_124_02,Vibration,0.1015,2026-08-21 08:50:52
SNS_EVT_01395,SGR_ZONE_013,SNS_SEI_013_01,Seismic,0.3147,2026-08-21 01:25:14
SNS_EVT_01396,SGR_ZONE_046,SNS_MOT_046_02,Motion,0.3399,2026-08-21 00:44:26
SNS_EVT_01397,SGR_ZONE_114,SNS_MOT_114_01,Motion,0.2832,2026-08-21 23:38:20
SNS_EVT_01398,SGR_ZONE_146,SNS_INF_146_02,Infrared,0.2529,2026-08-21 14:17:38
SNS_EVT_01399,SGR_ZONE_070,SNS_ACO_070_04,Acoustic,0.9055,2026-08-21 20:46:23
SNS_EVT_01400,SGR_ZONE_017,SNS_INF_017_02,Infrared,0.0698,2026-08-21 06:09:23
SNS_EVT_01401,SGR_ZONE_065,SNS_VIB_065_01,Vibration,0.2896,2026-08-21 15:18:49
SNS_EVT_01402,SGR_ZONE_070,SNS_ACO_070_04,Acoustic,0.6119,2026-08-21 08:06:45
SNS_EVT_01403,SGR_ZONE_063,SNS_MOT_063_01,Motion,0.1434,2026-08-21 14:02:01
SNS_EVT_01404,SGR_ZONE_105,SNS_ACO_105_04,Acoustic,0.102,2026-08-21 06:43:37
SNS_EVT_01405,SGR_ZONE_036,SNS_ACO_036_03,Acoustic,0.5706,2026-08-21 03:30:15
SNS_EVT_01406,SGR_ZONE_051,SNS_INF_051_02,Infrared,0.789,2026-08-21 12:24:35
SNS_EVT_01407,SGR_ZONE_089,SNS_SEI_089_03,Seismic,0.4228,2026-08-21 21:38:49
SNS_EVT_01408,SGR_ZONE_121,SNS_INF_121_04,Infrared,0.501,2026-08-21 02:01:55
SNS_EVT_01409,SGR_ZONE_145,SNS_SEI_145_02,Seismic,0.3123,2026-08-21 18:27:27
SNS_EVT_01410,SGR_ZONE_120,SNS_INF_120_04,Infrared,0.4354,2026-08-21 16:17:06
SNS_EVT_01411,SGR_ZONE_148,SNS_ACO_148_04,Acoustic,0.2105,2026-08-21 02:01:59
SNS_EVT_01412,SGR_ZONE_102,SNS_SEI_102_04,Seismic,0.1685,2026-08-21 19:33:40
SNS_EVT_01413,SGR_ZONE_023,SNS_SEI_023_03,Seismic,0.3982,2026-08-21 10:34:03
SNS_EVT_01414,SGR_ZONE_093,SNS_ACO_093_02,Acoustic,0.8059,2026-08-21 02:01:34
SNS_EVT_01415,SGR_ZONE_144,SNS_VIB_144_03,Vibration,0.8189,2026-08-21 19:53:38
SNS_EVT_01416,SGR_ZONE_123,SNS_INF_123_04,Infrared,0.3896,2026-08-21 07:47:11
SNS_EVT_01417,SGR_ZONE_136,SNS_MOT_136_03,Motion,0.2059,2026-08-21 04:10:28
SNS_EVT_01418,SGR_ZONE_079,SNS_ACO_079_04,Acoustic,0.2991,2026-08-21 13:23:27
SNS_EVT_01419,SGR_ZONE_048,SNS_VIB_048_02,Vibration,0.5762,2026-08-21 15:22:26
SNS_EVT_01420,SGR_ZONE_007,SNS_MOT_007_02,Motion,0.4013,2026-08-21 22:08:36
SNS_EVT_01421,SGR_ZONE_008,SNS_VIB_008_02,Vibration,0.1176,2026-08-21 01:10:16
SNS_EVT_01422,SGR_ZONE_128,SNS_INF_128_03,Infrared,0.8307,2026-08-21 07:25:14
SNS_EVT_01423,SGR_ZONE_057,SNS_MOT_057_04,Motion,0.0518,2026-08-21 04:14:14
SNS_EVT_01424,SGR_ZONE_052,SNS_ACO_052_01,Acoustic,0.1611,2026-08-21 14:22:21
SNS_EVT_01425,SGR_ZONE_073,SNS_ACO_073_02,Acoustic,0.1712,2026-08-21 19:17:26
SNS_EVT_01426,SGR_ZONE_096,SNS_INF_096_01,Infrared,0.1142,2026-08-21 04:15:45
SNS_EVT_01427,SGR_ZONE_126,SNS_MOT_126_04,Motion,0.8189,2026-08-21 10:46:14
SNS_EVT_01428,SGR_ZONE_023,SNS_VIB_023_03,Vibration,0.3262,2026-08-21 12:23:27
SNS_EVT_01429,SGR_ZONE_096,SNS_ACO_096_02,Acoustic,0.9674,2026-08-21 00:50:15
SNS_EVT_01430,SGR_ZONE_015,SNS_VIB_015_01,Vibration,0.1679,2026-08-21 04:39:39
SNS_EVT_01431,SGR_ZONE_069,SNS_SEI_069_03,Seismic,0.6845,2026-08-21 10:49:12
SNS_EVT_01432,SGR_ZONE_017,SNS_SEI_017_03,Seismic,0.2271,2026-08-21 16:22:24
SNS_EVT_01433,SGR_ZONE_129,SNS_VIB_129_03,Vibration,0.4154,2026-08-21 17:01:33
SNS_EVT_01434,SGR_ZONE_101,SNS_MOT_101_04,Motion,0.2165,2026-08-21 20:47:42
SNS_EVT_01435,SGR_ZONE_042,SNS_SEI_042_04,Seismic,0.1862,2026-08-21 03:09:50
SNS_EVT_01436,SGR_ZONE_018,SNS_SEI_018_01,Seismic,0.3262,2026-08-21 13:34:53
SNS_EVT_01437,SGR_ZONE_100,SNS_MOT_100_03,Motion,0.6746,2026-08-21 02:59:11
SNS_EVT_01438,SGR_ZONE_079,SNS_MOT_079_02,Motion,0.3472,2026-08-21 15:50:56
SNS_EVT_01439,SGR_ZONE_111,SNS_VIB_111_03,Vibration,0.3394,2026-08-21 07:34:33
SNS_EVT_01440,SGR_ZONE_062,SNS_SEI_062_03,Seismic,0.2835,2026-08-21 07:12:28
SNS_EVT_01441,SGR_ZONE_005,SNS_INF_005_02,Infrared,0.6161,2026-08-21 12:52:51
SNS_EVT_01442,SGR_ZONE_001,SNS_ACO_001_02,Acoustic,0.2079,2026-08-21 22:07:04
SNS_EVT_01443,SGR_ZONE_106,SNS_SEI_106_01,Seismic,0.351,2026-08-21 01:15:32
SNS_EVT_01444,SGR_ZONE_003,SNS_ACO_003_04,Acoustic,0.2908,2026-08-21 23:28:28
SNS_EVT_01445,SGR_ZONE_124,SNS_INF_124_04,Infrared,0.3028,2026-08-21 21:44:54
SNS_EVT_01446,SGR_ZONE_116,SNS_MOT_116_03,Motion,0.486,2026-08-21 15:21:10
SNS_EVT_01447,SGR_ZONE_113,SNS_INF_113_01,Infrared,0.0846,2026-08-21 05:13:57
SNS_EVT_01448,SGR_ZONE_016,SNS_MOT_016_03,Motion,0.0767,2026-08-21 03:15:56
SNS_EVT_01449,SGR_ZONE_082,SNS_VIB_082_03,Vibration,0.6308,2026-08-21 17:06:51
SNS_EVT_01450,SGR_ZONE_113,SNS_ACO_113_03,Acoustic,0.1811,2026-08-21 22:10:32
SNS_EVT_01451,SGR_ZONE_020,SNS_MOT_020_02,Motion,0.0777,2026-08-21 08:50:25
SNS_EVT_01452,SGR_ZONE_111,SNS_MOT_111_01,Motion,0.7795,2026-08-21 13:00:12
SNS_EVT_01453,SGR_ZONE_003,SNS_VIB_003_04,Vibration,0.8549,2026-08-21 09:07:11
SNS_EVT_01454,SGR_ZONE_064,SNS_INF_064_03,Infrared,0.9664,2026-08-21 12:56:11
SNS_EVT_01455,SGR_ZONE_146,SNS_VIB_146_01,Vibration,0.205,2026-08-21 13:10:06
SNS_EVT_01456,SGR_ZONE_026,SNS_INF_026_02,Infrared,0.0889,2026-08-21 09:22:45
SNS_EVT_01457,SGR_ZONE_113,SNS_ACO_113_04,Acoustic,0.3247,2026-08-21 15:00:37
SNS_EVT_01458,SGR_ZONE_069,SNS_ACO_069_02,Acoustic,0.1109,2026-08-21 08:02:14
SNS_EVT_01459,SGR_ZONE_004,SNS_VIB_004_02,Vibration,0.6249,2026-08-21 14:20:24
SNS_EVT_01460,SGR_ZONE_017,SNS_INF_017_03,Infrared,0.5098,2026-08-21 07:52:43
SNS_EVT_01461,SGR_ZONE_130,SNS_VIB_130_04,Vibration,0.1941,2026-08-21 19:29:39
SNS_EVT_01462,SGR_ZONE_065,SNS_ACO_065_02,Acoustic,0.7499,2026-08-21 04:27:23
SNS_EVT_01463,SGR_ZONE_050,SNS_SEI_050_02,Seismic,0.1142,2026-08-21 13:12:47
SNS_EVT_01464,SGR_ZONE_002,SNS_SEI_002_04,Seismic,0.3443,2026-08-21 10:18:13
SNS_EVT_01465,SGR_ZONE_149,SNS_SEI_149_03,Seismic,0.3923,2026-08-21 21:09:10
SNS_EVT_01466,SGR_ZONE_061,SNS_INF_061_01,Infrared,0.0514,2026-08-21 07:38:25
SNS_EVT_01467,SGR_ZONE_089,SNS_MOT_089_03,Motion,0.1923,2026-08-21 21:15:29
SNS_EVT_01468,SGR_ZONE_080,SNS_SEI_080_03,Seismic,0.0361,2026-08-21 15:18:42
SNS_EVT_01469,SGR_ZONE_143,SNS_INF_143_04,Infrared,0.4375,2026-08-21 03:09:08
SNS_EVT_01470,SGR_ZONE_015,SNS_ACO_015_02,Acoustic,0.2884,2026-08-21 18:00:42
SNS_EVT_01471,SGR_ZONE_057,SNS_INF_057_01,Infrared,0.1222,2026-08-21 18:08:43
SNS_EVT_01472,SGR_ZONE_015,SNS_VIB_015_01,Vibration,0.1813,2026-08-21 05:56:29
SNS_EVT_01473,SGR_ZONE_138,SNS_SEI_138_03,Seismic,0.8806,2026-08-21 03:13:32
SNS_EVT_01474,SGR_ZONE_045,SNS_MOT_045_04,Motion,0.1813,2026-08-21 13:50:12
SNS_EVT_01475,SGR_ZONE_057,SNS_INF_057_03,Infrared,0.4759,2026-08-21 10:55:16
SNS_EVT_01476,SGR_ZONE_061,SNS_SEI_061_03,Seismic,0.1209,2026-08-21 16:40:21
SNS_EVT_01477,SGR_ZONE_027,SNS_VIB_027_01,Vibration,0.7015,2026-08-21 03:09:58
SNS_EVT_01478,SGR_ZONE_040,SNS_VIB_040_03,Vibration,0.9109,2026-08-21 06:09:24
SNS_EVT_01479,SGR_ZONE_127,SNS_INF_127_01,Infrared,0.2099,2026-08-21 09:01:55
SNS_EVT_01480,SGR_ZONE_087,SNS_ACO_087_02,Acoustic,0.9515,2026-08-21 21:12:11
SNS_EVT_01481,SGR_ZONE_071,SNS_MOT_071_01,Motion,0.15,2026-08-21 16:03:51
SNS_EVT_01482,SGR_ZONE_115,SNS_MOT_115_01,Motion,0.1952,2026-08-21 06:08:43
SNS_EVT_01483,SGR_ZONE_099,SNS_INF_099_01,Infrared,0.1472,2026-08-21 20:26:50
SNS_EVT_01484,SGR_ZONE_118,SNS_MOT_118_02,Motion,0.3602,2026-08-21 21:09:54
SNS_EVT_01485,SGR_ZONE_137,SNS_VIB_137_01,Vibration,0.9458,2026-08-21 23:12:51
SNS_EVT_01486,SGR_ZONE_071,SNS_ACO_071_02,Acoustic,0.1671,2026-08-21 17:20:43
SNS_EVT_01487,SGR_ZONE_127,SNS_MOT_127_01,Motion,0.293,2026-08-21 19:54:47
SNS_EVT_01488,SGR_ZONE_088,SNS_INF_088_04,Infrared,0.1002,2026-08-21 14:21:31
SNS_EVT_01489,SGR_ZONE_043,SNS_ACO_043_04,Acoustic,0.7113,2026-08-21 08:42:48
SNS_EVT_01490,SGR_ZONE_112,SNS_SEI_112_02,Seismic,0.334,2026-08-21 22:31:36
SNS_EVT_01491,SGR_ZONE_096,SNS_ACO_096_04,Acoustic,0.3721,2026-08-21 19:36:08
SNS_EVT_01492,SGR_ZONE_102,SNS_MOT_102_03,Motion,0.0459,2026-08-21 10:08:48
SNS_EVT_01493,SGR_ZONE_041,SNS_ACO_041_02,Acoustic,0.3054,2026-08-21 12:34:43
SNS_EVT_01494,SGR_ZONE_040,SNS_VIB_040_04,Vibration,0.3011,2026-08-21 20:42:17
SNS_EVT_01495,SGR_ZONE_040,SNS_MOT_040_03,Motion,0.1401,2026-08-21 22:20:15
SNS_EVT_01496,SGR_ZONE_051,SNS_MOT_051_01,Motion,0.3067,2026-08-21 12:41:45
SNS_EVT_01497,SGR_ZONE_090,SNS_VIB_090_03,Vibration,0.9788,2026-08-21 21:38:11
SNS_EVT_01498,SGR_ZONE_115,SNS_MOT_115_02,Motion,0.355,2026-08-21 18:12:35
SNS_EVT_01499,SGR_ZONE_128,SNS_INF_128_01,Infrared,0.2467,2026-08-21 14:30:11
SNS_EVT_01500,SGR_ZONE_085,SNS_SEI_085_02,Seismic,0.5771,2026-08-21 15:20:04
