Zone_ID,Week,Zone_Area_SqKm,Terrain_Difficulty,Patrols_Conducted,Morning_Shifts,Afternoon_Shifts,Night_Shifts,Coverage_Pct,Blind_Spots,Max_Gap_Hours,Vehicles_Available,Drones_Deployed,Readiness_Score,Alert_Level
SGR_ZONE_001,1,6.87,0.97,20,7,6,7,100.0,0,8.1,2,0,81.0,GREEN
SGR_ZONE_001,2,6.87,0.97,18,6,5,7,86.5,1,9.0,3,0,83.6,GREEN
SGR_ZONE_001,3,6.87,0.97,20,7,6,7,100.0,0,8.1,3,0,91.0,GREEN
SGR_ZONE_001,4,6.87,0.97,20,7,6,7,100.0,0,8.1,2,0,81.0,GREEN
SGR_ZONE_001,5,6.87,0.97,17,5,5,7,82.7,1,9.5,1,0,62.1,AMBER
SGR_ZONE_001,6,6.87,0.97,16,5,4,7,79.6,2,10.1,2,0,68.8,AMBER
SGR_ZONE_001,7,6.87,0.97,20,7,6,7,100.0,0,8.1,1,0,71.0,GREEN
SGR_ZONE_001,8,6.87,0.97,18,6,5,7,94.2,0,9.0,2,0,78.7,GREEN
SGR_ZONE_001,9,6.87,0.97,19,6,5,8,100.0,0,8.5,3,0,94.0,GREEN
SGR_ZONE_001,10,6.87,0.97,18,6,5,7,90.7,0,9.0,1,0,67.3,AMBER
SGR_ZONE_001,11,6.87,0.97,18,6,5,7,97.9,0,9.0,3,0,90.2,GREEN
SGR_ZONE_001,12,6.87,0.97,20,7,6,7,100.0,0,8.1,2,0,81.0,GREEN
SGR_ZONE_002,1,14.34,0.98,31,10,9,12,71.7,2,5.3,1,0,70.7,GREEN
SGR_ZONE_002,2,14.34,0.98,31,10,9,12,77.4,2,5.3,3,0,92.9,GREEN
SGR_ZONE_002,3,14.34,0.98,33,11,9,13,73.6,2,5.0,1,0,74.4,GREEN
SGR_ZONE_002,4,14.34,0.98,32,11,9,12,83.1,1,5.1,2,0,87.2,GREEN
SGR_ZONE_002,5,14.34,0.98,33,11,9,13,76.4,2,5.0,2,0,85.6,GREEN
SGR_ZONE_002,6,14.34,0.98,31,10,9,12,75.6,2,5.3,1,0,72.2,GREEN
SGR_ZONE_002,7,14.34,0.98,31,10,9,12,78.7,2,5.3,2,0,83.5,GREEN
SGR_ZONE_002,8,14.34,0.98,31,10,9,12,80.5,1,5.3,2,0,86.2,GREEN
SGR_ZONE_002,9,14.34,0.98,33,11,9,13,72.4,2,5.0,1,0,74.0,GREEN
SGR_ZONE_002,10,14.34,0.98,34,11,10,13,78.1,2,4.8,1,0,76.3,GREEN
SGR_ZONE_002,11,14.34,0.98,31,10,9,12,81.6,1,5.3,1,0,76.6,GREEN
SGR_ZONE_002,12,14.34,0.98,30,10,9,11,69.2,3,5.5,1,0,64.7,AMBER
SGR_ZONE_003,1,2.97,0.99,9,3,2,4,100.0,0,18.5,3,0,82.0,GREEN
SGR_ZONE_003,2,2.97,0.99,8,2,2,4,98.0,0,20.8,3,0,81.2,GREEN
SGR_ZONE_003,3,2.97,0.99,8,2,2,4,100.0,0,20.8,1,0,62.0,AMBER
SGR_ZONE_003,4,2.97,0.99,7,2,2,3,87.9,1,23.8,1,0,52.2,AMBER
SGR_ZONE_003,5,2.97,0.99,9,3,2,4,100.0,0,18.5,2,0,72.0,GREEN
SGR_ZONE_003,6,2.97,0.99,6,2,1,3,71.0,2,27.7,3,0,63.4,AMBER
SGR_ZONE_003,7,2.97,0.99,10,3,3,4,100.0,0,16.6,2,0,72.0,GREEN
SGR_ZONE_003,8,2.97,0.99,8,2,2,4,100.0,0,20.8,3,0,82.0,GREEN
SGR_ZONE_003,9,2.97,0.99,10,3,3,4,100.0,0,16.6,3,0,82.0,GREEN
SGR_ZONE_003,10,2.97,0.99,6,2,1,3,80.8,1,27.7,3,0,69.3,AMBER
SGR_ZONE_003,11,2.97,0.99,8,2,2,4,100.0,0,20.8,3,0,82.0,GREEN
SGR_ZONE_003,12,2.97,0.99,7,2,2,3,82.9,1,23.8,1,0,50.2,AMBER
SGR_ZONE_004,1,4.62,0.93,13,4,3,6,100.0,0,12.0,2,0,78.0,GREEN
SGR_ZONE_004,2,4.62,0.93,14,4,4,6,100.0,0,11.1,1,0,68.0,AMBER
SGR_ZONE_004,3,4.62,0.93,12,4,3,5,90.4,0,13.0,1,0,61.1,AMBER
SGR_ZONE_004,4,4.62,0.93,12,4,3,5,97.7,0,13.0,2,0,74.1,GREEN
SGR_ZONE_004,5,4.62,0.93,11,3,3,5,91.7,0,14.2,1,0,61.7,AMBER
SGR_ZONE_004,6,4.62,0.93,14,4,4,6,100.0,0,11.1,2,0,78.0,GREEN
SGR_ZONE_004,7,4.62,0.93,12,4,3,5,92.2,0,13.0,3,0,81.9,GREEN
SGR_ZONE_004,8,4.62,0.93,13,4,3,6,100.0,0,12.0,2,0,78.0,GREEN
SGR_ZONE_004,9,4.62,0.93,10,3,3,4,76.0,2,15.6,3,0,68.4,AMBER
SGR_ZONE_004,10,4.62,0.93,10,3,3,4,84.2,1,15.6,1,0,53.7,AMBER
SGR_ZONE_004,11,4.62,0.93,12,4,3,5,87.4,1,13.0,3,0,78.0,GREEN
SGR_ZONE_004,12,4.62,0.93,10,3,3,4,79.2,2,15.6,1,0,49.7,AMBER
SGR_ZONE_005,1,3.56,0.54,10,3,3,4,100.0,0,9.0,2,0,72.0,GREEN
SGR_ZONE_005,2,3.56,0.54,10,3,3,4,98.8,0,9.0,2,0,71.5,GREEN
SGR_ZONE_005,3,3.56,0.54,11,3,3,5,100.0,0,8.2,1,0,65.0,AMBER
SGR_ZONE_005,4,3.56,0.54,10,3,3,4,100.0,0,9.0,3,0,82.0,GREEN
SGR_ZONE_005,5,3.56,0.54,10,3,3,4,100.0,0,9.0,2,0,72.0,GREEN
SGR_ZONE_005,6,3.56,0.54,14,4,4,6,100.0,0,6.4,1,0,68.0,AMBER
SGR_ZONE_005,7,3.56,0.54,12,4,3,5,100.0,0,7.5,1,0,65.0,AMBER
SGR_ZONE_005,8,3.56,0.54,13,4,3,6,100.0,0,6.9,2,0,78.0,GREEN
SGR_ZONE_005,9,3.56,0.54,13,4,3,6,100.0,0,6.9,3,0,88.0,GREEN
SGR_ZONE_005,10,3.56,0.54,10,3,3,4,100.0,0,9.0,1,0,62.0,AMBER
SGR_ZONE_005,11,3.56,0.54,13,4,3,6,100.0,0,6.9,2,0,78.0,GREEN
SGR_ZONE_005,12,3.56,0.54,12,4,3,5,100.0,0,7.5,1,0,65.0,AMBER
SGR_ZONE_006,1,3.96,0.66,14,4,4,6,100.0,0,7.9,3,0,88.0,GREEN
SGR_ZONE_006,2,3.96,0.66,15,5,4,6,100.0,0,7.3,3,0,88.0,GREEN
SGR_ZONE_006,3,3.96,0.66,14,4,4,6,100.0,0,7.9,3,0,88.0,GREEN
SGR_ZONE_006,4,3.96,0.66,15,5,4,6,100.0,0,7.3,3,0,88.0,GREEN
SGR_ZONE_006,5,3.96,0.66,13,4,3,6,100.0,0,8.5,3,0,88.0,GREEN
SGR_ZONE_006,6,3.96,0.66,15,5,4,6,100.0,0,7.3,2,0,78.0,GREEN
SGR_ZONE_006,7,3.96,0.66,13,4,3,6,100.0,0,8.5,2,0,78.0,GREEN
SGR_ZONE_006,8,3.96,0.66,12,4,3,5,100.0,0,9.2,1,0,65.0,AMBER
SGR_ZONE_006,9,3.96,0.66,13,4,3,6,100.0,0,8.5,2,0,78.0,GREEN
SGR_ZONE_006,10,3.96,0.66,15,5,4,6,100.0,0,7.3,3,0,88.0,GREEN
SGR_ZONE_006,11,3.96,0.66,12,4,3,5,100.0,0,9.2,3,0,85.0,GREEN
SGR_ZONE_006,12,3.96,0.66,14,4,4,6,100.0,0,7.9,2,0,78.0,GREEN
SGR_ZONE_007,1,12.14,0.75,27,9,8,10,72.4,2,4.7,2,0,75.0,GREEN
SGR_ZONE_007,2,12.14,0.75,30,10,9,11,87.0,1,4.2,2,0,85.8,GREEN
SGR_ZONE_007,3,12.14,0.75,27,9,8,10,80.0,2,4.7,1,0,68.0,AMBER
SGR_ZONE_007,4,12.14,0.75,28,9,8,11,75.2,2,4.5,2,0,79.1,GREEN
SGR_ZONE_007,5,12.14,0.75,28,9,8,11,83.2,1,4.5,1,0,74.3,GREEN
SGR_ZONE_007,6,12.14,0.75,27,9,8,10,72.6,2,4.7,1,0,65.1,AMBER
SGR_ZONE_007,7,12.14,0.75,31,10,9,12,83.8,1,4.1,3,0,97.5,GREEN
SGR_ZONE_007,8,12.14,0.75,29,10,8,11,85.4,1,4.3,1,0,75.2,GREEN
SGR_ZONE_007,9,12.14,0.75,30,10,9,11,86.0,1,4.2,2,0,85.4,GREEN
SGR_ZONE_007,10,12.14,0.75,31,10,9,12,88.4,1,4.1,3,0,99.4,GREEN
SGR_ZONE_007,11,12.14,0.75,29,10,8,11,87.5,1,4.3,2,0,86.0,GREEN
SGR_ZONE_007,12,12.14,0.75,27,9,8,10,78.7,2,4.7,1,0,67.5,AMBER
SGR_ZONE_008,1,4.54,0.81,15,5,4,6,100.0,0,9.0,1,0,68.0,AMBER
SGR_ZONE_008,2,4.54,0.81,12,4,3,5,100.0,0,11.3,2,0,75.0,GREEN
SGR_ZONE_008,3,4.54,0.81,16,5,4,7,100.0,0,8.5,2,0,81.0,GREEN
SGR_ZONE_008,4,4.54,0.81,14,4,4,6,100.0,0,9.7,1,0,68.0,AMBER
SGR_ZONE_008,5,4.54,0.81,16,5,4,7,100.0,0,8.5,1,0,71.0,GREEN
SGR_ZONE_008,6,4.54,0.81,14,4,4,6,100.0,0,9.7,3,0,88.0,GREEN
SGR_ZONE_008,7,4.54,0.81,16,5,4,7,100.0,0,8.5,3,0,91.0,GREEN
SGR_ZONE_008,8,4.54,0.81,12,4,3,5,92.1,0,11.3,2,0,71.8,GREEN
SGR_ZONE_008,9,4.54,0.81,12,4,3,5,93.2,0,11.3,2,0,72.3,GREEN
SGR_ZONE_008,10,4.54,0.81,13,4,3,6,100.0,0,10.4,2,0,78.0,GREEN
SGR_ZONE_008,11,4.54,0.81,13,4,3,6,100.0,0,10.4,2,0,78.0,GREEN
SGR_ZONE_008,12,4.54,0.81,13,4,3,6,98.8,0,10.4,2,0,77.5,GREEN
SGR_ZONE_009,1,13.41,0.82,27,9,8,10,73.0,2,5.1,3,0,85.2,GREEN
SGR_ZONE_009,2,13.41,0.82,31,10,9,12,76.9,2,4.4,2,0,82.8,GREEN
SGR_ZONE_009,3,13.41,0.82,29,10,8,11,71.3,2,4.7,1,0,67.5,AMBER
SGR_ZONE_009,4,13.41,0.82,30,10,9,11,77.7,2,4.6,1,0,70.1,GREEN
SGR_ZONE_009,5,13.41,0.82,30,10,9,11,82.0,1,4.6,1,0,73.8,GREEN
SGR_ZONE_009,6,13.41,0.82,30,10,9,11,83.3,1,4.6,3,0,94.3,GREEN
SGR_ZONE_009,7,13.41,0.82,30,10,9,11,78.7,2,4.6,3,0,90.5,GREEN
SGR_ZONE_009,8,13.41,0.82,29,10,8,11,74.5,2,4.7,3,0,88.8,GREEN
SGR_ZONE_009,9,13.41,0.82,31,10,9,12,85.1,1,4.4,2,0,88.0,GREEN
SGR_ZONE_009,10,13.41,0.82,27,9,8,10,63.1,3,5.1,2,0,69.2,AMBER
SGR_ZONE_009,11,13.41,0.82,29,10,8,11,69.4,3,4.7,1,0,64.8,AMBER
SGR_ZONE_009,12,13.41,0.82,31,10,9,12,76.6,2,4.4,1,0,72.6,GREEN
SGR_ZONE_010,1,7.94,0.89,21,7,6,8,95.9,0,7.1,1,0,72.3,GREEN
SGR_ZONE_010,2,7.94,0.89,20,7,6,7,89.7,1,7.5,2,0,74.9,GREEN
SGR_ZONE_010,3,7.94,0.89,21,7,6,8,98.2,0,7.1,3,0,93.3,GREEN
SGR_ZONE_010,4,7.94,0.89,21,7,6,8,92.9,0,7.1,3,0,91.2,GREEN
SGR_ZONE_010,5,7.94,0.89,20,7,6,7,82.3,1,7.5,1,0,61.9,AMBER
SGR_ZONE_010,6,7.94,0.89,19,6,5,8,87.9,1,7.9,1,0,67.2,AMBER
SGR_ZONE_010,7,7.94,0.89,20,7,6,7,95.7,0,7.5,3,0,89.3,GREEN
SGR_ZONE_010,8,7.94,0.89,20,7,6,7,85.6,1,7.5,2,0,73.2,GREEN
SGR_ZONE_010,9,7.94,0.89,19,6,5,8,87.5,1,7.9,1,0,67.0,AMBER
SGR_ZONE_010,10,7.94,0.89,19,6,5,8,91.9,0,7.9,3,0,90.8,GREEN
SGR_ZONE_010,11,7.94,0.89,23,8,6,9,100.0,0,6.5,3,0,97.0,GREEN
SGR_ZONE_010,12,7.94,0.89,21,7,6,8,90.0,0,7.1,3,0,90.0,GREEN
SGR_ZONE_011,1,11.85,0.31,31,10,9,12,85.0,1,1.7,2,0,88.0,GREEN
SGR_ZONE_011,2,11.85,0.31,30,10,9,11,83.3,1,1.7,2,0,84.3,GREEN
SGR_ZONE_011,3,11.85,0.31,28,9,8,11,82.4,1,1.9,3,0,93.9,GREEN
SGR_ZONE_011,4,11.85,0.31,30,10,9,11,83.3,1,1.7,2,0,84.3,GREEN
SGR_ZONE_011,5,11.85,0.31,31,10,9,12,89.5,1,1.7,2,0,89.8,GREEN
SGR_ZONE_011,6,11.85,0.31,31,10,9,12,96.9,0,1.7,3,0,100.0,GREEN
SGR_ZONE_011,7,11.85,0.31,28,9,8,11,84.4,1,1.9,2,0,84.8,GREEN
SGR_ZONE_011,8,11.85,0.31,27,9,8,10,80.2,1,1.9,1,0,70.1,GREEN
SGR_ZONE_011,9,11.85,0.31,30,10,9,11,90.0,1,1.7,3,0,97.0,GREEN
SGR_ZONE_011,10,11.85,0.31,28,9,8,11,75.4,2,1.9,3,0,89.2,GREEN
SGR_ZONE_011,11,11.85,0.31,30,10,9,11,89.3,1,1.7,2,0,86.7,GREEN
SGR_ZONE_011,12,11.85,0.31,29,10,8,11,87.5,1,1.8,1,0,76.0,GREEN
SGR_ZONE_012,1,12.55,0.87,31,10,9,12,91.1,0,4.7,2,0,92.4,GREEN
SGR_ZONE_012,2,12.55,0.87,31,10,9,12,81.7,1,4.7,1,0,76.7,GREEN
SGR_ZONE_012,3,12.55,0.87,32,11,9,12,83.0,1,4.6,2,0,87.2,GREEN
SGR_ZONE_012,4,12.55,0.87,33,11,9,13,85.6,1,4.5,3,0,100.0,GREEN
SGR_ZONE_012,5,12.55,0.87,29,10,8,11,83.2,1,5.1,1,0,74.3,GREEN
SGR_ZONE_012,6,12.55,0.87,30,10,9,11,86.3,1,4.9,2,0,85.5,GREEN
SGR_ZONE_012,7,12.55,0.87,30,10,9,11,80.0,2,4.9,3,0,91.0,GREEN
SGR_ZONE_012,8,12.55,0.87,32,11,9,12,91.9,0,4.6,2,0,92.8,GREEN
SGR_ZONE_012,9,12.55,0.87,33,11,9,13,98.2,0,4.5,1,0,88.3,GREEN
SGR_ZONE_012,10,12.55,0.87,33,11,9,13,98.7,0,4.5,2,0,98.5,GREEN
SGR_ZONE_012,11,12.55,0.87,33,11,9,13,95.4,0,4.5,3,0,100.0,GREEN
SGR_ZONE_012,12,12.55,0.87,29,10,8,11,84.4,1,5.1,2,0,84.7,GREEN
SGR_ZONE_013,1,5.25,0.71,18,6,5,7,100.0,0,6.6,1,0,71.0,GREEN
SGR_ZONE_013,2,5.25,0.71,15,5,4,6,98.6,0,7.9,2,0,77.4,GREEN
SGR_ZONE_013,3,5.25,0.71,15,5,4,6,100.0,0,7.9,1,0,68.0,AMBER
SGR_ZONE_013,4,5.25,0.71,19,6,5,8,100.0,0,6.2,1,0,74.0,GREEN
SGR_ZONE_013,5,5.25,0.71,18,6,5,7,100.0,0,6.6,1,0,71.0,GREEN
SGR_ZONE_013,6,5.25,0.71,17,5,5,7,100.0,0,7.0,3,0,91.0,GREEN
SGR_ZONE_013,7,5.25,0.71,18,6,5,7,100.0,0,6.6,3,0,91.0,GREEN
SGR_ZONE_013,8,5.25,0.71,16,5,4,7,100.0,0,7.4,1,0,71.0,GREEN
SGR_ZONE_013,9,5.25,0.71,19,6,5,8,100.0,0,6.2,1,0,74.0,GREEN
SGR_ZONE_013,10,5.25,0.71,18,6,5,7,100.0,0,6.6,1,0,71.0,GREEN
SGR_ZONE_013,11,5.25,0.71,15,5,4,6,96.7,0,7.9,1,0,66.7,AMBER
SGR_ZONE_013,12,5.25,0.71,16,5,4,7,100.0,0,7.4,2,0,81.0,GREEN
SGR_ZONE_014,1,9.14,0.61,25,8,7,10,98.2,0,4.1,3,0,99.3,GREEN
SGR_ZONE_014,2,9.14,0.61,26,9,7,10,100.0,0,3.9,2,0,90.0,GREEN
SGR_ZONE_014,3,9.14,0.61,26,9,7,10,100.0,0,3.9,2,0,90.0,GREEN
SGR_ZONE_014,4,9.14,0.61,27,9,8,10,98.3,0,3.8,1,0,79.3,GREEN
SGR_ZONE_014,5,9.14,0.61,24,8,7,9,97.3,0,4.3,2,0,85.9,GREEN
SGR_ZONE_014,6,9.14,0.61,27,9,8,10,100.0,0,3.8,2,0,90.0,GREEN
SGR_ZONE_014,7,9.14,0.61,25,8,7,10,96.3,0,4.1,1,0,78.5,GREEN
SGR_ZONE_014,8,9.14,0.61,23,8,6,9,93.4,0,4.4,1,0,74.4,GREEN
SGR_ZONE_014,9,9.14,0.61,23,8,6,9,89.1,1,4.4,2,0,80.6,GREEN
SGR_ZONE_014,10,9.14,0.61,26,9,7,10,92.5,0,3.9,1,0,77.0,GREEN
SGR_ZONE_014,11,9.14,0.61,26,9,7,10,99.7,0,3.9,3,0,99.9,GREEN
SGR_ZONE_014,12,9.14,0.61,24,8,7,9,97.5,0,4.3,3,0,96.0,GREEN
SGR_ZONE_015,1,7.65,0.48,20,7,6,7,94.5,0,4.0,1,0,68.8,AMBER
SGR_ZONE_015,2,7.65,0.48,17,5,5,7,83.4,1,4.7,3,0,82.4,GREEN
SGR_ZONE_015,3,7.65,0.48,21,7,6,8,94.0,0,3.8,1,0,71.6,GREEN
SGR_ZONE_015,4,7.65,0.48,20,7,6,7,90.2,0,4.0,1,0,67.1,AMBER
SGR_ZONE_015,5,7.65,0.48,21,7,6,8,100.0,0,3.8,1,0,74.0,GREEN
SGR_ZONE_015,6,7.65,0.48,21,7,6,8,91.1,0,3.8,1,0,70.4,GREEN
SGR_ZONE_015,7,7.65,0.48,21,7,6,8,100.0,0,3.8,1,0,74.0,GREEN
SGR_ZONE_015,8,7.65,0.48,20,7,6,7,94.2,0,4.0,1,0,68.7,AMBER
SGR_ZONE_015,9,7.65,0.48,18,6,5,7,79.3,2,4.5,1,0,58.7,AMBER
SGR_ZONE_015,10,7.65,0.48,17,5,5,7,81.7,1,4.7,2,0,71.7,GREEN
SGR_ZONE_015,11,7.65,0.48,19,6,5,8,94.9,0,4.2,1,0,72.0,GREEN
SGR_ZONE_015,12,7.65,0.48,19,6,5,8,85.6,1,4.2,2,0,76.2,GREEN
SGR_ZONE_016,1,7.92,0.73,20,7,6,7,91.7,0,6.2,2,0,77.7,GREEN
SGR_ZONE_016,2,7.92,0.73,20,7,6,7,90.7,0,6.2,1,0,67.3,AMBER
SGR_ZONE_016,3,7.92,0.73,17,5,5,7,72.8,2,7.3,3,0,76.1,GREEN
SGR_ZONE_016,4,7.92,0.73,17,5,5,7,73.1,2,7.3,1,0,56.2,AMBER
SGR_ZONE_016,5,7.92,0.73,20,7,6,7,91.0,0,6.2,1,0,67.4,AMBER
SGR_ZONE_016,6,7.92,0.73,21,7,6,8,100.0,0,5.9,1,0,74.0,GREEN
SGR_ZONE_016,7,7.92,0.73,18,6,5,7,79.5,2,6.9,1,0,58.8,AMBER
SGR_ZONE_016,8,7.92,0.73,17,5,5,7,75.2,2,7.3,2,0,67.1,AMBER
SGR_ZONE_016,9,7.92,0.73,18,6,5,7,81.5,1,6.9,1,0,61.6,AMBER
SGR_ZONE_016,10,7.92,0.73,17,5,5,7,80.6,1,7.3,2,0,71.2,GREEN
SGR_ZONE_016,11,7.92,0.73,17,5,5,7,74.6,2,7.3,2,0,66.8,AMBER
SGR_ZONE_016,12,7.92,0.73,17,5,5,7,83.5,1,7.3,3,0,82.4,GREEN
SGR_ZONE_017,1,9.4,0.34,21,7,6,8,72.0,2,2.8,1,0,58.8,AMBER
SGR_ZONE_017,2,9.4,0.34,22,7,6,9,85.8,1,2.6,3,0,89.3,GREEN
SGR_ZONE_017,3,9.4,0.34,23,8,6,9,92.1,0,2.5,1,0,73.8,GREEN
SGR_ZONE_017,4,9.4,0.34,23,8,6,9,88.0,1,2.5,2,0,80.2,GREEN
SGR_ZONE_017,5,9.4,0.34,20,7,6,7,72.1,2,2.9,1,0,55.8,AMBER
SGR_ZONE_017,6,9.4,0.34,19,6,5,8,64.8,3,3.0,3,0,73.9,GREEN
SGR_ZONE_017,7,9.4,0.34,23,8,6,9,86.2,1,2.5,2,0,79.5,GREEN
SGR_ZONE_017,8,9.4,0.34,19,6,5,8,72.9,2,3.0,2,0,69.2,AMBER
SGR_ZONE_017,9,9.4,0.34,22,7,6,9,77.6,2,2.6,3,0,84.0,GREEN
SGR_ZONE_017,10,9.4,0.34,20,7,6,7,73.9,2,2.9,2,0,66.6,AMBER
SGR_ZONE_017,11,9.4,0.34,21,7,6,8,77.8,2,2.8,1,0,61.1,AMBER
SGR_ZONE_017,12,9.4,0.34,22,7,6,9,82.0,1,2.6,2,0,77.8,GREEN
SGR_ZONE_018,1,12.29,0.71,33,11,9,13,96.3,0,3.6,3,0,100.0,GREEN
SGR_ZONE_018,2,12.29,0.71,31,10,9,12,94.7,0,3.9,2,0,93.9,GREEN
SGR_ZONE_018,3,12.29,0.71,30,10,9,11,87.2,1,4.0,2,0,85.9,GREEN
SGR_ZONE_018,4,12.29,0.71,31,10,9,12,82.5,1,3.9,2,0,87.0,GREEN
SGR_ZONE_018,5,12.29,0.71,32,11,9,12,92.1,0,3.7,1,0,82.8,GREEN
SGR_ZONE_018,6,12.29,0.71,32,11,9,12,88.4,1,3.7,2,0,89.3,GREEN
SGR_ZONE_018,7,12.29,0.71,31,10,9,12,91.6,0,3.9,1,0,82.6,GREEN
SGR_ZONE_018,8,12.29,0.71,32,11,9,12,90.8,0,3.7,1,0,82.3,GREEN
SGR_ZONE_018,9,12.29,0.71,30,10,9,11,89.9,1,4.0,1,0,76.9,GREEN
SGR_ZONE_018,10,12.29,0.71,30,10,9,11,87.6,1,4.0,2,0,86.1,GREEN
SGR_ZONE_018,11,12.29,0.71,33,11,9,13,89.8,1,3.6,3,0,100.0,GREEN
SGR_ZONE_018,12,12.29,0.71,31,10,9,12,82.2,1,3.9,1,0,76.9,GREEN
SGR_ZONE_019,1,7.98,0.71,21,7,6,8,89.0,1,5.7,1,0,67.6,AMBER
SGR_ZONE_019,2,7.98,0.71,20,7,6,7,95.1,0,6.0,3,0,89.0,GREEN
SGR_ZONE_019,3,7.98,0.71,22,7,6,9,100.0,0,5.4,1,0,77.0,GREEN
SGR_ZONE_019,4,7.98,0.71,19,6,5,8,81.0,1,6.3,1,0,64.4,AMBER
SGR_ZONE_019,5,7.98,0.71,22,7,6,9,95.8,0,5.4,2,0,85.3,GREEN
SGR_ZONE_019,6,7.98,0.71,22,7,6,9,91.1,0,5.4,2,0,83.5,GREEN
SGR_ZONE_019,7,7.98,0.71,18,6,5,7,81.3,1,6.6,2,0,71.5,GREEN
SGR_ZONE_019,8,7.98,0.71,19,6,5,8,79.5,2,6.3,2,0,71.8,GREEN
SGR_ZONE_019,9,7.98,0.71,22,7,6,9,95.5,0,5.4,2,0,85.2,GREEN
SGR_ZONE_019,10,7.98,0.71,18,6,5,7,80.5,1,6.6,2,0,71.2,GREEN
SGR_ZONE_019,11,7.98,0.71,20,7,6,7,95.8,0,6.0,1,0,69.3,AMBER
SGR_ZONE_019,12,7.98,0.71,18,6,5,7,77.4,2,6.6,1,0,58.0,AMBER
SGR_ZONE_020,1,3.1,0.72,11,3,3,5,100.0,0,11.0,2,0,75.0,GREEN
SGR_ZONE_020,2,3.1,0.72,11,3,3,5,100.0,0,11.0,2,0,75.0,GREEN
SGR_ZONE_020,3,3.1,0.72,12,4,3,5,100.0,0,10.1,3,0,85.0,GREEN
SGR_ZONE_020,4,3.1,0.72,12,4,3,5,100.0,0,10.1,2,0,75.0,GREEN
SGR_ZONE_020,5,3.1,0.72,12,4,3,5,100.0,0,10.1,1,0,65.0,AMBER
SGR_ZONE_020,6,3.1,0.72,11,3,3,5,100.0,0,11.0,3,0,85.0,GREEN
SGR_ZONE_020,7,3.1,0.72,12,4,3,5,100.0,0,10.1,1,0,65.0,AMBER
SGR_ZONE_020,8,3.1,0.72,14,4,4,6,100.0,0,8.6,3,0,88.0,GREEN
SGR_ZONE_020,9,3.1,0.72,10,3,3,4,100.0,0,12.1,2,0,72.0,GREEN
SGR_ZONE_020,10,3.1,0.72,11,3,3,5,100.0,0,11.0,1,0,65.0,AMBER
SGR_ZONE_020,11,3.1,0.72,10,3,3,4,100.0,0,12.1,1,0,62.0,AMBER
SGR_ZONE_020,12,3.1,0.72,13,4,3,6,100.0,0,9.3,1,0,68.0,AMBER
SGR_ZONE_021,1,8.48,0.36,18,6,5,7,75.5,2,3.4,2,0,67.2,AMBER
SGR_ZONE_021,2,8.48,0.36,18,6,5,7,72.1,2,3.4,2,0,65.8,AMBER
SGR_ZONE_021,3,8.48,0.36,19,6,5,8,74.7,2,3.2,3,0,79.9,GREEN
SGR_ZONE_021,4,8.48,0.36,22,7,6,9,88.0,1,2.8,1,0,70.2,GREEN
SGR_ZONE_021,5,8.48,0.36,18,6,5,7,67.1,3,3.4,1,0,51.8,AMBER
SGR_ZONE_021,6,8.48,0.36,21,7,6,8,91.8,0,2.9,2,0,80.7,GREEN
SGR_ZONE_021,7,8.48,0.36,18,6,5,7,68.2,3,3.4,3,0,72.3,GREEN
SGR_ZONE_021,8,8.48,0.36,22,7,6,9,97.7,0,2.8,3,0,96.1,GREEN
SGR_ZONE_021,9,8.48,0.36,19,6,5,8,79.6,2,3.2,3,0,81.9,GREEN
SGR_ZONE_021,10,8.48,0.36,21,7,6,8,79.1,2,2.9,2,0,71.6,GREEN
SGR_ZONE_021,11,8.48,0.36,18,6,5,7,74.4,2,3.4,2,0,66.7,AMBER
SGR_ZONE_021,12,8.48,0.36,20,7,6,7,87.3,1,3.0,2,0,73.9,GREEN
SGR_ZONE_022,1,9.24,0.7,25,8,7,10,99.1,0,4.7,2,0,89.7,GREEN
SGR_ZONE_022,2,9.24,0.7,22,7,6,9,81.3,1,5.3,3,0,87.5,GREEN
SGR_ZONE_022,3,9.24,0.7,24,8,7,9,91.5,0,4.9,1,0,73.6,GREEN
SGR_ZONE_022,4,9.24,0.7,24,8,7,9,85.6,1,4.9,2,0,79.2,GREEN
SGR_ZONE_022,5,9.24,0.7,25,8,7,10,95.2,0,4.7,3,0,98.1,GREEN
SGR_ZONE_022,6,9.24,0.7,24,8,7,9,88.7,1,4.9,3,0,90.5,GREEN
SGR_ZONE_022,7,9.24,0.7,21,7,6,8,78.3,2,5.6,2,0,71.3,GREEN
SGR_ZONE_022,8,9.24,0.7,25,8,7,10,88.5,1,4.7,2,0,83.4,GREEN
SGR_ZONE_022,9,9.24,0.7,25,8,7,10,97.9,0,4.7,1,0,79.1,GREEN
SGR_ZONE_022,10,9.24,0.7,25,8,7,10,87.6,1,4.7,1,0,73.1,GREEN
SGR_ZONE_022,11,9.24,0.7,23,8,6,9,87.3,1,5.1,2,0,79.9,GREEN
SGR_ZONE_022,12,9.24,0.7,23,8,6,9,85.4,1,5.1,1,0,69.2,AMBER
SGR_ZONE_023,1,13.06,0.82,32,11,9,12,88.0,1,4.3,1,0,79.2,GREEN
SGR_ZONE_023,2,13.06,0.82,29,10,8,11,72.1,2,4.8,3,0,87.8,GREEN
SGR_ZONE_023,3,13.06,0.82,28,9,8,11,77.9,2,4.9,2,0,80.2,GREEN
SGR_ZONE_023,4,13.06,0.82,31,10,9,12,87.1,1,4.5,3,0,98.8,GREEN
SGR_ZONE_023,5,13.06,0.82,28,9,8,11,78.1,2,4.9,2,0,80.2,GREEN
SGR_ZONE_023,6,13.06,0.82,30,10,9,11,74.4,2,4.6,1,0,68.8,AMBER
SGR_ZONE_023,7,13.06,0.82,30,10,9,11,81.9,1,4.6,2,0,83.8,GREEN
SGR_ZONE_023,8,13.06,0.82,31,10,9,12,79.2,2,4.5,2,0,83.7,GREEN
SGR_ZONE_023,9,13.06,0.82,28,9,8,11,77.0,2,4.9,3,0,89.8,GREEN
SGR_ZONE_023,10,13.06,0.82,30,10,9,11,81.3,1,4.6,1,0,73.5,GREEN
SGR_ZONE_023,11,13.06,0.82,28,9,8,11,70.3,2,4.9,1,0,67.1,AMBER
SGR_ZONE_023,12,13.06,0.82,29,10,8,11,77.5,2,4.8,3,0,90.0,GREEN
SGR_ZONE_024,1,9.06,0.6,23,8,6,9,85.2,1,4.4,3,0,89.1,GREEN
SGR_ZONE_024,2,9.06,0.6,25,8,7,10,95.0,0,4.0,2,0,88.0,GREEN
SGR_ZONE_024,3,9.06,0.6,23,8,6,9,92.0,0,4.4,2,0,83.8,GREEN
SGR_ZONE_024,4,9.06,0.6,21,7,6,8,77.5,2,4.8,1,0,61.0,AMBER
SGR_ZONE_024,5,9.06,0.6,23,8,6,9,91.3,0,4.4,2,0,83.5,GREEN
SGR_ZONE_024,6,9.06,0.6,24,8,7,9,92.4,0,4.2,2,0,84.0,GREEN
SGR_ZONE_024,7,9.06,0.6,25,8,7,10,100.0,0,4.0,1,0,80.0,GREEN
SGR_ZONE_024,8,9.06,0.6,25,8,7,10,89.3,1,4.0,1,0,73.7,GREEN
SGR_ZONE_024,9,9.06,0.6,24,8,7,9,89.8,1,4.2,1,0,70.9,GREEN
SGR_ZONE_024,10,9.06,0.6,25,8,7,10,94.9,0,4.0,1,0,78.0,GREEN
SGR_ZONE_024,11,9.06,0.6,22,7,6,9,76.7,2,4.6,3,0,83.7,GREEN
SGR_ZONE_024,12,9.06,0.6,23,8,6,9,88.7,1,4.4,2,0,80.5,GREEN
SGR_ZONE_025,1,5.27,0.54,14,4,4,6,93.5,0,6.5,2,0,75.4,GREEN
SGR_ZONE_025,2,5.27,0.54,14,4,4,6,100.0,0,6.5,2,0,78.0,GREEN
SGR_ZONE_025,3,5.27,0.54,17,5,5,7,100.0,0,5.4,2,0,81.0,GREEN
SGR_ZONE_025,4,5.27,0.54,13,4,3,6,85.5,1,7.0,3,0,80.2,GREEN
SGR_ZONE_025,5,5.27,0.54,16,5,4,7,100.0,0,5.7,1,0,71.0,GREEN
SGR_ZONE_025,6,5.27,0.54,17,5,5,7,100.0,0,5.4,2,0,81.0,GREEN
SGR_ZONE_025,7,5.27,0.54,13,4,3,6,90.3,0,7.0,2,0,74.1,GREEN
SGR_ZONE_025,8,5.27,0.54,13,4,3,6,88.0,1,7.0,1,0,61.2,AMBER
SGR_ZONE_025,9,5.27,0.54,13,4,3,6,95.6,0,7.0,3,0,86.2,GREEN
SGR_ZONE_025,10,5.27,0.54,13,4,3,6,83.4,1,7.0,1,0,59.3,AMBER
SGR_ZONE_025,11,5.27,0.54,14,4,4,6,100.0,0,6.5,2,0,78.0,GREEN
SGR_ZONE_025,12,5.27,0.54,13,4,3,6,86.6,1,7.0,2,0,70.7,GREEN
SGR_ZONE_026,1,8.74,0.71,22,7,6,9,90.8,0,5.5,2,0,83.3,GREEN
SGR_ZONE_026,2,8.74,0.71,25,8,7,10,100.0,0,4.8,2,0,90.0,GREEN
SGR_ZONE_026,3,8.74,0.71,22,7,6,9,81.3,1,5.5,1,0,67.5,AMBER
SGR_ZONE_026,4,8.74,0.71,23,8,6,9,97.3,0,5.2,2,0,85.9,GREEN
SGR_ZONE_026,5,8.74,0.71,23,8,6,9,90.7,0,5.2,3,0,93.3,GREEN
SGR_ZONE_026,6,8.74,0.71,22,7,6,9,88.4,1,5.5,3,0,90.4,GREEN
SGR_ZONE_026,7,8.74,0.71,25,8,7,10,100.0,0,4.8,2,0,90.0,GREEN
SGR_ZONE_026,8,8.74,0.71,22,7,6,9,87.1,1,5.5,2,0,79.8,GREEN
SGR_ZONE_026,9,8.74,0.71,26,9,7,10,100.0,0,4.6,1,0,80.0,GREEN
SGR_ZONE_026,10,8.74,0.71,26,9,7,10,100.0,0,4.6,2,0,90.0,GREEN
SGR_ZONE_026,11,8.74,0.71,23,8,6,9,83.7,1,5.2,1,0,68.5,AMBER
SGR_ZONE_026,12,8.74,0.71,22,7,6,9,82.3,1,5.5,1,0,67.9,AMBER
SGR_ZONE_027,1,3.93,0.59,15,5,4,6,100.0,0,6.6,3,0,88.0,GREEN
SGR_ZONE_027,2,3.93,0.59,11,3,3,5,99.6,0,9.0,2,0,74.9,GREEN
SGR_ZONE_027,3,3.93,0.59,13,4,3,6,100.0,0,7.6,3,0,88.0,GREEN
SGR_ZONE_027,4,3.93,0.59,15,5,4,6,100.0,0,6.6,1,0,68.0,AMBER
SGR_ZONE_027,5,3.93,0.59,13,4,3,6,100.0,0,7.6,2,0,78.0,GREEN
SGR_ZONE_027,6,3.93,0.59,13,4,3,6,100.0,0,7.6,2,0,78.0,GREEN
SGR_ZONE_027,7,3.93,0.59,14,4,4,6,100.0,0,7.1,2,0,78.0,GREEN
SGR_ZONE_027,8,3.93,0.59,13,4,3,6,100.0,0,7.6,1,0,68.0,AMBER
SGR_ZONE_027,9,3.93,0.59,15,5,4,6,100.0,0,6.6,3,0,88.0,GREEN
SGR_ZONE_027,10,3.93,0.59,12,4,3,5,100.0,0,8.3,2,0,75.0,GREEN
SGR_ZONE_027,11,3.93,0.59,12,4,3,5,100.0,0,8.3,3,0,85.0,GREEN
SGR_ZONE_027,12,3.93,0.59,14,4,4,6,100.0,0,7.1,3,0,88.0,GREEN
SGR_ZONE_028,1,10.57,0.32,26,9,7,10,86.5,1,2.1,2,0,82.6,GREEN
SGR_ZONE_028,2,10.57,0.32,24,8,7,9,84.4,1,2.2,3,0,88.8,GREEN
SGR_ZONE_028,3,10.57,0.32,26,9,7,10,88.7,1,2.1,3,0,93.5,GREEN
SGR_ZONE_028,4,10.57,0.32,25,8,7,10,87.7,1,2.1,2,0,83.1,GREEN
SGR_ZONE_028,5,10.57,0.32,26,9,7,10,93.3,0,2.1,1,0,77.3,GREEN
SGR_ZONE_028,6,10.57,0.32,28,9,8,11,91.4,0,1.9,3,0,99.6,GREEN
SGR_ZONE_028,7,10.57,0.32,25,8,7,10,75.8,2,2.1,3,0,86.3,GREEN
SGR_ZONE_028,8,10.57,0.32,24,8,7,9,75.5,2,2.2,3,0,83.2,GREEN
SGR_ZONE_028,9,10.57,0.32,28,9,8,11,98.5,0,1.9,1,0,82.4,GREEN
SGR_ZONE_028,10,10.57,0.32,27,9,8,10,92.7,0,2.0,1,0,77.1,GREEN
SGR_ZONE_028,11,10.57,0.32,28,9,8,11,90.4,0,1.9,2,0,89.2,GREEN
SGR_ZONE_028,12,10.57,0.32,25,8,7,10,81.1,1,2.1,3,0,90.4,GREEN
SGR_ZONE_029,1,5.48,0.74,12,4,3,5,82.9,1,10.3,3,0,76.2,GREEN
SGR_ZONE_029,2,5.48,0.74,14,4,4,6,97.1,0,8.8,1,0,66.8,AMBER
SGR_ZONE_029,3,5.48,0.74,12,4,3,5,78.5,2,10.3,3,0,72.4,GREEN
SGR_ZONE_029,4,5.48,0.74,11,3,3,5,71.0,2,11.3,1,0,49.4,AMBER
SGR_ZONE_029,5,5.48,0.74,11,3,3,5,71.9,2,11.3,1,0,49.7,AMBER
SGR_ZONE_029,6,5.48,0.74,11,3,3,5,67.6,3,11.3,2,0,56.0,AMBER
SGR_ZONE_029,7,5.48,0.74,13,4,3,6,82.6,1,9.5,2,0,69.0,AMBER
SGR_ZONE_029,8,5.48,0.74,12,4,3,5,83.5,1,10.3,2,0,66.4,AMBER
SGR_ZONE_029,9,5.48,0.74,15,5,4,6,89.0,1,8.3,2,0,71.6,GREEN
SGR_ZONE_029,10,5.48,0.74,15,5,4,6,100.0,0,8.3,1,0,68.0,AMBER
SGR_ZONE_029,11,5.48,0.74,12,4,3,5,78.3,2,10.3,1,0,52.3,AMBER
SGR_ZONE_029,12,5.48,0.74,12,4,3,5,80.8,1,10.3,1,0,55.3,AMBER
SGR_ZONE_030,1,2.14,0.4,7,2,2,3,100.0,0,9.5,1,0,59.0,AMBER
SGR_ZONE_030,2,2.14,0.4,5,1,1,3,85.7,1,13.3,2,0,61.3,AMBER
SGR_ZONE_030,3,2.14,0.4,9,3,2,4,100.0,0,7.4,1,0,62.0,AMBER
SGR_ZONE_030,4,2.14,0.4,8,2,2,4,100.0,0,8.3,2,0,72.0,GREEN
SGR_ZONE_030,5,2.14,0.4,6,2,1,3,97.5,0,11.1,3,0,78.0,GREEN
SGR_ZONE_030,6,2.14,0.4,5,1,1,3,79.6,2,13.3,3,0,66.8,AMBER
SGR_ZONE_030,7,2.14,0.4,6,2,1,3,96.0,0,11.1,3,0,77.4,GREEN
SGR_ZONE_030,8,2.14,0.4,7,2,2,3,100.0,0,9.5,1,0,59.0,AMBER
SGR_ZONE_030,9,2.14,0.4,7,2,2,3,100.0,0,9.5,3,0,79.0,GREEN
SGR_ZONE_030,10,2.14,0.4,6,2,1,3,100.0,0,11.1,2,0,69.0,AMBER
SGR_ZONE_030,11,2.14,0.4,9,3,2,4,100.0,0,7.4,2,0,72.0,GREEN
SGR_ZONE_030,12,2.14,0.4,8,2,2,4,100.0,0,8.3,3,0,82.0,GREEN
SGR_ZONE_031,1,9.74,0.34,26,9,7,10,87.0,1,2.2,1,0,72.8,GREEN
SGR_ZONE_031,2,9.74,0.34,23,8,6,9,81.4,1,2.5,1,0,67.6,AMBER
SGR_ZONE_031,3,9.74,0.34,22,7,6,9,76.1,2,2.6,1,0,63.5,AMBER
SGR_ZONE_031,4,9.74,0.34,22,7,6,9,81.4,1,2.6,2,0,77.6,GREEN
SGR_ZONE_031,5,9.74,0.34,22,7,6,9,74.6,2,2.6,3,0,82.8,GREEN
SGR_ZONE_031,6,9.74,0.34,23,8,6,9,86.3,1,2.5,3,0,89.5,GREEN
SGR_ZONE_031,7,9.74,0.34,23,8,6,9,75.9,2,2.5,1,0,63.3,AMBER
SGR_ZONE_031,8,9.74,0.34,25,8,7,10,93.3,0,2.3,1,0,77.3,GREEN
SGR_ZONE_031,9,9.74,0.34,26,9,7,10,96.5,0,2.2,1,0,78.6,GREEN
SGR_ZONE_031,10,9.74,0.34,22,7,6,9,73.6,2,2.6,2,0,72.5,GREEN
SGR_ZONE_031,11,9.74,0.34,24,8,7,9,88.7,1,2.4,1,0,70.5,GREEN
SGR_ZONE_031,12,9.74,0.34,22,7,6,9,80.7,1,2.6,2,0,77.3,GREEN
SGR_ZONE_032,1,10.28,0.99,22,7,6,9,78.0,2,7.5,3,0,84.2,GREEN
SGR_ZONE_032,2,10.28,0.99,23,8,6,9,72.4,2,7.2,2,0,72.0,GREEN
SGR_ZONE_032,3,10.28,0.99,23,8,6,9,80.5,1,7.2,1,0,67.2,AMBER
SGR_ZONE_032,4,10.28,0.99,23,8,6,9,80.2,1,7.2,2,0,77.1,GREEN
SGR_ZONE_032,5,10.28,0.99,26,9,7,10,92.6,0,6.4,3,0,97.1,GREEN
SGR_ZONE_032,6,10.28,0.99,23,8,6,9,78.0,2,7.2,1,0,64.2,AMBER
SGR_ZONE_032,7,10.28,0.99,23,8,6,9,82.8,1,7.2,3,0,88.1,GREEN
SGR_ZONE_032,8,10.28,0.99,24,8,7,9,79.8,2,6.9,2,0,74.9,GREEN
SGR_ZONE_032,9,10.28,0.99,22,7,6,9,78.1,2,7.5,3,0,84.2,GREEN
SGR_ZONE_032,10,10.28,0.99,25,8,7,10,80.1,1,6.6,2,0,80.1,GREEN
SGR_ZONE_032,11,10.28,0.99,24,8,7,9,85.4,1,6.9,2,0,79.2,GREEN
SGR_ZONE_032,12,10.28,0.99,25,8,7,10,86.9,1,6.6,1,0,72.8,GREEN
SGR_ZONE_033,1,9.0,0.76,23,8,6,9,91.3,0,5.6,1,0,73.5,GREEN
SGR_ZONE_033,2,9.0,0.76,23,8,6,9,96.6,0,5.6,2,0,85.6,GREEN
SGR_ZONE_033,3,9.0,0.76,24,8,7,9,100.0,0,5.3,2,0,87.0,GREEN
SGR_ZONE_033,4,9.0,0.76,24,8,7,9,100.0,0,5.3,1,0,77.0,GREEN
SGR_ZONE_033,5,9.0,0.76,23,8,6,9,97.5,0,5.6,3,0,96.0,GREEN
SGR_ZONE_033,6,9.0,0.76,24,8,7,9,100.0,0,5.3,1,0,77.0,GREEN
SGR_ZONE_033,7,9.0,0.76,22,7,6,9,85.6,1,5.8,1,0,69.3,AMBER
SGR_ZONE_033,8,9.0,0.76,25,8,7,10,100.0,0,5.1,3,0,100.0,GREEN
SGR_ZONE_033,9,9.0,0.76,22,7,6,9,91.1,0,5.8,1,0,73.5,GREEN
SGR_ZONE_033,10,9.0,0.76,25,8,7,10,100.0,0,5.1,2,0,90.0,GREEN
SGR_ZONE_033,11,9.0,0.76,22,7,6,9,81.3,1,5.8,2,0,77.5,GREEN
SGR_ZONE_033,12,9.0,0.76,23,8,6,9,87.9,1,5.6,2,0,80.2,GREEN
SGR_ZONE_034,1,9.66,0.49,24,8,7,9,82.4,1,3.5,1,0,67.9,AMBER
SGR_ZONE_034,2,9.66,0.49,27,9,8,10,94.7,0,3.1,2,0,87.9,GREEN
SGR_ZONE_034,3,9.66,0.49,28,9,8,11,100.0,0,3.0,3,0,100.0,GREEN
SGR_ZONE_034,4,9.66,0.49,27,9,8,10,97.7,0,3.1,3,0,99.1,GREEN
SGR_ZONE_034,5,9.66,0.49,26,9,7,10,100.0,0,3.2,2,0,90.0,GREEN
SGR_ZONE_034,6,9.66,0.49,24,8,7,9,91.9,0,3.5,3,0,93.7,GREEN
SGR_ZONE_034,7,9.66,0.49,27,9,8,10,100.0,0,3.1,2,0,90.0,GREEN
SGR_ZONE_034,8,9.66,0.49,28,9,8,11,100.0,0,3.0,2,0,93.0,GREEN
SGR_ZONE_034,9,9.66,0.49,25,8,7,10,85.0,1,3.3,1,0,72.0,GREEN
SGR_ZONE_034,10,9.66,0.49,25,8,7,10,84.8,1,3.3,2,0,81.9,GREEN
SGR_ZONE_034,11,9.66,0.49,26,9,7,10,100.0,0,3.2,1,0,80.0,GREEN
SGR_ZONE_034,12,9.66,0.49,28,9,8,11,100.0,0,3.0,3,0,100.0,GREEN
SGR_ZONE_035,1,13.49,0.95,28,9,8,11,67.6,3,5.7,2,0,74.0,GREEN
SGR_ZONE_035,2,13.49,0.95,30,10,9,11,81.4,1,5.3,2,0,83.5,GREEN
SGR_ZONE_035,3,13.49,0.95,28,9,8,11,67.3,3,5.7,3,0,83.9,GREEN
SGR_ZONE_035,4,13.49,0.95,32,11,9,12,78.4,2,5.0,3,0,93.3,GREEN
SGR_ZONE_035,5,13.49,0.95,28,9,8,11,73.9,2,5.7,2,0,78.6,GREEN
SGR_ZONE_035,6,13.49,0.95,32,11,9,12,76.4,2,5.0,1,0,72.5,GREEN
SGR_ZONE_035,7,13.49,0.95,30,10,9,11,74.1,2,5.3,1,0,68.6,AMBER
SGR_ZONE_035,8,13.49,0.95,28,9,8,11,65.7,3,5.7,2,0,73.3,GREEN
SGR_ZONE_035,9,13.49,0.95,31,10,9,12,73.0,2,5.1,3,0,91.2,GREEN
SGR_ZONE_035,10,13.49,0.95,28,9,8,11,73.3,2,5.7,3,0,88.3,GREEN
SGR_ZONE_035,11,13.49,0.95,29,10,8,11,73.6,2,5.5,3,0,88.5,GREEN
SGR_ZONE_035,12,13.49,0.95,30,10,9,11,80.9,1,5.3,2,0,83.3,GREEN
SGR_ZONE_036,1,8.92,0.97,25,8,7,10,92.3,0,6.5,1,0,76.9,GREEN
SGR_ZONE_036,2,8.92,0.97,23,8,6,9,90.9,0,7.1,2,0,83.4,GREEN
SGR_ZONE_036,3,8.92,0.97,26,9,7,10,100.0,0,6.3,3,0,100.0,GREEN
SGR_ZONE_036,4,8.92,0.97,23,8,6,9,91.6,0,7.1,1,0,73.6,GREEN
SGR_ZONE_036,5,8.92,0.97,26,9,7,10,100.0,0,6.3,3,0,100.0,GREEN
SGR_ZONE_036,6,8.92,0.97,25,8,7,10,100.0,0,6.5,3,0,100.0,GREEN
SGR_ZONE_036,7,8.92,0.97,22,7,6,9,84.6,1,7.4,1,0,68.9,AMBER
SGR_ZONE_036,8,8.92,0.97,22,7,6,9,93.6,0,7.4,3,0,94.4,GREEN
SGR_ZONE_036,9,8.92,0.97,24,8,7,9,98.6,0,6.8,3,0,96.4,GREEN
SGR_ZONE_036,10,8.92,0.97,26,9,7,10,100.0,0,6.3,2,0,90.0,GREEN
SGR_ZONE_036,11,8.92,0.97,22,7,6,9,80.1,1,7.4,3,0,87.0,GREEN
SGR_ZONE_036,12,8.92,0.97,23,8,6,9,85.4,1,7.1,3,0,89.2,GREEN
SGR_ZONE_037,1,4.97,0.94,14,4,4,6,100.0,0,11.2,1,0,68.0,AMBER
SGR_ZONE_037,2,4.97,0.94,15,5,4,6,100.0,0,10.5,2,0,78.0,GREEN
SGR_ZONE_037,3,4.97,0.94,15,5,4,6,100.0,0,10.5,1,0,68.0,AMBER
SGR_ZONE_037,4,4.97,0.94,11,3,3,5,83.0,1,14.3,3,0,76.2,GREEN
SGR_ZONE_037,5,4.97,0.94,12,4,3,5,90.2,0,13.1,1,0,61.1,AMBER
SGR_ZONE_037,6,4.97,0.94,13,4,3,6,89.8,1,12.1,3,0,81.9,GREEN
SGR_ZONE_037,7,4.97,0.94,12,4,3,5,87.2,1,13.1,2,0,67.9,AMBER
SGR_ZONE_037,8,4.97,0.94,14,4,4,6,100.0,0,11.2,2,0,78.0,GREEN
SGR_ZONE_037,9,4.97,0.94,15,5,4,6,100.0,0,10.5,2,0,78.0,GREEN
SGR_ZONE_037,10,4.97,0.94,14,4,4,6,99.5,0,11.2,1,0,67.8,AMBER
SGR_ZONE_037,11,4.97,0.94,14,4,4,6,96.0,0,11.2,2,0,76.4,GREEN
SGR_ZONE_037,12,4.97,0.94,11,3,3,5,74.4,2,14.3,3,0,70.8,GREEN
SGR_ZONE_038,1,13.08,0.99,34,11,10,13,93.4,0,4.9,3,0,100.0,GREEN
SGR_ZONE_038,2,13.08,0.99,34,11,10,13,93.6,0,4.9,3,0,100.0,GREEN
SGR_ZONE_038,3,13.08,0.99,35,12,10,13,85.1,1,4.8,2,0,91.0,GREEN
SGR_ZONE_038,4,13.08,0.99,33,11,9,13,83.4,1,5.1,3,0,100.0,GREEN
SGR_ZONE_038,5,13.08,0.99,32,11,9,12,79.4,2,5.2,2,0,83.8,GREEN
SGR_ZONE_038,6,13.08,0.99,35,12,10,13,98.9,0,4.8,3,0,100.0,GREEN
SGR_ZONE_038,7,13.08,0.99,35,12,10,13,97.6,0,4.8,3,0,100.0,GREEN
SGR_ZONE_038,8,13.08,0.99,35,12,10,13,95.1,0,4.8,2,0,97.1,GREEN
SGR_ZONE_038,9,13.08,0.99,34,11,10,13,92.0,0,4.9,3,0,100.0,GREEN
SGR_ZONE_038,10,13.08,0.99,33,11,9,13,93.9,0,5.1,1,0,86.6,GREEN
SGR_ZONE_038,11,13.08,0.99,35,12,10,13,98.4,0,4.8,1,0,88.4,GREEN
SGR_ZONE_038,12,13.08,0.99,33,11,9,13,94.1,0,5.1,3,0,100.0,GREEN
SGR_ZONE_039,1,5.56,0.99,13,4,3,6,89.7,1,12.8,3,0,81.9,GREEN
SGR_ZONE_039,2,5.56,0.99,13,4,3,6,79.4,2,12.8,1,0,55.8,AMBER
SGR_ZONE_039,3,5.56,0.99,12,4,3,5,80.7,1,13.8,2,0,65.3,AMBER
SGR_ZONE_039,4,5.56,0.99,15,5,4,6,95.8,0,11.1,2,0,76.3,GREEN
SGR_ZONE_039,5,5.56,0.99,12,4,3,5,83.0,1,13.8,1,0,56.2,AMBER
SGR_ZONE_039,6,5.56,0.99,14,4,4,6,95.2,0,11.9,3,0,86.1,GREEN
SGR_ZONE_039,7,5.56,0.99,14,4,4,6,94.5,0,11.9,1,0,65.8,AMBER
SGR_ZONE_039,8,5.56,0.99,15,5,4,6,100.0,0,11.1,2,0,78.0,GREEN
SGR_ZONE_039,9,5.56,0.99,12,4,3,5,70.0,2,13.8,3,0,69.0,AMBER
SGR_ZONE_039,10,5.56,0.99,12,4,3,5,79.1,2,13.8,1,0,52.6,AMBER
SGR_ZONE_039,11,5.56,0.99,12,4,3,5,72.4,2,13.8,2,0,60.0,AMBER
SGR_ZONE_039,12,5.56,0.99,16,5,4,7,99.0,0,10.4,3,0,90.6,GREEN
SGR_ZONE_040,1,14.8,0.4,35,12,10,13,84.8,1,1.9,2,0,90.9,GREEN
SGR_ZONE_040,2,14.8,0.4,36,12,10,14,87.2,1,1.9,1,0,84.9,GREEN
SGR_ZONE_040,3,14.8,0.4,37,12,11,14,90.8,0,1.8,3,0,100.0,GREEN
SGR_ZONE_040,4,14.8,0.4,36,12,10,14,78.4,2,1.9,1,0,79.4,GREEN
SGR_ZONE_040,5,14.8,0.4,37,12,11,14,93.9,0,1.8,3,0,100.0,GREEN
SGR_ZONE_040,6,14.8,0.4,37,12,11,14,89.6,1,1.8,2,0,95.9,GREEN
SGR_ZONE_040,7,14.8,0.4,35,12,10,13,79.4,2,1.9,2,0,86.8,GREEN
SGR_ZONE_040,8,14.8,0.4,34,11,10,13,73.6,2,2.0,1,0,74.4,GREEN
SGR_ZONE_040,9,14.8,0.4,34,11,10,13,84.6,1,2.0,2,0,90.9,GREEN
SGR_ZONE_040,10,14.8,0.4,35,12,10,13,89.2,1,1.9,2,0,92.7,GREEN
SGR_ZONE_040,11,14.8,0.4,35,12,10,13,86.6,1,1.9,2,0,91.6,GREEN
SGR_ZONE_040,12,14.8,0.4,35,12,10,13,77.1,2,1.9,1,0,75.8,GREEN
SGR_ZONE_041,1,14.37,0.39,31,10,9,12,81.1,1,2.1,3,0,96.5,GREEN
SGR_ZONE_041,2,14.37,0.39,31,10,9,12,77.7,2,2.1,2,0,83.1,GREEN
SGR_ZONE_041,3,14.37,0.39,34,11,10,13,86.1,1,1.9,2,0,91.4,GREEN
SGR_ZONE_041,4,14.37,0.39,33,11,9,13,79.0,2,2.0,3,0,96.6,GREEN
SGR_ZONE_041,5,14.37,0.39,34,11,10,13,82.4,1,1.9,2,0,89.9,GREEN
SGR_ZONE_041,6,14.37,0.39,32,11,9,12,81.2,1,2.0,3,0,96.5,GREEN
SGR_ZONE_041,7,14.37,0.39,33,11,9,13,72.4,2,2.0,2,0,83.9,GREEN
SGR_ZONE_041,8,14.37,0.39,33,11,9,13,82.6,1,2.0,3,0,100.0,GREEN
SGR_ZONE_041,9,14.37,0.39,34,11,10,13,76.5,2,1.9,1,0,75.6,GREEN
SGR_ZONE_041,10,14.37,0.39,33,11,9,13,75.0,2,2.0,3,0,95.0,GREEN
SGR_ZONE_041,11,14.37,0.39,34,11,10,13,85.2,1,1.9,1,0,81.1,GREEN
SGR_ZONE_041,12,14.37,0.39,35,12,10,13,86.3,1,1.9,3,0,100.0,GREEN
SGR_ZONE_042,1,4.1,0.31,15,5,4,6,100.0,0,3.5,1,0,68.0,AMBER
SGR_ZONE_042,2,4.1,0.31,13,4,3,6,100.0,0,4.1,2,0,78.0,GREEN
SGR_ZONE_042,3,4.1,0.31,13,4,3,6,100.0,0,4.1,1,0,68.0,AMBER
SGR_ZONE_042,4,4.1,0.31,11,3,3,5,99.3,0,4.8,1,0,64.7,AMBER
SGR_ZONE_042,5,4.1,0.31,15,5,4,6,100.0,0,3.5,1,0,68.0,AMBER
SGR_ZONE_042,6,4.1,0.31,14,4,4,6,100.0,0,3.8,2,0,78.0,GREEN
SGR_ZONE_042,7,4.1,0.31,14,4,4,6,100.0,0,3.8,2,0,78.0,GREEN
SGR_ZONE_042,8,4.1,0.31,11,3,3,5,94.4,0,4.8,1,0,62.8,AMBER
SGR_ZONE_042,9,4.1,0.31,14,4,4,6,100.0,0,3.8,2,0,78.0,GREEN
SGR_ZONE_042,10,4.1,0.31,14,4,4,6,100.0,0,3.8,2,0,78.0,GREEN
SGR_ZONE_042,11,4.1,0.31,14,4,4,6,100.0,0,3.8,2,0,78.0,GREEN
SGR_ZONE_042,12,4.1,0.31,13,4,3,6,100.0,0,4.1,2,0,78.0,GREEN
SGR_ZONE_043,1,6.67,0.57,19,6,5,8,100.0,0,5.0,3,0,94.0,GREEN
SGR_ZONE_043,2,6.67,0.57,16,5,4,7,85.7,1,6.0,2,0,73.3,GREEN
SGR_ZONE_043,3,6.67,0.57,16,5,4,7,78.6,2,6.0,2,0,68.4,AMBER
SGR_ZONE_043,4,6.67,0.57,16,5,4,7,77.7,2,6.0,1,0,58.1,AMBER
SGR_ZONE_043,5,6.67,0.57,19,6,5,8,96.6,0,5.0,2,0,82.6,GREEN
SGR_ZONE_043,6,6.67,0.57,18,6,5,7,91.1,0,5.3,2,0,77.4,GREEN
SGR_ZONE_043,7,6.67,0.57,15,5,4,6,79.9,2,6.4,3,0,76.0,GREEN
SGR_ZONE_043,8,6.67,0.57,15,5,4,6,75.9,2,6.4,1,0,54.3,AMBER
SGR_ZONE_043,9,6.67,0.57,18,6,5,7,88.9,1,5.3,1,0,64.5,AMBER
SGR_ZONE_043,10,6.67,0.57,19,6,5,8,94.9,0,5.0,1,0,72.0,GREEN
SGR_ZONE_043,11,6.67,0.57,17,5,5,7,93.3,0,5.6,2,0,78.3,GREEN
SGR_ZONE_043,12,6.67,0.57,16,5,4,7,81.7,1,6.0,2,0,71.7,GREEN
SGR_ZONE_044,1,3.89,0.61,13,4,3,6,100.0,0,7.9,2,0,78.0,GREEN
SGR_ZONE_044,2,3.89,0.61,13,4,3,6,100.0,0,7.9,3,0,88.0,GREEN
SGR_ZONE_044,3,3.89,0.61,14,4,4,6,100.0,0,7.4,1,0,68.0,AMBER
SGR_ZONE_044,4,3.89,0.61,10,3,3,4,98.6,0,10.3,3,0,81.4,GREEN
SGR_ZONE_044,5,3.89,0.61,13,4,3,6,100.0,0,7.9,2,0,78.0,GREEN
SGR_ZONE_044,6,3.89,0.61,11,3,3,5,96.8,0,9.4,1,0,63.7,AMBER
SGR_ZONE_044,7,3.89,0.61,13,4,3,6,100.0,0,7.9,1,0,68.0,AMBER
SGR_ZONE_044,8,3.89,0.61,12,4,3,5,100.0,0,8.6,1,0,65.0,AMBER
SGR_ZONE_044,9,3.89,0.61,12,4,3,5,100.0,0,8.6,1,0,65.0,AMBER
SGR_ZONE_044,10,3.89,0.61,12,4,3,5,100.0,0,8.6,2,0,75.0,GREEN
SGR_ZONE_044,11,3.89,0.61,13,4,3,6,100.0,0,7.9,3,0,88.0,GREEN
SGR_ZONE_044,12,3.89,0.61,12,4,3,5,100.0,0,8.6,1,0,65.0,AMBER
SGR_ZONE_045,1,10.31,0.91,24,8,7,9,80.1,1,6.4,2,0,77.1,GREEN
SGR_ZONE_045,2,10.31,0.91,26,9,7,10,83.6,1,5.9,2,0,81.4,GREEN
SGR_ZONE_045,3,10.31,0.91,27,9,8,10,87.2,1,5.6,2,0,82.9,GREEN
SGR_ZONE_045,4,10.31,0.91,24,8,7,9,86.0,1,6.4,2,0,79.4,GREEN
SGR_ZONE_045,5,10.31,0.91,27,9,8,10,86.4,1,5.6,1,0,72.6,GREEN
SGR_ZONE_045,6,10.31,0.91,27,9,8,10,99.5,0,5.6,3,0,99.8,GREEN
SGR_ZONE_045,7,10.31,0.91,24,8,7,9,84.9,1,6.4,3,0,89.0,GREEN
SGR_ZONE_045,8,10.31,0.91,24,8,7,9,80.6,1,6.4,2,0,77.2,GREEN
SGR_ZONE_045,9,10.31,0.91,24,8,7,9,78.7,2,6.4,2,0,74.5,GREEN
SGR_ZONE_045,10,10.31,0.91,23,8,6,9,72.1,2,6.6,1,0,61.8,AMBER
SGR_ZONE_045,11,10.31,0.91,26,9,7,10,91.8,0,5.9,3,0,96.7,GREEN
SGR_ZONE_045,12,10.31,0.91,27,9,8,10,95.0,0,5.6,1,0,78.0,GREEN
SGR_ZONE_046,1,3.39,0.76,8,2,2,4,88.0,1,16.0,1,0,55.2,AMBER
SGR_ZONE_046,2,3.39,0.76,12,4,3,5,100.0,0,10.6,1,0,65.0,AMBER
SGR_ZONE_046,3,3.39,0.76,8,2,2,4,76.6,2,16.0,2,0,58.7,AMBER
SGR_ZONE_046,4,3.39,0.76,12,4,3,5,100.0,0,10.6,2,0,75.0,GREEN
SGR_ZONE_046,5,3.39,0.76,10,3,3,4,100.0,0,12.8,2,0,72.0,GREEN
SGR_ZONE_046,6,3.39,0.76,12,4,3,5,100.0,0,10.6,3,0,85.0,GREEN
SGR_ZONE_046,7,3.39,0.76,12,4,3,5,100.0,0,10.6,2,0,75.0,GREEN
SGR_ZONE_046,8,3.39,0.76,8,2,2,4,79.9,2,16.0,1,0,50.0,AMBER
SGR_ZONE_046,9,3.39,0.76,11,3,3,5,100.0,0,11.6,3,0,85.0,GREEN
SGR_ZONE_046,10,3.39,0.76,12,4,3,5,100.0,0,10.6,1,0,65.0,AMBER
SGR_ZONE_046,11,3.39,0.76,8,2,2,4,83.9,1,16.0,1,0,53.6,AMBER
SGR_ZONE_046,12,3.39,0.76,10,3,3,4,98.4,0,12.8,2,0,71.4,GREEN
SGR_ZONE_047,1,9.63,0.42,22,7,6,9,80.5,1,3.2,3,0,87.2,GREEN
SGR_ZONE_047,2,9.63,0.42,25,8,7,10,97.2,0,2.8,2,0,88.9,GREEN
SGR_ZONE_047,3,9.63,0.42,24,8,7,9,81.1,1,2.9,2,0,77.4,GREEN
SGR_ZONE_047,4,9.63,0.42,21,7,6,8,75.7,2,3.3,2,0,70.3,GREEN
SGR_ZONE_047,5,9.63,0.42,25,8,7,10,88.0,1,2.8,3,0,93.2,GREEN
SGR_ZONE_047,6,9.63,0.42,23,8,6,9,88.6,1,3.1,2,0,80.4,GREEN
SGR_ZONE_047,7,9.63,0.42,22,7,6,9,84.3,1,3.2,3,0,88.7,GREEN
SGR_ZONE_047,8,9.63,0.42,25,8,7,10,96.6,0,2.8,3,0,98.6,GREEN
SGR_ZONE_047,9,9.63,0.42,25,8,7,10,97.8,0,2.8,1,0,79.1,GREEN
SGR_ZONE_047,10,9.63,0.42,24,8,7,9,94.6,0,2.9,3,0,94.8,GREEN
SGR_ZONE_047,11,9.63,0.42,24,8,7,9,94.7,0,2.9,2,0,84.9,GREEN
SGR_ZONE_047,12,9.63,0.42,23,8,6,9,78.7,2,3.1,1,0,64.5,AMBER
SGR_ZONE_048,1,10.03,0.67,27,9,8,10,97.0,0,4.1,3,0,98.8,GREEN
SGR_ZONE_048,2,10.03,0.67,24,8,7,9,84.2,1,4.7,2,0,78.7,GREEN
SGR_ZONE_048,3,10.03,0.67,24,8,7,9,79.1,2,4.7,2,0,74.6,GREEN
SGR_ZONE_048,4,10.03,0.67,23,8,6,9,79.5,2,4.9,3,0,84.8,GREEN
SGR_ZONE_048,5,10.03,0.67,26,9,7,10,84.4,1,4.3,1,0,71.8,GREEN
SGR_ZONE_048,6,10.03,0.67,23,8,6,9,80.2,1,4.9,2,0,77.1,GREEN
SGR_ZONE_048,7,10.03,0.67,26,9,7,10,88.0,1,4.3,2,0,83.2,GREEN
SGR_ZONE_048,8,10.03,0.67,23,8,6,9,77.3,2,4.9,1,0,63.9,AMBER
SGR_ZONE_048,9,10.03,0.67,24,8,7,9,76.7,2,4.7,1,0,63.7,AMBER
SGR_ZONE_048,10,10.03,0.67,27,9,8,10,98.3,0,4.1,1,0,79.3,GREEN
SGR_ZONE_048,11,10.03,0.67,24,8,7,9,78.2,2,4.7,2,0,74.3,GREEN
SGR_ZONE_048,12,10.03,0.67,24,8,7,9,80.4,1,4.7,2,0,77.2,GREEN
SGR_ZONE_049,1,13.7,0.55,31,10,9,12,82.3,1,3.0,2,0,86.9,GREEN
SGR_ZONE_049,2,13.7,0.55,31,10,9,12,83.4,1,3.0,3,0,97.4,GREEN
SGR_ZONE_049,3,13.7,0.55,30,10,9,11,80.3,1,3.1,3,0,93.1,GREEN
SGR_ZONE_049,4,13.7,0.55,32,11,9,12,75.3,2,2.9,3,0,92.1,GREEN
SGR_ZONE_049,5,13.7,0.55,30,10,9,11,70.5,2,3.1,1,0,67.2,AMBER
SGR_ZONE_049,6,13.7,0.55,31,10,9,12,83.6,1,3.0,1,0,77.5,GREEN
SGR_ZONE_049,7,13.7,0.55,33,11,9,13,76.9,2,2.8,1,0,75.8,GREEN
SGR_ZONE_049,8,13.7,0.55,31,10,9,12,79.7,2,3.0,3,0,93.9,GREEN
SGR_ZONE_049,9,13.7,0.55,30,10,9,11,72.0,2,3.1,1,0,67.8,AMBER
SGR_ZONE_049,10,13.7,0.55,33,11,9,13,76.4,2,2.8,1,0,75.5,GREEN
SGR_ZONE_049,11,13.7,0.55,30,10,9,11,72.3,2,3.1,3,0,87.9,GREEN
SGR_ZONE_049,12,13.7,0.55,33,11,9,13,85.6,1,2.8,2,0,91.3,GREEN
SGR_ZONE_050,1,7.57,0.8,18,6,5,7,91.7,0,7.5,2,0,77.7,GREEN
SGR_ZONE_050,2,7.57,0.8,18,6,5,7,85.9,1,7.5,2,0,73.3,GREEN
SGR_ZONE_050,3,7.57,0.8,17,5,5,7,85.9,1,7.9,1,0,63.3,AMBER
SGR_ZONE_050,4,7.57,0.8,19,6,5,8,82.6,1,7.1,1,0,65.1,AMBER
SGR_ZONE_050,5,7.57,0.8,19,6,5,8,84.2,1,7.1,1,0,65.7,AMBER
SGR_ZONE_050,6,7.57,0.8,18,6,5,7,82.0,1,7.5,3,0,81.8,GREEN
SGR_ZONE_050,7,7.57,0.8,19,6,5,8,88.0,1,7.1,2,0,77.2,GREEN
SGR_ZONE_050,8,7.57,0.8,19,6,5,8,93.4,0,7.1,3,0,91.3,GREEN
SGR_ZONE_050,9,7.57,0.8,20,7,6,7,90.0,1,6.7,2,0,75.0,GREEN
SGR_ZONE_050,10,7.57,0.8,18,6,5,7,84.8,1,7.5,1,0,62.9,AMBER
SGR_ZONE_050,11,7.57,0.8,17,5,5,7,77.3,2,7.9,2,0,67.9,AMBER
SGR_ZONE_050,12,7.57,0.8,17,5,5,7,87.2,1,7.9,2,0,73.9,GREEN
SGR_ZONE_051,1,6.72,1.0,20,7,6,7,96.3,0,8.4,1,0,69.5,AMBER
SGR_ZONE_051,2,6.72,1.0,21,7,6,8,100.0,0,8.0,3,0,94.0,GREEN
SGR_ZONE_051,3,6.72,1.0,17,5,5,7,82.6,1,9.9,2,0,72.0,GREEN
SGR_ZONE_051,4,6.72,1.0,17,5,5,7,92.3,0,9.9,1,0,67.9,AMBER
SGR_ZONE_051,5,6.72,1.0,20,7,6,7,100.0,0,8.4,3,0,91.0,GREEN
SGR_ZONE_051,6,6.72,1.0,21,7,6,8,100.0,0,8.0,3,0,94.0,GREEN
SGR_ZONE_051,7,6.72,1.0,21,7,6,8,100.0,0,8.0,1,0,74.0,GREEN
SGR_ZONE_051,8,6.72,1.0,17,5,5,7,90.1,0,9.9,2,0,77.0,GREEN
SGR_ZONE_051,9,6.72,1.0,18,6,5,7,96.8,0,9.3,1,0,69.7,AMBER
SGR_ZONE_051,10,6.72,1.0,21,7,6,8,100.0,0,8.0,2,0,84.0,GREEN
SGR_ZONE_051,11,6.72,1.0,20,7,6,7,100.0,0,8.4,2,0,81.0,GREEN
SGR_ZONE_051,12,6.72,1.0,20,7,6,7,99.5,0,8.4,2,0,80.8,GREEN
SGR_ZONE_052,1,6.44,0.57,16,5,4,7,82.8,1,5.9,1,0,62.1,AMBER
SGR_ZONE_052,2,6.44,0.57,16,5,4,7,91.6,0,5.9,2,0,77.6,GREEN
SGR_ZONE_052,3,6.44,0.57,15,5,4,6,83.0,1,6.3,3,0,79.2,GREEN
SGR_ZONE_052,4,6.44,0.57,16,5,4,7,91.0,0,5.9,3,0,87.4,GREEN
SGR_ZONE_052,5,6.44,0.57,17,5,5,7,97.2,0,5.6,2,0,79.9,GREEN
SGR_ZONE_052,6,6.44,0.57,17,5,5,7,98.4,0,5.6,2,0,80.4,GREEN
SGR_ZONE_052,7,6.44,0.57,15,5,4,6,83.4,1,6.3,2,0,69.3,AMBER
SGR_ZONE_052,8,6.44,0.57,15,5,4,6,87.0,1,6.3,2,0,70.8,GREEN
SGR_ZONE_052,9,6.44,0.57,16,5,4,7,91.1,0,5.9,2,0,77.4,GREEN
SGR_ZONE_052,10,6.44,0.57,14,4,4,6,73.5,2,6.8,3,0,73.4,GREEN
SGR_ZONE_052,11,6.44,0.57,15,5,4,6,76.3,2,6.3,3,0,74.5,GREEN
SGR_ZONE_052,12,6.44,0.57,15,5,4,6,88.3,1,6.3,2,0,71.3,GREEN
SGR_ZONE_053,1,10.33,0.88,25,8,7,10,91.3,0,5.9,3,0,96.5,GREEN
SGR_ZONE_053,2,10.33,0.88,21,7,6,8,74.1,2,7.0,2,0,69.6,AMBER
SGR_ZONE_053,3,10.33,0.88,25,8,7,10,83.1,1,5.9,3,0,91.2,GREEN
SGR_ZONE_053,4,10.33,0.88,21,7,6,8,77.4,2,7.0,1,0,61.0,AMBER
SGR_ZONE_053,5,10.33,0.88,25,8,7,10,80.2,1,5.9,1,0,70.1,GREEN
SGR_ZONE_053,6,10.33,0.88,22,7,6,9,75.9,2,6.7,3,0,83.4,GREEN
SGR_ZONE_053,7,10.33,0.88,24,8,7,9,76.2,2,6.1,1,0,63.5,AMBER
SGR_ZONE_053,8,10.33,0.88,24,8,7,9,81.6,1,6.1,3,0,87.6,GREEN
SGR_ZONE_053,9,10.33,0.88,25,8,7,10,78.6,2,5.9,2,0,77.4,GREEN
SGR_ZONE_053,10,10.33,0.88,24,8,7,9,80.5,1,6.1,3,0,87.2,GREEN
SGR_ZONE_053,11,10.33,0.88,23,8,6,9,80.1,1,6.4,2,0,77.1,GREEN
SGR_ZONE_053,12,10.33,0.88,22,7,6,9,71.5,2,6.7,2,0,71.6,GREEN
SGR_ZONE_054,1,14.93,0.34,32,11,9,12,70.3,2,1.8,1,0,70.1,GREEN
SGR_ZONE_054,2,14.93,0.34,30,10,9,11,74.9,2,1.9,2,0,79.0,GREEN
SGR_ZONE_054,3,14.93,0.34,32,11,9,12,70.4,2,1.8,1,0,70.2,GREEN
SGR_ZONE_054,4,14.93,0.34,33,11,9,13,79.5,2,1.7,1,0,76.8,GREEN
SGR_ZONE_054,5,14.93,0.34,34,11,10,13,81.5,1,1.7,1,0,79.6,GREEN
SGR_ZONE_054,6,14.93,0.34,33,11,9,13,79.8,2,1.7,2,0,86.9,GREEN
SGR_ZONE_054,7,14.93,0.34,31,10,9,12,67.4,3,1.8,3,0,87.0,GREEN
SGR_ZONE_054,8,14.93,0.34,34,11,10,13,77.6,2,1.7,3,0,96.0,GREEN
SGR_ZONE_054,9,14.93,0.34,33,11,9,13,77.2,2,1.7,3,0,95.9,GREEN
SGR_ZONE_054,10,14.93,0.34,34,11,10,13,78.1,2,1.7,1,0,76.2,GREEN
SGR_ZONE_054,11,14.93,0.34,31,10,9,12,67.5,3,1.8,1,0,67.0,AMBER
SGR_ZONE_054,12,14.93,0.34,34,11,10,13,83.7,1,1.7,2,0,90.5,GREEN
SGR_ZONE_055,1,4.47,0.73,17,5,5,7,100.0,0,7.2,1,0,71.0,GREEN
SGR_ZONE_055,2,4.47,0.73,17,5,5,7,100.0,0,7.2,1,0,71.0,GREEN
SGR_ZONE_055,3,4.47,0.73,17,5,5,7,100.0,0,7.2,1,0,71.0,GREEN
SGR_ZONE_055,4,4.47,0.73,15,5,4,6,100.0,0,8.2,3,0,88.0,GREEN
SGR_ZONE_055,5,4.47,0.73,17,5,5,7,100.0,0,7.2,3,0,91.0,GREEN
SGR_ZONE_055,6,4.47,0.73,17,5,5,7,100.0,0,7.2,2,0,81.0,GREEN
SGR_ZONE_055,7,4.47,0.73,16,5,4,7,100.0,0,7.7,2,0,81.0,GREEN
SGR_ZONE_055,8,4.47,0.73,15,5,4,6,100.0,0,8.2,1,0,68.0,AMBER
SGR_ZONE_055,9,4.47,0.73,14,4,4,6,100.0,0,8.8,1,0,68.0,AMBER
SGR_ZONE_055,10,4.47,0.73,13,4,3,6,100.0,0,9.5,1,0,68.0,AMBER
SGR_ZONE_055,11,4.47,0.73,13,4,3,6,100.0,0,9.5,2,0,78.0,GREEN
SGR_ZONE_055,12,4.47,0.73,16,5,4,7,100.0,0,7.7,1,0,71.0,GREEN
SGR_ZONE_056,1,12.93,0.33,33,11,9,13,94.2,0,1.7,3,0,100.0,GREEN
SGR_ZONE_056,2,12.93,0.33,30,10,9,11,79.7,2,1.8,2,0,80.9,GREEN
SGR_ZONE_056,3,12.93,0.33,29,10,8,11,80.5,1,1.9,3,0,93.2,GREEN
SGR_ZONE_056,4,12.93,0.33,33,11,9,13,84.1,1,1.7,1,0,80.6,GREEN
SGR_ZONE_056,5,12.93,0.33,33,11,9,13,82.6,1,1.7,1,0,80.0,GREEN
SGR_ZONE_056,6,12.93,0.33,31,10,9,12,86.5,1,1.8,3,0,98.6,GREEN
SGR_ZONE_056,7,12.93,0.33,31,10,9,12,76.8,2,1.8,1,0,72.7,GREEN
SGR_ZONE_056,8,12.93,0.33,32,11,9,12,90.3,0,1.7,2,0,92.1,GREEN
SGR_ZONE_056,9,12.93,0.33,32,11,9,12,84.5,1,1.7,3,0,97.8,GREEN
SGR_ZONE_056,10,12.93,0.33,31,10,9,12,86.5,1,1.8,3,0,98.6,GREEN
SGR_ZONE_056,11,12.93,0.33,31,10,9,12,82.8,1,1.8,1,0,77.1,GREEN
SGR_ZONE_056,12,12.93,0.33,30,10,9,11,74.3,2,1.8,1,0,68.7,AMBER
SGR_ZONE_057,1,5.84,0.84,12,4,3,5,71.3,2,11.7,2,0,59.5,AMBER
SGR_ZONE_057,2,5.84,0.84,14,4,4,6,79.2,2,10.1,2,0,65.7,AMBER
SGR_ZONE_057,3,5.84,0.84,15,5,4,6,94.9,0,9.4,1,0,65.9,AMBER
SGR_ZONE_057,4,5.84,0.84,12,4,3,5,73.5,2,11.7,2,0,60.4,AMBER
SGR_ZONE_057,5,5.84,0.84,13,4,3,6,76.3,2,10.8,3,0,74.5,GREEN
SGR_ZONE_057,6,5.84,0.84,13,4,3,6,80.5,1,10.8,1,0,58.2,AMBER
SGR_ZONE_057,7,5.84,0.84,15,5,4,6,85.6,1,9.4,2,0,70.2,GREEN
SGR_ZONE_057,8,5.84,0.84,12,4,3,5,79.5,2,11.7,3,0,72.8,GREEN
SGR_ZONE_057,9,5.84,0.84,12,4,3,5,71.2,2,11.7,3,0,69.5,AMBER
SGR_ZONE_057,10,5.84,0.84,15,5,4,6,89.1,1,9.4,2,0,71.6,GREEN
SGR_ZONE_057,11,5.84,0.84,15,5,4,6,86.8,1,9.4,1,0,60.7,AMBER
SGR_ZONE_057,12,5.84,0.84,15,5,4,6,86.2,1,9.4,2,0,70.5,GREEN
SGR_ZONE_058,1,2.17,0.99,6,2,1,3,98.9,0,27.9,3,0,78.6,GREEN
SGR_ZONE_058,2,2.17,0.99,7,2,2,3,100.0,0,23.9,2,0,69.0,AMBER
SGR_ZONE_058,3,2.17,0.99,10,3,3,4,100.0,0,16.7,2,0,72.0,GREEN
SGR_ZONE_058,4,2.17,0.99,9,3,2,4,100.0,0,18.6,2,0,72.0,GREEN
SGR_ZONE_058,5,2.17,0.99,8,2,2,4,100.0,0,20.9,1,0,62.0,AMBER
SGR_ZONE_058,6,2.17,0.99,10,3,3,4,100.0,0,16.7,1,0,62.0,AMBER
SGR_ZONE_058,7,2.17,0.99,10,3,3,4,100.0,0,16.7,3,0,82.0,GREEN
SGR_ZONE_058,8,2.17,0.99,7,2,2,3,100.0,0,23.9,3,0,79.0,GREEN
SGR_ZONE_058,9,2.17,0.99,9,3,2,4,100.0,0,18.6,3,0,82.0,GREEN
SGR_ZONE_058,10,2.17,0.99,10,3,3,4,100.0,0,16.7,3,0,82.0,GREEN
SGR_ZONE_058,11,2.17,0.99,8,2,2,4,100.0,0,20.9,2,0,72.0,GREEN
SGR_ZONE_058,12,2.17,0.99,9,3,2,4,100.0,0,18.6,1,0,62.0,AMBER
SGR_ZONE_059,1,4.08,0.62,12,4,3,5,100.0,0,8.7,1,0,65.0,AMBER
SGR_ZONE_059,2,4.08,0.62,12,4,3,5,96.5,0,8.7,2,0,73.6,GREEN
SGR_ZONE_059,3,4.08,0.62,10,3,3,4,81.4,1,10.5,2,0,62.6,AMBER
SGR_ZONE_059,4,4.08,0.62,13,4,3,6,100.0,0,8.1,3,0,88.0,GREEN
SGR_ZONE_059,5,4.08,0.62,11,3,3,5,89.5,1,9.5,1,0,58.8,AMBER
SGR_ZONE_059,6,4.08,0.62,13,4,3,6,100.0,0,8.1,2,0,78.0,GREEN
SGR_ZONE_059,7,4.08,0.62,10,3,3,4,89.7,1,10.5,2,0,65.9,AMBER
SGR_ZONE_059,8,4.08,0.62,12,4,3,5,100.0,0,8.7,2,0,75.0,GREEN
SGR_ZONE_059,9,4.08,0.62,9,3,2,4,84.4,1,11.6,1,0,53.7,AMBER
SGR_ZONE_059,10,4.08,0.62,12,4,3,5,99.9,0,8.7,3,0,85.0,GREEN
SGR_ZONE_059,11,4.08,0.62,11,3,3,5,100.0,0,9.5,3,0,85.0,GREEN
SGR_ZONE_059,12,4.08,0.62,13,4,3,6,100.0,0,8.1,2,0,78.0,GREEN
SGR_ZONE_060,1,13.52,0.72,36,12,10,14,85.0,1,3.3,3,0,100.0,GREEN
SGR_ZONE_060,2,13.52,0.72,36,12,10,14,85.4,1,3.3,2,0,94.2,GREEN
SGR_ZONE_060,3,13.52,0.72,35,12,10,13,85.2,1,3.4,1,0,81.1,GREEN
SGR_ZONE_060,4,13.52,0.72,35,12,10,13,88.5,1,3.4,3,0,100.0,GREEN
SGR_ZONE_060,5,13.52,0.72,35,12,10,13,90.2,0,3.4,3,0,100.0,GREEN
SGR_ZONE_060,6,13.52,0.72,36,12,10,14,93.7,0,3.3,3,0,100.0,GREEN
SGR_ZONE_060,7,13.52,0.72,35,12,10,13,90.9,0,3.4,2,0,95.4,GREEN
SGR_ZONE_060,8,13.52,0.72,33,11,9,13,86.5,1,3.6,3,0,100.0,GREEN
SGR_ZONE_060,9,13.52,0.72,35,12,10,13,94.9,0,3.4,1,0,87.0,GREEN
SGR_ZONE_060,10,13.52,0.72,34,11,10,13,80.9,1,3.5,1,0,79.4,GREEN
SGR_ZONE_060,11,13.52,0.72,35,12,10,13,94.3,0,3.4,2,0,96.7,GREEN
SGR_ZONE_060,12,13.52,0.72,36,12,10,14,96.8,0,3.3,3,0,100.0,GREEN
SGR_ZONE_061,1,7.72,0.4,16,5,4,7,65.9,3,4.2,1,0,51.4,AMBER
SGR_ZONE_061,2,7.72,0.4,18,6,5,7,85.3,1,3.8,3,0,83.1,GREEN
SGR_ZONE_061,3,7.72,0.4,18,6,5,7,84.3,1,3.8,2,0,72.7,GREEN
SGR_ZONE_061,4,7.72,0.4,20,7,6,7,84.6,1,3.4,2,0,72.8,GREEN
SGR_ZONE_061,5,7.72,0.4,19,6,5,8,85.1,1,3.6,3,0,86.0,GREEN
SGR_ZONE_061,6,7.72,0.4,18,6,5,7,83.5,1,3.8,3,0,82.4,GREEN
SGR_ZONE_061,7,7.72,0.4,19,6,5,8,83.4,1,3.6,1,0,65.3,AMBER
SGR_ZONE_061,8,7.72,0.4,17,5,5,7,77.7,2,4.0,1,0,58.1,AMBER
SGR_ZONE_061,9,7.72,0.4,19,6,5,8,83.0,1,3.6,2,0,75.2,GREEN
SGR_ZONE_061,10,7.72,0.4,18,6,5,7,73.7,2,3.8,1,0,56.5,AMBER
SGR_ZONE_061,11,7.72,0.4,20,7,6,7,92.4,0,3.4,3,0,88.0,GREEN
SGR_ZONE_061,12,7.72,0.4,20,7,6,7,93.7,0,3.4,3,0,88.5,GREEN
SGR_ZONE_062,1,5.37,0.6,17,5,5,7,100.0,0,5.9,1,0,71.0,GREEN
SGR_ZONE_062,2,5.37,0.6,16,5,4,7,100.0,0,6.3,2,0,81.0,GREEN
SGR_ZONE_062,3,5.37,0.6,17,5,5,7,100.0,0,5.9,2,0,81.0,GREEN
SGR_ZONE_062,4,5.37,0.6,16,5,4,7,95.7,0,6.3,3,0,89.3,GREEN
SGR_ZONE_062,5,5.37,0.6,14,4,4,6,96.1,0,7.2,1,0,66.5,AMBER
SGR_ZONE_062,6,5.37,0.6,16,5,4,7,100.0,0,6.3,2,0,81.0,GREEN
SGR_ZONE_062,7,5.37,0.6,16,5,4,7,97.0,0,6.3,1,0,69.8,AMBER
SGR_ZONE_062,8,5.37,0.6,16,5,4,7,100.0,0,6.3,1,0,71.0,GREEN
SGR_ZONE_062,9,5.37,0.6,16,5,4,7,95.7,0,6.3,2,0,79.3,GREEN
SGR_ZONE_062,10,5.37,0.6,16,5,4,7,99.1,0,6.3,3,0,90.7,GREEN
SGR_ZONE_062,11,5.37,0.6,16,5,4,7,100.0,0,6.3,2,0,81.0,GREEN
SGR_ZONE_062,12,5.37,0.6,14,4,4,6,95.2,0,7.2,2,0,76.1,GREEN
SGR_ZONE_063,1,2.85,0.64,11,3,3,5,100.0,0,9.8,3,0,85.0,GREEN
SGR_ZONE_063,2,2.85,0.64,8,2,2,4,100.0,0,13.5,2,0,72.0,GREEN
SGR_ZONE_063,3,2.85,0.64,8,2,2,4,100.0,0,13.5,2,0,72.0,GREEN
SGR_ZONE_063,4,2.85,0.64,9,3,2,4,100.0,0,12.0,3,0,82.0,GREEN
SGR_ZONE_063,5,2.85,0.64,11,3,3,5,100.0,0,9.8,3,0,85.0,GREEN
SGR_ZONE_063,6,2.85,0.64,12,4,3,5,100.0,0,9.0,2,0,75.0,GREEN
SGR_ZONE_063,7,2.85,0.64,8,2,2,4,100.0,0,13.5,1,0,62.0,AMBER
SGR_ZONE_063,8,2.85,0.64,9,3,2,4,100.0,0,12.0,3,0,82.0,GREEN
SGR_ZONE_063,9,2.85,0.64,9,3,2,4,100.0,0,12.0,1,0,62.0,AMBER
SGR_ZONE_063,10,2.85,0.64,10,3,3,4,100.0,0,10.8,1,0,62.0,AMBER
SGR_ZONE_063,11,2.85,0.64,11,3,3,5,100.0,0,9.8,1,0,65.0,AMBER
SGR_ZONE_063,12,2.85,0.64,8,2,2,4,97.3,0,13.5,3,0,80.9,GREEN
SGR_ZONE_064,1,5.26,0.9,11,3,3,5,83.0,1,13.7,1,0,56.2,AMBER
SGR_ZONE_064,2,5.26,0.9,12,4,3,5,81.1,1,12.5,3,0,75.4,GREEN
SGR_ZONE_064,3,5.26,0.9,11,3,3,5,80.2,1,13.7,1,0,55.1,AMBER
SGR_ZONE_064,4,5.26,0.9,11,3,3,5,77.5,2,13.7,2,0,62.0,AMBER
SGR_ZONE_064,5,5.26,0.9,12,4,3,5,82.3,1,12.5,1,0,55.9,AMBER
SGR_ZONE_064,6,5.26,0.9,15,5,4,6,100.0,0,10.0,1,0,68.0,AMBER
SGR_ZONE_064,7,5.26,0.9,12,4,3,5,76.5,2,12.5,3,0,71.6,GREEN
SGR_ZONE_064,8,5.26,0.9,15,5,4,6,100.0,0,10.0,3,0,88.0,GREEN
SGR_ZONE_064,9,5.26,0.9,14,4,4,6,93.7,0,10.7,3,0,85.5,GREEN
SGR_ZONE_064,10,5.26,0.9,13,4,3,6,93.5,0,11.6,3,0,85.4,GREEN
SGR_ZONE_064,11,5.26,0.9,15,5,4,6,97.5,0,10.0,3,0,87.0,GREEN
SGR_ZONE_064,12,5.26,0.9,14,4,4,6,99.7,0,10.7,2,0,77.9,GREEN
SGR_ZONE_065,1,2.23,0.39,11,3,3,5,100.0,0,5.9,1,0,65.0,AMBER
SGR_ZONE_065,2,2.23,0.39,8,2,2,4,100.0,0,8.2,2,0,72.0,GREEN
SGR_ZONE_065,3,2.23,0.39,8,2,2,4,100.0,0,8.2,1,0,62.0,AMBER
SGR_ZONE_065,4,2.23,0.39,10,3,3,4,100.0,0,6.5,1,0,62.0,AMBER
SGR_ZONE_065,5,2.23,0.39,9,3,2,4,100.0,0,7.2,2,0,72.0,GREEN
SGR_ZONE_065,6,2.23,0.39,11,3,3,5,100.0,0,5.9,3,0,85.0,GREEN
SGR_ZONE_065,7,2.23,0.39,9,3,2,4,100.0,0,7.2,1,0,62.0,AMBER
SGR_ZONE_065,8,2.23,0.39,10,3,3,4,100.0,0,6.5,2,0,72.0,GREEN
SGR_ZONE_065,9,2.23,0.39,11,3,3,5,100.0,0,5.9,1,0,65.0,AMBER
SGR_ZONE_065,10,2.23,0.39,12,4,3,5,100.0,0,5.4,1,0,65.0,AMBER
SGR_ZONE_065,11,2.23,0.39,9,3,2,4,100.0,0,7.2,2,0,72.0,GREEN
SGR_ZONE_065,12,2.23,0.39,11,3,3,5,100.0,0,5.9,3,0,85.0,GREEN
SGR_ZONE_066,1,6.72,0.93,16,5,4,7,84.0,1,9.7,3,0,82.6,GREEN
SGR_ZONE_066,2,6.72,0.93,20,7,6,7,100.0,0,7.8,3,0,91.0,GREEN
SGR_ZONE_066,3,6.72,0.93,20,7,6,7,100.0,0,7.8,2,0,81.0,GREEN
SGR_ZONE_066,4,6.72,0.93,18,6,5,7,98.2,0,8.7,3,0,90.3,GREEN
SGR_ZONE_066,5,6.72,0.93,16,5,4,7,81.3,1,9.7,3,0,81.5,GREEN
SGR_ZONE_066,6,6.72,0.93,20,7,6,7,100.0,0,7.8,1,0,71.0,GREEN
SGR_ZONE_066,7,6.72,0.93,17,5,5,7,82.5,1,9.2,2,0,72.0,GREEN
SGR_ZONE_066,8,6.72,0.93,17,5,5,7,86.4,1,9.2,3,0,83.6,GREEN
SGR_ZONE_066,9,6.72,0.93,18,6,5,7,95.3,0,8.7,3,0,89.1,GREEN
SGR_ZONE_066,10,6.72,0.93,16,5,4,7,75.4,2,9.7,2,0,67.2,AMBER
SGR_ZONE_066,11,6.72,0.93,17,5,5,7,81.2,1,9.2,1,0,61.5,AMBER
SGR_ZONE_066,12,6.72,0.93,18,6,5,7,87.8,1,8.7,1,0,64.1,AMBER
SGR_ZONE_067,1,5.85,0.94,17,5,5,7,99.7,0,9.3,3,0,90.9,GREEN
SGR_ZONE_067,2,5.85,0.94,15,5,4,6,95.6,0,10.6,1,0,66.2,AMBER
SGR_ZONE_067,3,5.85,0.94,18,6,5,7,100.0,0,8.8,2,0,81.0,GREEN
SGR_ZONE_067,4,5.85,0.94,16,5,4,7,100.0,0,9.9,2,0,81.0,GREEN
SGR_ZONE_067,5,5.85,0.94,15,5,4,6,86.9,1,10.6,2,0,70.8,GREEN
SGR_ZONE_067,6,5.85,0.94,14,4,4,6,81.0,1,11.3,2,0,68.4,AMBER
SGR_ZONE_067,7,5.85,0.94,14,4,4,6,88.4,1,11.3,2,0,71.4,GREEN
SGR_ZONE_067,8,5.85,0.94,15,5,4,6,92.4,0,10.6,3,0,85.0,GREEN
SGR_ZONE_067,9,5.85,0.94,14,4,4,6,90.0,1,11.3,3,0,82.0,GREEN
SGR_ZONE_067,10,5.85,0.94,16,5,4,7,98.6,0,9.9,1,0,70.5,GREEN
SGR_ZONE_067,11,5.85,0.94,15,5,4,6,88.1,1,10.6,3,0,81.2,GREEN
SGR_ZONE_067,12,5.85,0.94,14,4,4,6,87.2,1,11.3,1,0,60.9,AMBER
SGR_ZONE_068,1,12.88,0.5,31,10,9,12,89.6,1,2.7,3,0,99.8,GREEN
SGR_ZONE_068,2,12.88,0.5,32,11,9,12,79.7,2,2.6,1,0,73.9,GREEN
SGR_ZONE_068,3,12.88,0.5,32,11,9,12,89.0,1,2.6,2,0,89.6,GREEN
SGR_ZONE_068,4,12.88,0.5,31,10,9,12,89.6,1,2.7,3,0,99.9,GREEN
SGR_ZONE_068,5,12.88,0.5,28,9,8,11,80.5,1,3.0,1,0,73.2,GREEN
SGR_ZONE_068,6,12.88,0.5,29,10,8,11,81.1,1,2.9,2,0,83.4,GREEN
SGR_ZONE_068,7,12.88,0.5,30,10,9,11,74.0,2,2.8,3,0,88.6,GREEN
SGR_ZONE_068,8,12.88,0.5,30,10,9,11,79.8,2,2.8,2,0,80.9,GREEN
SGR_ZONE_068,9,12.88,0.5,31,10,9,12,82.3,1,2.7,2,0,86.9,GREEN
SGR_ZONE_068,10,12.88,0.5,30,10,9,11,80.1,1,2.8,3,0,93.1,GREEN
SGR_ZONE_068,11,12.88,0.5,30,10,9,11,80.3,1,2.8,1,0,73.1,GREEN
SGR_ZONE_068,12,12.88,0.5,29,10,8,11,85.8,1,2.9,2,0,85.3,GREEN
SGR_ZONE_069,1,13.16,0.5,31,10,9,12,85.8,1,2.7,1,0,78.3,GREEN
SGR_ZONE_069,2,13.16,0.5,32,11,9,12,77.3,2,2.6,3,0,92.9,GREEN
SGR_ZONE_069,3,13.16,0.5,29,10,8,11,73.9,2,2.9,3,0,88.6,GREEN
SGR_ZONE_069,4,13.16,0.5,29,10,8,11,73.6,2,2.9,3,0,88.4,GREEN
SGR_ZONE_069,5,13.16,0.5,32,11,9,12,78.7,2,2.6,2,0,83.5,GREEN
SGR_ZONE_069,6,13.16,0.5,33,11,9,13,87.7,1,2.6,1,0,82.1,GREEN
SGR_ZONE_069,7,13.16,0.5,29,10,8,11,69.5,3,2.9,1,0,64.8,AMBER
SGR_ZONE_069,8,13.16,0.5,31,10,9,12,75.6,2,2.7,1,0,72.2,GREEN
SGR_ZONE_069,9,13.16,0.5,31,10,9,12,85.4,1,2.7,1,0,78.2,GREEN
SGR_ZONE_069,10,13.16,0.5,32,11,9,12,78.0,2,2.6,2,0,83.2,GREEN
SGR_ZONE_069,11,13.16,0.5,29,10,8,11,74.3,2,2.9,2,0,78.7,GREEN
SGR_ZONE_069,12,13.16,0.5,29,10,8,11,84.2,1,2.9,3,0,94.7,GREEN
SGR_ZONE_070,1,3.03,0.47,10,3,3,4,100.0,0,7.9,2,0,72.0,GREEN
SGR_ZONE_070,2,3.03,0.47,8,2,2,4,92.5,0,9.8,1,0,59.0,AMBER
SGR_ZONE_070,3,3.03,0.47,11,3,3,5,100.0,0,7.1,1,0,65.0,AMBER
SGR_ZONE_070,4,3.03,0.47,9,3,2,4,100.0,0,8.7,1,0,62.0,AMBER
SGR_ZONE_070,5,3.03,0.47,11,3,3,5,100.0,0,7.1,1,0,65.0,AMBER
SGR_ZONE_070,6,3.03,0.47,10,3,3,4,100.0,0,7.9,2,0,72.0,GREEN
SGR_ZONE_070,7,3.03,0.47,7,2,2,3,73.2,2,11.2,3,0,64.3,AMBER
SGR_ZONE_070,8,3.03,0.47,10,3,3,4,100.0,0,7.9,2,0,72.0,GREEN
SGR_ZONE_070,9,3.03,0.47,7,2,2,3,77.9,2,11.2,1,0,46.2,AMBER
SGR_ZONE_070,10,3.03,0.47,11,3,3,5,100.0,0,7.1,1,0,65.0,AMBER
SGR_ZONE_070,11,3.03,0.47,11,3,3,5,100.0,0,7.1,3,0,85.0,GREEN
SGR_ZONE_070,12,3.03,0.47,10,3,3,4,100.0,0,7.9,2,0,72.0,GREEN
SGR_ZONE_071,1,12.23,0.98,29,10,8,11,79.6,2,5.7,3,0,90.9,GREEN
SGR_ZONE_071,2,12.23,0.98,28,9,8,11,80.4,1,5.9,3,0,93.1,GREEN
SGR_ZONE_071,3,12.23,0.98,28,9,8,11,72.8,2,5.9,1,0,68.1,AMBER
SGR_ZONE_071,4,12.23,0.98,31,10,9,12,90.2,0,5.3,3,0,100.0,GREEN
SGR_ZONE_071,5,12.23,0.98,30,10,9,11,82.5,1,5.5,1,0,74.0,GREEN
SGR_ZONE_071,6,12.23,0.98,28,9,8,11,77.7,2,5.9,1,0,70.1,GREEN
SGR_ZONE_071,7,12.23,0.98,30,10,9,11,81.3,1,5.5,3,0,93.5,GREEN
SGR_ZONE_071,8,12.23,0.98,32,11,9,12,91.0,0,5.1,1,0,82.4,GREEN
SGR_ZONE_071,9,12.23,0.98,32,11,9,12,91.9,0,5.1,1,0,82.8,GREEN
SGR_ZONE_071,10,12.23,0.98,28,9,8,11,76.1,2,5.9,3,0,89.4,GREEN
SGR_ZONE_071,11,12.23,0.98,31,10,9,12,82.7,1,5.3,2,0,87.1,GREEN
SGR_ZONE_071,12,12.23,0.98,32,11,9,12,90.5,0,5.1,2,0,92.2,GREEN
SGR_ZONE_072,1,7.16,0.33,15,5,4,6,78.7,2,3.7,1,0,55.5,AMBER
SGR_ZONE_072,2,7.16,0.33,15,5,4,6,78.7,2,3.7,1,0,55.5,AMBER
SGR_ZONE_072,3,7.16,0.33,17,5,5,7,89.2,1,3.3,3,0,84.7,GREEN
SGR_ZONE_072,4,7.16,0.33,15,5,4,6,66.9,3,3.7,3,0,68.7,AMBER
SGR_ZONE_072,5,7.16,0.33,17,5,5,7,82.7,1,3.3,3,0,82.1,GREEN
SGR_ZONE_072,6,7.16,0.33,19,6,5,8,91.4,0,2.9,3,0,90.6,GREEN
SGR_ZONE_072,7,7.16,0.33,18,6,5,7,93.9,0,3.1,1,0,68.6,AMBER
SGR_ZONE_072,8,7.16,0.33,19,6,5,8,89.3,1,2.9,1,0,67.7,AMBER
SGR_ZONE_072,9,7.16,0.33,15,5,4,6,78.8,2,3.7,3,0,75.5,GREEN
SGR_ZONE_072,10,7.16,0.33,18,6,5,7,93.0,0,3.1,1,0,68.2,AMBER
SGR_ZONE_072,11,7.16,0.33,17,5,5,7,76.0,2,3.3,2,0,67.4,AMBER
SGR_ZONE_072,12,7.16,0.33,19,6,5,8,97.9,0,2.9,1,0,73.2,GREEN
SGR_ZONE_073,1,9.85,0.78,24,8,7,9,83.5,1,5.5,3,0,88.4,GREEN
SGR_ZONE_073,2,9.85,0.78,24,8,7,9,83.3,1,5.5,3,0,88.3,GREEN
SGR_ZONE_073,3,9.85,0.78,24,8,7,9,86.0,1,5.5,1,0,69.4,AMBER
SGR_ZONE_073,4,9.85,0.78,21,7,6,8,73.5,2,6.2,3,0,79.4,GREEN
SGR_ZONE_073,5,9.85,0.78,21,7,6,8,81.5,1,6.2,3,0,84.6,GREEN
SGR_ZONE_073,6,9.85,0.78,25,8,7,10,91.4,0,5.2,2,0,86.6,GREEN
SGR_ZONE_073,7,9.85,0.78,23,8,6,9,83.2,1,5.7,2,0,78.3,GREEN
SGR_ZONE_073,8,9.85,0.78,22,7,6,9,72.9,2,6.0,1,0,62.2,AMBER
SGR_ZONE_073,9,9.85,0.78,21,7,6,8,69.7,3,6.2,3,0,75.9,GREEN
SGR_ZONE_073,10,9.85,0.78,24,8,7,9,87.3,1,5.5,1,0,69.9,AMBER
SGR_ZONE_073,11,9.85,0.78,22,7,6,9,78.8,2,6.0,3,0,84.5,GREEN
SGR_ZONE_073,12,9.85,0.78,22,7,6,9,71.0,2,6.0,2,0,71.4,GREEN
SGR_ZONE_074,1,8.92,0.61,23,8,6,9,97.1,0,4.5,2,0,85.8,GREEN
SGR_ZONE_074,2,8.92,0.61,22,7,6,9,82.9,1,4.7,1,0,68.1,AMBER
SGR_ZONE_074,3,8.92,0.61,22,7,6,9,80.6,1,4.7,1,0,67.3,AMBER
SGR_ZONE_074,4,8.92,0.61,24,8,7,9,93.8,0,4.3,3,0,94.5,GREEN
SGR_ZONE_074,5,8.92,0.61,26,9,7,10,99.1,0,4.0,1,0,79.7,GREEN
SGR_ZONE_074,6,8.92,0.61,23,8,6,9,92.3,0,4.5,2,0,83.9,GREEN
SGR_ZONE_074,7,8.92,0.61,24,8,7,9,94.1,0,4.3,3,0,94.6,GREEN
SGR_ZONE_074,8,8.92,0.61,22,7,6,9,86.1,1,4.7,3,0,89.4,GREEN
SGR_ZONE_074,9,8.92,0.61,23,8,6,9,89.0,1,4.5,2,0,80.6,GREEN
SGR_ZONE_074,10,8.92,0.61,25,8,7,10,97.0,0,4.1,3,0,98.8,GREEN
SGR_ZONE_074,11,8.92,0.61,23,8,6,9,86.0,1,4.5,1,0,69.4,AMBER
SGR_ZONE_074,12,8.92,0.61,25,8,7,10,91.8,0,4.1,1,0,76.7,GREEN
SGR_ZONE_075,1,6.5,0.41,18,6,5,7,99.4,0,3.8,3,0,90.8,GREEN
SGR_ZONE_075,2,6.5,0.41,19,6,5,8,100.0,0,3.6,3,0,94.0,GREEN
SGR_ZONE_075,3,6.5,0.41,19,6,5,8,99.7,0,3.6,2,0,83.9,GREEN
SGR_ZONE_075,4,6.5,0.41,21,7,6,8,100.0,0,3.3,2,0,84.0,GREEN
SGR_ZONE_075,5,6.5,0.41,17,5,5,7,86.1,1,4.0,1,0,63.4,AMBER
SGR_ZONE_075,6,6.5,0.41,21,7,6,8,100.0,0,3.3,2,0,84.0,GREEN
SGR_ZONE_075,7,6.5,0.41,19,6,5,8,100.0,0,3.6,1,0,74.0,GREEN
SGR_ZONE_075,8,6.5,0.41,20,7,6,7,100.0,0,3.4,2,0,81.0,GREEN
SGR_ZONE_075,9,6.5,0.41,19,6,5,8,100.0,0,3.6,2,0,84.0,GREEN
SGR_ZONE_075,10,6.5,0.41,19,6,5,8,95.4,0,3.6,3,0,92.1,GREEN
SGR_ZONE_075,11,6.5,0.41,21,7,6,8,100.0,0,3.3,2,0,84.0,GREEN
SGR_ZONE_075,12,6.5,0.41,18,6,5,7,100.0,0,3.8,1,0,71.0,GREEN
SGR_ZONE_076,1,6.82,0.56,19,6,5,8,100.0,0,5.0,1,0,74.0,GREEN
SGR_ZONE_076,2,6.82,0.56,16,5,4,7,76.3,2,5.9,3,0,77.5,GREEN
SGR_ZONE_076,3,6.82,0.56,19,6,5,8,90.5,0,5.0,2,0,80.2,GREEN
SGR_ZONE_076,4,6.82,0.56,19,6,5,8,100.0,0,5.0,1,0,74.0,GREEN
SGR_ZONE_076,5,6.82,0.56,16,5,4,7,83.0,1,5.9,1,0,62.2,AMBER
SGR_ZONE_076,6,6.82,0.56,20,7,6,7,100.0,0,4.7,3,0,91.0,GREEN
SGR_ZONE_076,7,6.82,0.56,18,6,5,7,89.5,1,5.2,1,0,64.8,AMBER
SGR_ZONE_076,8,6.82,0.56,18,6,5,7,87.7,1,5.2,1,0,64.1,AMBER
SGR_ZONE_076,9,6.82,0.56,19,6,5,8,93.5,0,5.0,3,0,91.4,GREEN
SGR_ZONE_076,10,6.82,0.56,19,6,5,8,95.2,0,5.0,3,0,92.1,GREEN
SGR_ZONE_076,11,6.82,0.56,20,7,6,7,100.0,0,4.7,3,0,91.0,GREEN
SGR_ZONE_076,12,6.82,0.56,17,5,5,7,87.3,1,5.6,3,0,83.9,GREEN
SGR_ZONE_077,1,12.17,0.81,26,9,7,10,79.1,2,5.3,3,0,87.6,GREEN
SGR_ZONE_077,2,12.17,0.81,30,10,9,11,89.3,1,4.6,1,0,76.7,GREEN
SGR_ZONE_077,3,12.17,0.81,26,9,7,10,77.9,2,5.3,2,0,77.2,GREEN
SGR_ZONE_077,4,12.17,0.81,28,9,8,11,74.8,2,4.9,3,0,88.9,GREEN
SGR_ZONE_077,5,12.17,0.81,30,10,9,11,87.3,1,4.6,2,0,85.9,GREEN
SGR_ZONE_077,6,12.17,0.81,30,10,9,11,85.2,1,4.6,2,0,85.1,GREEN
SGR_ZONE_077,7,12.17,0.81,30,10,9,11,89.5,1,4.6,3,0,96.8,GREEN
SGR_ZONE_077,8,12.17,0.81,29,10,8,11,76.4,2,4.7,1,0,69.6,AMBER
SGR_ZONE_077,9,12.17,0.81,27,9,8,10,84.2,1,5.1,1,0,71.7,GREEN
SGR_ZONE_077,10,12.17,0.81,28,9,8,11,79.7,2,4.9,2,0,80.9,GREEN
SGR_ZONE_077,11,12.17,0.81,27,9,8,10,77.4,2,5.1,3,0,86.9,GREEN
SGR_ZONE_077,12,12.17,0.81,26,9,7,10,75.7,2,5.3,3,0,86.3,GREEN
SGR_ZONE_078,1,7.03,0.66,17,5,5,7,84.6,1,6.5,3,0,82.8,GREEN
SGR_ZONE_078,2,7.03,0.66,19,6,5,8,100.0,0,5.8,2,0,84.0,GREEN
SGR_ZONE_078,3,7.03,0.66,18,6,5,7,93.1,0,6.1,3,0,88.3,GREEN
SGR_ZONE_078,4,7.03,0.66,18,6,5,7,92.8,0,6.1,3,0,88.1,GREEN
SGR_ZONE_078,5,7.03,0.66,15,5,4,6,67.3,3,7.4,1,0,48.9,AMBER
SGR_ZONE_078,6,7.03,0.66,15,5,4,6,76.0,2,7.4,1,0,54.4,AMBER
SGR_ZONE_078,7,7.03,0.66,17,5,5,7,80.6,1,6.5,3,0,81.3,GREEN
SGR_ZONE_078,8,7.03,0.66,17,5,5,7,76.4,2,6.5,3,0,77.6,GREEN
SGR_ZONE_078,9,7.03,0.66,19,6,5,8,99.4,0,5.8,2,0,83.7,GREEN
SGR_ZONE_078,10,7.03,0.66,19,6,5,8,85.9,1,5.8,3,0,86.4,GREEN
SGR_ZONE_078,11,7.03,0.66,16,5,4,7,73.2,2,6.9,2,0,66.3,AMBER
SGR_ZONE_078,12,7.03,0.66,19,6,5,8,90.9,0,5.8,2,0,80.3,GREEN
SGR_ZONE_079,1,6.33,0.81,15,5,4,6,88.9,1,9.1,2,0,71.6,GREEN
SGR_ZONE_079,2,6.33,0.81,13,4,3,6,64.8,3,10.5,2,0,57.9,AMBER
SGR_ZONE_079,3,6.33,0.81,15,5,4,6,85.0,1,9.1,1,0,60.0,AMBER
SGR_ZONE_079,4,6.33,0.81,17,5,5,7,95.6,0,8.0,1,0,69.2,AMBER
SGR_ZONE_079,5,6.33,0.81,17,5,5,7,95.8,0,8.0,1,0,69.3,AMBER
SGR_ZONE_079,6,6.33,0.81,16,5,4,7,89.1,1,8.5,3,0,84.6,GREEN
SGR_ZONE_079,7,6.33,0.81,13,4,3,6,76.1,2,10.5,2,0,64.4,AMBER
SGR_ZONE_079,8,6.33,0.81,13,4,3,6,74.3,2,10.5,2,0,63.7,AMBER
SGR_ZONE_079,9,6.33,0.81,16,5,4,7,85.3,1,8.5,2,0,73.1,GREEN
SGR_ZONE_079,10,6.33,0.81,15,5,4,6,79.2,2,9.1,3,0,75.7,GREEN
SGR_ZONE_079,11,6.33,0.81,16,5,4,7,87.9,1,8.5,2,0,74.1,GREEN
SGR_ZONE_079,12,6.33,0.81,17,5,5,7,98.8,0,8.0,3,0,90.5,GREEN
SGR_ZONE_080,1,13.3,0.78,28,9,8,11,78.7,2,4.7,2,0,80.5,GREEN
SGR_ZONE_080,2,13.3,0.78,30,10,9,11,74.1,2,4.4,2,0,78.6,GREEN
SGR_ZONE_080,3,13.3,0.78,31,10,9,12,84.5,1,4.2,3,0,97.8,GREEN
SGR_ZONE_080,4,13.3,0.78,30,10,9,11,84.9,1,4.4,3,0,94.9,GREEN
SGR_ZONE_080,5,13.3,0.78,29,10,8,11,69.7,3,4.5,3,0,84.9,GREEN
SGR_ZONE_080,6,13.3,0.78,31,10,9,12,87.1,1,4.2,1,0,78.8,GREEN
SGR_ZONE_080,7,13.3,0.78,27,9,8,10,67.5,3,4.8,1,0,61.0,AMBER
SGR_ZONE_080,8,13.3,0.78,31,10,9,12,77.7,2,4.2,3,0,93.1,GREEN
SGR_ZONE_080,9,13.3,0.78,27,9,8,10,75.6,2,4.8,3,0,86.2,GREEN
SGR_ZONE_080,10,13.3,0.78,27,9,8,10,75.0,2,4.8,2,0,76.0,GREEN
SGR_ZONE_080,11,13.3,0.78,28,9,8,11,75.6,2,4.7,2,0,79.2,GREEN
SGR_ZONE_080,12,13.3,0.78,30,10,9,11,81.5,1,4.4,2,0,83.6,GREEN
SGR_ZONE_081,1,5.15,0.8,18,6,5,7,100.0,0,7.5,2,0,81.0,GREEN
SGR_ZONE_081,2,5.15,0.8,17,5,5,7,100.0,0,7.9,3,0,91.0,GREEN
SGR_ZONE_081,3,5.15,0.8,15,5,4,6,100.0,0,9.0,3,0,88.0,GREEN
SGR_ZONE_081,4,5.15,0.8,15,5,4,6,97.0,0,9.0,2,0,76.8,GREEN
SGR_ZONE_081,5,5.15,0.8,16,5,4,7,100.0,0,8.4,1,0,71.0,GREEN
SGR_ZONE_081,6,5.15,0.8,14,4,4,6,88.3,1,9.6,2,0,71.3,GREEN
SGR_ZONE_081,7,5.15,0.8,18,6,5,7,100.0,0,7.5,2,0,81.0,GREEN
SGR_ZONE_081,8,5.15,0.8,14,4,4,6,89.3,1,9.6,2,0,71.7,GREEN
SGR_ZONE_081,9,5.15,0.8,14,4,4,6,93.4,0,9.6,1,0,65.4,AMBER
SGR_ZONE_081,10,5.15,0.8,18,6,5,7,100.0,0,7.5,1,0,71.0,GREEN
SGR_ZONE_081,11,5.15,0.8,14,4,4,6,90.3,0,9.6,1,0,64.1,AMBER
SGR_ZONE_081,12,5.15,0.8,16,5,4,7,100.0,0,8.4,2,0,81.0,GREEN
SGR_ZONE_082,1,13.59,0.6,31,10,9,12,82.6,1,3.3,1,0,77.1,GREEN
SGR_ZONE_082,2,13.59,0.6,29,10,8,11,68.1,3,3.5,1,0,64.3,AMBER
SGR_ZONE_082,3,13.59,0.6,28,9,8,11,79.0,2,3.6,1,0,70.6,GREEN
SGR_ZONE_082,4,13.59,0.6,29,10,8,11,69.6,3,3.5,1,0,64.8,AMBER
SGR_ZONE_082,5,13.59,0.6,32,11,9,12,88.1,1,3.2,1,0,79.3,GREEN
SGR_ZONE_082,6,13.59,0.6,28,9,8,11,69.2,3,3.6,3,0,84.7,GREEN
SGR_ZONE_082,7,13.59,0.6,28,9,8,11,75.1,2,3.6,1,0,69.1,AMBER
SGR_ZONE_082,8,13.59,0.6,28,9,8,11,66.6,3,3.6,3,0,83.6,GREEN
SGR_ZONE_082,9,13.59,0.6,30,10,9,11,79.7,2,3.4,2,0,80.9,GREEN
SGR_ZONE_082,10,13.59,0.6,28,9,8,11,70.4,2,3.6,3,0,87.2,GREEN
SGR_ZONE_082,11,13.59,0.6,31,10,9,12,85.5,1,3.3,3,0,98.2,GREEN
SGR_ZONE_082,12,13.59,0.6,29,10,8,11,77.0,2,3.5,3,0,89.8,GREEN
SGR_ZONE_083,1,6.81,0.34,18,6,5,7,91.2,0,3.1,1,0,67.5,AMBER
SGR_ZONE_083,2,6.81,0.34,17,5,5,7,92.8,0,3.3,1,0,68.1,AMBER
SGR_ZONE_083,3,6.81,0.34,14,4,4,6,78.0,2,4.0,2,0,65.2,AMBER
SGR_ZONE_083,4,6.81,0.34,14,4,4,6,76.9,2,4.0,3,0,74.8,GREEN
SGR_ZONE_083,5,6.81,0.34,18,6,5,7,85.5,1,3.1,1,0,63.2,AMBER
SGR_ZONE_083,6,6.81,0.34,17,5,5,7,91.1,0,3.3,2,0,77.4,GREEN
SGR_ZONE_083,7,6.81,0.34,17,5,5,7,80.8,1,3.3,2,0,71.3,GREEN
SGR_ZONE_083,8,6.81,0.34,14,4,4,6,78.4,2,4.0,3,0,75.3,GREEN
SGR_ZONE_083,9,6.81,0.34,16,5,4,7,85.0,1,3.5,1,0,63.0,AMBER
SGR_ZONE_083,10,6.81,0.34,15,5,4,6,78.2,2,3.8,3,0,75.3,GREEN
SGR_ZONE_083,11,6.81,0.34,18,6,5,7,95.3,0,3.1,1,0,69.1,AMBER
SGR_ZONE_083,12,6.81,0.34,18,6,5,7,98.7,0,3.1,2,0,80.5,GREEN
SGR_ZONE_084,1,2.25,0.39,8,2,2,4,100.0,0,8.1,3,0,82.0,GREEN
SGR_ZONE_084,2,2.25,0.39,6,2,1,3,100.0,0,10.8,1,0,59.0,AMBER
SGR_ZONE_084,3,2.25,0.39,8,2,2,4,100.0,0,8.1,2,0,72.0,GREEN
SGR_ZONE_084,4,2.25,0.39,9,3,2,4,100.0,0,7.2,1,0,62.0,AMBER
SGR_ZONE_084,5,2.25,0.39,9,3,2,4,100.0,0,7.2,3,0,82.0,GREEN
SGR_ZONE_084,6,2.25,0.39,6,2,1,3,100.0,0,10.8,2,0,69.0,AMBER
SGR_ZONE_084,7,2.25,0.39,9,3,2,4,100.0,0,7.2,1,0,62.0,AMBER
SGR_ZONE_084,8,2.25,0.39,7,2,2,3,100.0,0,9.3,2,0,69.0,AMBER
SGR_ZONE_084,9,2.25,0.39,6,2,1,3,96.8,0,10.8,2,0,67.7,AMBER
SGR_ZONE_084,10,2.25,0.39,10,3,3,4,100.0,0,6.5,3,0,82.0,GREEN
SGR_ZONE_084,11,2.25,0.39,7,2,2,3,100.0,0,9.3,1,0,59.0,AMBER
SGR_ZONE_084,12,2.25,0.39,9,3,2,4,100.0,0,7.2,3,0,82.0,GREEN
SGR_ZONE_085,1,10.62,0.68,27,9,8,10,82.5,1,4.3,3,0,91.0,GREEN
SGR_ZONE_085,2,10.62,0.68,25,8,7,10,84.7,1,4.6,1,0,71.9,GREEN
SGR_ZONE_085,3,10.62,0.68,27,9,8,10,86.6,1,4.3,3,0,92.7,GREEN
SGR_ZONE_085,4,10.62,0.68,29,10,8,11,92.0,0,4.0,2,0,89.8,GREEN
SGR_ZONE_085,5,10.62,0.68,26,9,7,10,86.1,1,4.4,3,0,92.5,GREEN
SGR_ZONE_085,6,10.62,0.68,28,9,8,11,92.4,0,4.1,2,0,90.0,GREEN
SGR_ZONE_085,7,10.62,0.68,28,9,8,11,99.7,0,4.1,1,0,82.9,GREEN
SGR_ZONE_085,8,10.62,0.68,29,10,8,11,96.5,0,4.0,2,0,91.6,GREEN
SGR_ZONE_085,9,10.62,0.68,27,9,8,10,96.5,0,4.3,2,0,88.6,GREEN
SGR_ZONE_085,10,10.62,0.68,25,8,7,10,78.7,2,4.6,2,0,77.5,GREEN
SGR_ZONE_085,11,10.62,0.68,28,9,8,11,94.6,0,4.1,1,0,80.8,GREEN
SGR_ZONE_085,12,10.62,0.68,26,9,7,10,91.6,0,4.4,3,0,96.6,GREEN
SGR_ZONE_086,1,9.52,0.4,27,9,8,10,97.3,0,2.5,3,0,98.9,GREEN
SGR_ZONE_086,2,9.52,0.4,26,9,7,10,100.0,0,2.6,3,0,100.0,GREEN
SGR_ZONE_086,3,9.52,0.4,27,9,8,10,96.5,0,2.5,2,0,88.6,GREEN
SGR_ZONE_086,4,9.52,0.4,27,9,8,10,99.5,0,2.5,3,0,99.8,GREEN
SGR_ZONE_086,5,9.52,0.4,24,8,7,9,91.1,0,2.8,2,0,83.4,GREEN
SGR_ZONE_086,6,9.52,0.4,24,8,7,9,94.7,0,2.8,1,0,74.9,GREEN
SGR_ZONE_086,7,9.52,0.4,26,9,7,10,88.5,1,2.6,1,0,73.4,GREEN
SGR_ZONE_086,8,9.52,0.4,25,8,7,10,88.8,1,2.7,2,0,83.5,GREEN
SGR_ZONE_086,9,9.52,0.4,28,9,8,11,100.0,0,2.4,2,0,93.0,GREEN
SGR_ZONE_086,10,9.52,0.4,28,9,8,11,100.0,0,2.4,2,0,93.0,GREEN
SGR_ZONE_086,11,9.52,0.4,25,8,7,10,92.5,0,2.7,2,0,87.0,GREEN
SGR_ZONE_086,12,9.52,0.4,28,9,8,11,100.0,0,2.4,3,0,100.0,GREEN
SGR_ZONE_087,1,4.15,0.61,16,5,4,7,100.0,0,6.4,1,0,71.0,GREEN
SGR_ZONE_087,2,4.15,0.61,12,4,3,5,100.0,0,8.6,1,0,65.0,AMBER
SGR_ZONE_087,3,4.15,0.61,13,4,3,6,100.0,0,7.9,2,0,78.0,GREEN
SGR_ZONE_087,4,4.15,0.61,12,4,3,5,98.0,0,8.6,3,0,84.2,GREEN
SGR_ZONE_087,5,4.15,0.61,15,5,4,6,100.0,0,6.9,3,0,88.0,GREEN
SGR_ZONE_087,6,4.15,0.61,13,4,3,6,100.0,0,7.9,3,0,88.0,GREEN
SGR_ZONE_087,7,4.15,0.61,16,5,4,7,100.0,0,6.4,3,0,91.0,GREEN
SGR_ZONE_087,8,4.15,0.61,13,4,3,6,100.0,0,7.9,3,0,88.0,GREEN
SGR_ZONE_087,9,4.15,0.61,16,5,4,7,100.0,0,6.4,2,0,81.0,GREEN
SGR_ZONE_087,10,4.15,0.61,12,4,3,5,100.0,0,8.6,1,0,65.0,AMBER
SGR_ZONE_087,11,4.15,0.61,13,4,3,6,100.0,0,7.9,1,0,68.0,AMBER
SGR_ZONE_087,12,4.15,0.61,13,4,3,6,100.0,0,7.9,3,0,88.0,GREEN
SGR_ZONE_088,1,5.02,0.62,13,4,3,6,96.1,0,8.0,2,0,76.4,GREEN
SGR_ZONE_088,2,5.02,0.62,15,5,4,6,100.0,0,7.0,1,0,68.0,AMBER
SGR_ZONE_088,3,5.02,0.62,15,5,4,6,95.1,0,7.0,1,0,66.1,AMBER
SGR_ZONE_088,4,5.02,0.62,14,4,4,6,100.0,0,7.4,2,0,78.0,GREEN
SGR_ZONE_088,5,5.02,0.62,13,4,3,6,82.4,1,8.0,2,0,68.9,AMBER
SGR_ZONE_088,6,5.02,0.62,14,4,4,6,91.0,0,7.4,3,0,84.4,GREEN
SGR_ZONE_088,7,5.02,0.62,13,4,3,6,85.5,1,8.0,3,0,80.2,GREEN
SGR_ZONE_088,8,5.02,0.62,11,3,3,5,74.4,2,9.5,1,0,50.7,AMBER
SGR_ZONE_088,9,5.02,0.62,15,5,4,6,96.8,0,7.0,1,0,66.7,AMBER
SGR_ZONE_088,10,5.02,0.62,13,4,3,6,96.0,0,8.0,1,0,66.4,AMBER
SGR_ZONE_088,11,5.02,0.62,11,3,3,5,79.7,2,9.5,1,0,52.9,AMBER
SGR_ZONE_088,12,5.02,0.62,13,4,3,6,87.6,1,8.0,1,0,61.0,AMBER
SGR_ZONE_089,1,2.42,0.34,8,2,2,4,100.0,0,7.1,2,0,72.0,GREEN
SGR_ZONE_089,2,2.42,0.34,11,3,3,5,100.0,0,5.2,1,0,65.0,AMBER
SGR_ZONE_089,3,2.42,0.34,9,3,2,4,100.0,0,6.4,1,0,62.0,AMBER
SGR_ZONE_089,4,2.42,0.34,8,2,2,4,100.0,0,7.1,2,0,72.0,GREEN
SGR_ZONE_089,5,2.42,0.34,11,3,3,5,100.0,0,5.2,3,0,85.0,GREEN
SGR_ZONE_089,6,2.42,0.34,8,2,2,4,100.0,0,7.1,1,0,62.0,AMBER
SGR_ZONE_089,7,2.42,0.34,7,2,2,3,98.4,0,8.2,1,0,58.4,AMBER
SGR_ZONE_089,8,2.42,0.34,7,2,2,3,97.2,0,8.2,1,0,57.9,AMBER
SGR_ZONE_089,9,2.42,0.34,7,2,2,3,100.0,0,8.2,1,0,59.0,AMBER
SGR_ZONE_089,10,2.42,0.34,9,3,2,4,100.0,0,6.4,1,0,62.0,AMBER
SGR_ZONE_089,11,2.42,0.34,9,3,2,4,100.0,0,6.4,3,0,82.0,GREEN
SGR_ZONE_089,12,2.42,0.34,9,3,2,4,100.0,0,6.4,3,0,82.0,GREEN
SGR_ZONE_090,1,13.62,0.96,36,12,10,14,96.4,0,4.5,3,0,100.0,GREEN
SGR_ZONE_090,2,13.62,0.96,33,11,9,13,90.8,0,4.9,2,0,95.3,GREEN
SGR_ZONE_090,3,13.62,0.96,35,12,10,13,85.6,1,4.6,1,0,81.2,GREEN
SGR_ZONE_090,4,13.62,0.96,34,11,10,13,88.9,1,4.8,2,0,92.6,GREEN
SGR_ZONE_090,5,13.62,0.96,35,12,10,13,92.0,0,4.6,3,0,100.0,GREEN
SGR_ZONE_090,6,13.62,0.96,35,12,10,13,86.9,1,4.6,3,0,100.0,GREEN
SGR_ZONE_090,7,13.62,0.96,36,12,10,14,91.9,0,4.5,3,0,100.0,GREEN
SGR_ZONE_090,8,13.62,0.96,34,11,10,13,92.5,0,4.8,1,0,86.0,GREEN
SGR_ZONE_090,9,13.62,0.96,35,12,10,13,92.9,0,4.6,2,0,96.2,GREEN
SGR_ZONE_090,10,13.62,0.96,35,12,10,13,84.8,1,4.6,1,0,80.9,GREEN
SGR_ZONE_090,11,13.62,0.96,32,11,9,12,83.1,1,5.1,3,0,97.2,GREEN
SGR_ZONE_090,12,13.62,0.96,36,12,10,14,85.6,1,4.5,2,0,94.2,GREEN
SGR_ZONE_091,1,9.11,0.67,23,8,6,9,81.1,1,4.9,2,0,77.4,GREEN
SGR_ZONE_091,2,9.11,0.67,27,9,8,10,100.0,0,4.2,3,0,100.0,GREEN
SGR_ZONE_091,3,9.11,0.67,27,9,8,10,99.6,0,4.2,3,0,99.8,GREEN
SGR_ZONE_091,4,9.11,0.67,25,8,7,10,88.4,1,4.5,2,0,83.3,GREEN
SGR_ZONE_091,5,9.11,0.67,25,8,7,10,97.5,0,4.5,3,0,99.0,GREEN
SGR_ZONE_091,6,9.11,0.67,23,8,6,9,92.9,0,4.9,3,0,94.2,GREEN
SGR_ZONE_091,7,9.11,0.67,24,8,7,9,88.4,1,4.7,2,0,80.4,GREEN
SGR_ZONE_091,8,9.11,0.67,27,9,8,10,100.0,0,4.2,3,0,100.0,GREEN
SGR_ZONE_091,9,9.11,0.67,25,8,7,10,90.3,0,4.5,2,0,86.1,GREEN
SGR_ZONE_091,10,9.11,0.67,25,8,7,10,100.0,0,4.5,3,0,100.0,GREEN
SGR_ZONE_091,11,9.11,0.67,27,9,8,10,100.0,0,4.2,1,0,80.0,GREEN
SGR_ZONE_091,12,9.11,0.67,25,8,7,10,93.8,0,4.5,2,0,87.5,GREEN
SGR_ZONE_092,1,11.22,0.42,23,8,6,9,79.0,2,3.0,2,0,74.6,GREEN
SGR_ZONE_092,2,11.22,0.42,23,8,6,9,70.1,2,3.0,3,0,81.0,GREEN
SGR_ZONE_092,3,11.22,0.42,23,8,6,9,66.6,3,3.0,1,0,57.7,AMBER
SGR_ZONE_092,4,11.22,0.42,23,8,6,9,72.4,2,3.0,1,0,62.0,AMBER
SGR_ZONE_092,5,11.22,0.42,25,8,7,10,76.3,2,2.8,1,0,66.5,AMBER
SGR_ZONE_092,6,11.22,0.42,24,8,7,9,78.2,2,2.9,3,0,84.3,GREEN
SGR_ZONE_092,7,11.22,0.42,25,8,7,10,82.8,1,2.8,3,0,91.1,GREEN
SGR_ZONE_092,8,11.22,0.42,24,8,7,9,78.7,2,2.9,2,0,74.5,GREEN
SGR_ZONE_092,9,11.22,0.42,23,8,6,9,68.8,3,3.0,3,0,78.5,GREEN
SGR_ZONE_092,10,11.22,0.42,23,8,6,9,67.6,3,3.0,1,0,58.1,AMBER
SGR_ZONE_092,11,11.22,0.42,26,9,7,10,88.5,1,2.7,3,0,93.4,GREEN
SGR_ZONE_092,12,11.22,0.42,23,8,6,9,75.2,2,3.0,3,0,83.1,GREEN
SGR_ZONE_093,1,7.66,0.68,18,6,5,7,84.1,1,6.4,2,0,72.6,GREEN
SGR_ZONE_093,2,7.66,0.68,16,5,4,7,68.1,3,7.2,3,0,72.2,GREEN
SGR_ZONE_093,3,7.66,0.68,17,5,5,7,81.5,1,6.8,2,0,71.6,GREEN
SGR_ZONE_093,4,7.66,0.68,20,7,6,7,87.4,1,5.7,3,0,83.9,GREEN
SGR_ZONE_093,5,7.66,0.68,20,7,6,7,98.2,0,5.7,1,0,70.3,GREEN
SGR_ZONE_093,6,7.66,0.68,16,5,4,7,82.2,1,7.2,3,0,81.9,GREEN
SGR_ZONE_093,7,7.66,0.68,20,7,6,7,93.5,0,5.7,3,0,88.4,GREEN
SGR_ZONE_093,8,7.66,0.68,20,7,6,7,100.0,0,5.7,2,0,81.0,GREEN
SGR_ZONE_093,9,7.66,0.68,18,6,5,7,91.1,0,6.4,3,0,87.4,GREEN
SGR_ZONE_093,10,7.66,0.68,18,6,5,7,89.8,1,6.4,3,0,84.9,GREEN
SGR_ZONE_093,11,7.66,0.68,19,6,5,8,90.7,0,6.1,2,0,80.3,GREEN
SGR_ZONE_093,12,7.66,0.68,18,6,5,7,84.3,1,6.4,3,0,82.7,GREEN
SGR_ZONE_094,1,6.07,0.95,16,5,4,7,93.3,0,10.0,1,0,68.3,AMBER
SGR_ZONE_094,2,6.07,0.95,14,4,4,6,73.1,2,11.5,1,0,53.2,AMBER
SGR_ZONE_094,3,6.07,0.95,16,5,4,7,86.8,1,10.0,1,0,63.7,AMBER
SGR_ZONE_094,4,6.07,0.95,14,4,4,6,79.2,2,11.5,2,0,65.7,AMBER
SGR_ZONE_094,5,6.07,0.95,18,6,5,7,96.0,0,8.9,3,0,89.4,GREEN
SGR_ZONE_094,6,6.07,0.95,14,4,4,6,77.1,2,11.5,1,0,54.8,AMBER
SGR_ZONE_094,7,6.07,0.95,16,5,4,7,94.1,0,10.0,3,0,88.6,GREEN
SGR_ZONE_094,8,6.07,0.95,15,5,4,6,81.4,1,10.7,3,0,78.6,GREEN
SGR_ZONE_094,9,6.07,0.95,17,5,5,7,100.0,0,9.4,2,0,81.0,GREEN
SGR_ZONE_094,10,6.07,0.95,16,5,4,7,95.7,0,10.0,1,0,69.3,AMBER
SGR_ZONE_094,11,6.07,0.95,17,5,5,7,93.6,0,9.4,2,0,78.4,GREEN
SGR_ZONE_094,12,6.07,0.95,15,5,4,6,92.1,0,10.7,2,0,74.8,GREEN
SGR_ZONE_095,1,7.85,0.98,18,6,5,7,75.0,2,9.2,2,0,67.0,AMBER
SGR_ZONE_095,2,7.85,0.98,17,5,5,7,80.0,2,9.7,2,0,69.0,AMBER
SGR_ZONE_095,3,7.85,0.98,20,7,6,7,88.3,1,8.3,3,0,84.3,GREEN
SGR_ZONE_095,4,7.85,0.98,17,5,5,7,74.9,2,9.7,3,0,77.0,GREEN
SGR_ZONE_095,5,7.85,0.98,19,6,5,8,80.7,1,8.7,1,0,64.3,AMBER
SGR_ZONE_095,6,7.85,0.98,19,6,5,8,81.6,1,8.7,2,0,74.7,GREEN
SGR_ZONE_095,7,7.85,0.98,18,6,5,7,82.3,1,9.2,3,0,81.9,GREEN
SGR_ZONE_095,8,7.85,0.98,19,6,5,8,78.7,2,8.7,2,0,71.5,GREEN
SGR_ZONE_095,9,7.85,0.98,20,7,6,7,86.4,1,8.3,2,0,73.6,GREEN
SGR_ZONE_095,10,7.85,0.98,20,7,6,7,90.9,0,8.3,3,0,87.4,GREEN
SGR_ZONE_095,11,7.85,0.98,18,6,5,7,77.3,2,9.2,2,0,67.9,AMBER
SGR_ZONE_095,12,7.85,0.98,19,6,5,8,83.2,1,8.7,3,0,85.3,GREEN
SGR_ZONE_096,1,10.79,0.79,24,8,7,9,74.1,2,5.6,2,0,72.6,GREEN
SGR_ZONE_096,2,10.79,0.79,26,9,7,10,78.9,2,5.1,3,0,87.5,GREEN
SGR_ZONE_096,3,10.79,0.79,23,8,6,9,73.6,2,5.8,1,0,62.4,AMBER
SGR_ZONE_096,4,10.79,0.79,24,8,7,9,81.0,1,5.6,1,0,67.4,AMBER
SGR_ZONE_096,5,10.79,0.79,24,8,7,9,81.6,1,5.6,2,0,77.6,GREEN
SGR_ZONE_096,6,10.79,0.79,22,7,6,9,64.5,3,6.1,1,0,56.8,AMBER
SGR_ZONE_096,7,10.79,0.79,22,7,6,9,69.5,3,6.1,3,0,78.8,GREEN
SGR_ZONE_096,8,10.79,0.79,22,7,6,9,71.9,2,6.1,3,0,81.8,GREEN
SGR_ZONE_096,9,10.79,0.79,22,7,6,9,67.1,3,6.1,1,0,57.8,AMBER
SGR_ZONE_096,10,10.79,0.79,26,9,7,10,85.5,1,5.1,2,0,82.2,GREEN
SGR_ZONE_096,11,10.79,0.79,22,7,6,9,71.2,2,6.1,3,0,81.5,GREEN
SGR_ZONE_096,12,10.79,0.79,23,8,6,9,68.3,3,5.8,3,0,78.3,GREEN
SGR_ZONE_097,1,3.1,0.87,14,4,4,6,100.0,0,10.4,3,0,88.0,GREEN
SGR_ZONE_097,2,3.1,0.87,11,3,3,5,100.0,0,13.2,1,0,65.0,AMBER
SGR_ZONE_097,3,3.1,0.87,12,4,3,5,100.0,0,12.1,2,0,75.0,GREEN
SGR_ZONE_097,4,3.1,0.87,11,3,3,5,100.0,0,13.2,3,0,85.0,GREEN
SGR_ZONE_097,5,3.1,0.87,10,3,3,4,100.0,0,14.5,3,0,82.0,GREEN
SGR_ZONE_097,6,3.1,0.87,13,4,3,6,100.0,0,11.2,3,0,88.0,GREEN
SGR_ZONE_097,7,3.1,0.87,10,3,3,4,100.0,0,14.5,1,0,62.0,AMBER
SGR_ZONE_097,8,3.1,0.87,12,4,3,5,100.0,0,12.1,3,0,85.0,GREEN
SGR_ZONE_097,9,3.1,0.87,14,4,4,6,100.0,0,10.4,2,0,78.0,GREEN
SGR_ZONE_097,10,3.1,0.87,11,3,3,5,100.0,0,13.2,2,0,75.0,GREEN
SGR_ZONE_097,11,3.1,0.87,11,3,3,5,100.0,0,13.2,3,0,85.0,GREEN
SGR_ZONE_097,12,3.1,0.87,12,4,3,5,100.0,0,12.1,3,0,85.0,GREEN
SGR_ZONE_098,1,9.08,0.44,20,7,6,7,72.9,2,3.7,3,0,76.1,GREEN
SGR_ZONE_098,2,9.08,0.44,22,7,6,9,88.0,1,3.4,1,0,70.2,GREEN
SGR_ZONE_098,3,9.08,0.44,20,7,6,7,72.2,2,3.7,3,0,75.9,GREEN
SGR_ZONE_098,4,9.08,0.44,20,7,6,7,74.1,2,3.7,1,0,56.6,AMBER
SGR_ZONE_098,5,9.08,0.44,24,8,7,9,93.9,0,3.1,3,0,94.6,GREEN
SGR_ZONE_098,6,9.08,0.44,24,8,7,9,90.1,0,3.1,2,0,83.0,GREEN
SGR_ZONE_098,7,9.08,0.44,22,7,6,9,86.1,1,3.4,2,0,79.4,GREEN
SGR_ZONE_098,8,9.08,0.44,21,7,6,8,80.3,1,3.5,2,0,74.1,GREEN
SGR_ZONE_098,9,9.08,0.44,23,8,6,9,82.4,1,3.2,3,0,87.9,GREEN
SGR_ZONE_098,10,9.08,0.44,23,8,6,9,86.5,1,3.2,3,0,89.6,GREEN
SGR_ZONE_098,11,9.08,0.44,22,7,6,9,85.5,1,3.4,1,0,69.2,AMBER
SGR_ZONE_098,12,9.08,0.44,23,8,6,9,89.0,1,3.2,3,0,90.6,GREEN
SGR_ZONE_099,1,2.73,0.64,12,4,3,5,100.0,0,9.0,3,0,85.0,GREEN
SGR_ZONE_099,2,2.73,0.64,11,3,3,5,100.0,0,9.8,2,0,75.0,GREEN
SGR_ZONE_099,3,2.73,0.64,9,3,2,4,100.0,0,12.0,2,0,72.0,GREEN
SGR_ZONE_099,4,2.73,0.64,13,4,3,6,100.0,0,8.3,1,0,68.0,AMBER
SGR_ZONE_099,5,2.73,0.64,9,3,2,4,100.0,0,12.0,1,0,62.0,AMBER
SGR_ZONE_099,6,2.73,0.64,10,3,3,4,100.0,0,10.8,1,0,62.0,AMBER
SGR_ZONE_099,7,2.73,0.64,12,4,3,5,100.0,0,9.0,1,0,65.0,AMBER
SGR_ZONE_099,8,2.73,0.64,9,3,2,4,100.0,0,12.0,3,0,82.0,GREEN
SGR_ZONE_099,9,2.73,0.64,10,3,3,4,100.0,0,10.8,1,0,62.0,AMBER
SGR_ZONE_099,10,2.73,0.64,13,4,3,6,100.0,0,8.3,1,0,68.0,AMBER
SGR_ZONE_099,11,2.73,0.64,13,4,3,6,100.0,0,8.3,3,0,88.0,GREEN
SGR_ZONE_099,12,2.73,0.64,13,4,3,6,100.0,0,8.3,2,0,78.0,GREEN
SGR_ZONE_100,1,6.86,0.49,14,4,4,6,66.5,3,5.9,1,0,48.6,AMBER
SGR_ZONE_100,2,6.86,0.49,16,5,4,7,87.4,1,5.1,3,0,84.0,GREEN
SGR_ZONE_100,3,6.86,0.49,14,4,4,6,77.9,2,5.9,2,0,65.2,AMBER
SGR_ZONE_100,4,6.86,0.49,14,4,4,6,70.2,2,5.9,3,0,72.1,GREEN
SGR_ZONE_100,5,6.86,0.49,14,4,4,6,65.2,3,5.9,1,0,48.1,AMBER
SGR_ZONE_100,6,6.86,0.49,18,6,5,7,91.9,0,4.6,3,0,87.8,GREEN
SGR_ZONE_100,7,6.86,0.49,18,6,5,7,95.8,0,4.6,3,0,89.3,GREEN
SGR_ZONE_100,8,6.86,0.49,18,6,5,7,87.5,1,4.6,1,0,64.0,AMBER
SGR_ZONE_100,9,6.86,0.49,15,5,4,6,78.0,2,5.5,2,0,65.2,AMBER
SGR_ZONE_100,10,6.86,0.49,14,4,4,6,70.2,2,5.9,2,0,62.1,AMBER
SGR_ZONE_100,11,6.86,0.49,16,5,4,7,86.0,1,5.1,3,0,83.4,GREEN
SGR_ZONE_100,12,6.86,0.49,15,5,4,6,75.3,2,5.5,3,0,74.1,GREEN
SGR_ZONE_101,1,4.89,0.66,15,5,4,6,100.0,0,7.4,3,0,88.0,GREEN
SGR_ZONE_101,2,4.89,0.66,15,5,4,6,100.0,0,7.4,2,0,78.0,GREEN
SGR_ZONE_101,3,4.89,0.66,16,5,4,7,100.0,0,7.0,3,0,91.0,GREEN
SGR_ZONE_101,4,4.89,0.66,17,5,5,7,100.0,0,6.6,1,0,71.0,GREEN
SGR_ZONE_101,5,4.89,0.66,13,4,3,6,96.0,0,8.6,2,0,76.4,GREEN
SGR_ZONE_101,6,4.89,0.66,14,4,4,6,97.6,0,8.0,2,0,77.0,GREEN
SGR_ZONE_101,7,4.89,0.66,14,4,4,6,100.0,0,8.0,2,0,78.0,GREEN
SGR_ZONE_101,8,4.89,0.66,13,4,3,6,97.3,0,8.6,3,0,86.9,GREEN
SGR_ZONE_101,9,4.89,0.66,17,5,5,7,100.0,0,6.6,1,0,71.0,GREEN
SGR_ZONE_101,10,4.89,0.66,17,5,5,7,100.0,0,6.6,2,0,81.0,GREEN
SGR_ZONE_101,11,4.89,0.66,13,4,3,6,91.0,0,8.6,1,0,64.4,AMBER
SGR_ZONE_101,12,4.89,0.66,14,4,4,6,100.0,0,8.0,3,0,88.0,GREEN
SGR_ZONE_102,1,12.05,0.97,25,8,7,10,73.6,2,6.5,3,0,85.4,GREEN
SGR_ZONE_102,2,12.05,0.97,25,8,7,10,74.5,2,6.5,3,0,85.8,GREEN
SGR_ZONE_102,3,12.05,0.97,29,10,8,11,85.0,1,5.6,2,0,85.0,GREEN
SGR_ZONE_102,4,12.05,0.97,28,9,8,11,86.0,1,5.8,2,0,85.4,GREEN
SGR_ZONE_102,5,12.05,0.97,28,9,8,11,83.2,1,5.8,1,0,74.3,GREEN
SGR_ZONE_102,6,12.05,0.97,29,10,8,11,87.9,1,5.6,1,0,76.2,GREEN
SGR_ZONE_102,7,12.05,0.97,27,9,8,10,71.9,2,6.0,2,0,74.8,GREEN
SGR_ZONE_102,8,12.05,0.97,25,8,7,10,72.4,2,6.5,1,0,65.0,AMBER
SGR_ZONE_102,9,12.05,0.97,27,9,8,10,82.3,1,6.0,1,0,70.9,GREEN
SGR_ZONE_102,10,12.05,0.97,29,10,8,11,82.8,1,5.6,3,0,94.1,GREEN
SGR_ZONE_102,11,12.05,0.97,29,10,8,11,81.7,1,5.6,1,0,73.7,GREEN
SGR_ZONE_102,12,12.05,0.97,26,9,7,10,80.7,1,6.2,2,0,80.3,GREEN
SGR_ZONE_103,1,2.87,0.91,9,3,2,4,100.0,0,17.1,3,0,82.0,GREEN
SGR_ZONE_103,2,2.87,0.91,12,4,3,5,100.0,0,12.8,1,0,65.0,AMBER
SGR_ZONE_103,3,2.87,0.91,13,4,3,6,100.0,0,11.8,1,0,68.0,AMBER
SGR_ZONE_103,4,2.87,0.91,13,4,3,6,100.0,0,11.8,1,0,68.0,AMBER
SGR_ZONE_103,5,2.87,0.91,11,3,3,5,100.0,0,14.0,3,0,85.0,GREEN
SGR_ZONE_103,6,2.87,0.91,11,3,3,5,100.0,0,14.0,2,0,75.0,GREEN
SGR_ZONE_103,7,2.87,0.91,11,3,3,5,100.0,0,14.0,3,0,85.0,GREEN
SGR_ZONE_103,8,2.87,0.91,12,4,3,5,100.0,0,12.8,2,0,75.0,GREEN
SGR_ZONE_103,9,2.87,0.91,11,3,3,5,100.0,0,14.0,2,0,75.0,GREEN
SGR_ZONE_103,10,2.87,0.91,11,3,3,5,100.0,0,14.0,1,0,65.0,AMBER
SGR_ZONE_103,11,2.87,0.91,9,3,2,4,100.0,0,17.1,2,0,72.0,GREEN
SGR_ZONE_103,12,2.87,0.91,13,4,3,6,100.0,0,11.8,1,0,68.0,AMBER
SGR_ZONE_104,1,9.55,0.6,25,8,7,10,92.1,0,4.0,2,0,86.8,GREEN
SGR_ZONE_104,2,9.55,0.6,22,7,6,9,84.9,1,4.6,3,0,89.0,GREEN
SGR_ZONE_104,3,9.55,0.6,25,8,7,10,87.4,1,4.0,1,0,73.0,GREEN
SGR_ZONE_104,4,9.55,0.6,23,8,6,9,79.7,2,4.4,1,0,64.9,AMBER
SGR_ZONE_104,5,9.55,0.6,24,8,7,9,86.6,1,4.2,2,0,79.6,GREEN
SGR_ZONE_104,6,9.55,0.6,21,7,6,8,73.9,2,4.8,3,0,79.5,GREEN
SGR_ZONE_104,7,9.55,0.6,23,8,6,9,83.6,1,4.4,2,0,78.5,GREEN
SGR_ZONE_104,8,9.55,0.6,24,8,7,9,93.5,0,4.2,1,0,74.4,GREEN
SGR_ZONE_104,9,9.55,0.6,22,7,6,9,78.2,2,4.6,1,0,64.3,AMBER
SGR_ZONE_104,10,9.55,0.6,25,8,7,10,95.0,0,4.0,3,0,98.0,GREEN
SGR_ZONE_104,11,9.55,0.6,21,7,6,8,73.6,2,4.8,3,0,79.4,GREEN
SGR_ZONE_104,12,9.55,0.6,22,7,6,9,79.9,2,4.6,2,0,75.0,GREEN
SGR_ZONE_105,1,8.59,0.43,19,6,5,8,81.4,1,3.8,3,0,84.6,GREEN
SGR_ZONE_105,2,8.59,0.43,19,6,5,8,77.8,2,3.8,2,0,71.1,GREEN
SGR_ZONE_105,3,8.59,0.43,18,6,5,7,71.1,2,4.0,2,0,65.4,AMBER
SGR_ZONE_105,4,8.59,0.43,18,6,5,7,71.0,2,4.0,2,0,65.4,AMBER
SGR_ZONE_105,5,8.59,0.43,20,7,6,7,84.5,1,3.6,1,0,62.8,AMBER
SGR_ZONE_105,6,8.59,0.43,22,7,6,9,95.4,0,3.3,1,0,75.2,GREEN
SGR_ZONE_105,7,8.59,0.43,19,6,5,8,75.2,2,3.8,3,0,80.1,GREEN
SGR_ZONE_105,8,8.59,0.43,21,7,6,8,91.4,0,3.5,2,0,80.5,GREEN
SGR_ZONE_105,9,8.59,0.43,22,7,6,9,95.2,0,3.3,3,0,95.1,GREEN
SGR_ZONE_105,10,8.59,0.43,21,7,6,8,90.6,0,3.5,1,0,70.2,GREEN
SGR_ZONE_105,11,8.59,0.43,21,7,6,8,82.3,1,3.5,1,0,64.9,AMBER
SGR_ZONE_105,12,8.59,0.43,22,7,6,9,96.2,0,3.3,3,0,95.5,GREEN
SGR_ZONE_106,1,12.72,0.74,27,9,8,10,79.5,2,4.6,3,0,87.8,GREEN
SGR_ZONE_106,2,12.72,0.74,31,10,9,12,83.1,1,4.0,1,0,77.3,GREEN
SGR_ZONE_106,3,12.72,0.74,28,9,8,11,81.4,1,4.4,3,0,93.5,GREEN
SGR_ZONE_106,4,12.72,0.74,27,9,8,10,74.7,2,4.6,2,0,75.9,GREEN
SGR_ZONE_106,5,12.72,0.74,29,10,8,11,86.3,1,4.3,3,0,95.5,GREEN
SGR_ZONE_106,6,12.72,0.74,31,10,9,12,87.8,1,4.0,1,0,79.1,GREEN
SGR_ZONE_106,7,12.72,0.74,28,9,8,11,68.8,3,4.4,3,0,84.5,GREEN
SGR_ZONE_106,8,12.72,0.74,29,10,8,11,79.9,2,4.3,1,0,71.0,GREEN
SGR_ZONE_106,9,12.72,0.74,31,10,9,12,78.5,2,4.0,3,0,93.4,GREEN
SGR_ZONE_106,10,12.72,0.74,29,10,8,11,84.1,1,4.3,2,0,84.6,GREEN
SGR_ZONE_106,11,12.72,0.74,29,10,8,11,71.5,2,4.3,1,0,67.6,AMBER
SGR_ZONE_106,12,12.72,0.74,29,10,8,11,71.6,2,4.3,3,0,87.6,GREEN
SGR_ZONE_107,1,11.94,0.74,29,10,8,11,77.9,2,4.3,3,0,90.2,GREEN
SGR_ZONE_107,2,11.94,0.74,31,10,9,12,96.5,0,4.0,2,0,94.6,GREEN
SGR_ZONE_107,3,11.94,0.74,29,10,8,11,86.6,1,4.3,1,0,75.6,GREEN
SGR_ZONE_107,4,11.94,0.74,31,10,9,12,94.9,0,4.0,3,0,100.0,GREEN
SGR_ZONE_107,5,11.94,0.74,28,9,8,11,85.6,1,4.4,3,0,95.2,GREEN
SGR_ZONE_107,6,11.94,0.74,27,9,8,10,75.6,2,4.6,3,0,86.2,GREEN
SGR_ZONE_107,7,11.94,0.74,29,10,8,11,91.8,0,4.3,3,0,99.7,GREEN
SGR_ZONE_107,8,11.94,0.74,30,10,9,11,88.6,1,4.1,3,0,96.5,GREEN
SGR_ZONE_107,9,11.94,0.74,31,10,9,12,98.5,0,4.0,2,0,95.4,GREEN
SGR_ZONE_107,10,11.94,0.74,30,10,9,11,93.6,0,4.1,2,0,90.5,GREEN
SGR_ZONE_107,11,11.94,0.74,30,10,9,11,94.8,0,4.1,2,0,90.9,GREEN
SGR_ZONE_107,12,11.94,0.74,29,10,8,11,92.1,0,4.3,1,0,79.8,GREEN
SGR_ZONE_108,1,10.77,0.77,25,8,7,10,75.6,2,5.2,1,0,66.3,AMBER
SGR_ZONE_108,2,10.77,0.77,23,8,6,9,76.5,2,5.7,1,0,63.6,AMBER
SGR_ZONE_108,3,10.77,0.77,23,8,6,9,67.9,3,5.7,2,0,68.2,AMBER
SGR_ZONE_108,4,10.77,0.77,25,8,7,10,84.3,1,5.2,3,0,91.7,GREEN
SGR_ZONE_108,5,10.77,0.77,26,9,7,10,82.5,1,5.0,2,0,81.0,GREEN
SGR_ZONE_108,6,10.77,0.77,24,8,7,9,80.0,1,5.4,1,0,67.0,AMBER
SGR_ZONE_108,7,10.77,0.77,24,8,7,9,70.3,2,5.4,1,0,61.1,AMBER
SGR_ZONE_108,8,10.77,0.77,25,8,7,10,83.6,1,5.2,2,0,81.4,GREEN
SGR_ZONE_108,9,10.77,0.77,26,9,7,10,90.7,0,5.0,3,0,96.3,GREEN
SGR_ZONE_108,10,10.77,0.77,26,9,7,10,83.6,1,5.0,2,0,81.4,GREEN
SGR_ZONE_108,11,10.77,0.77,27,9,8,10,81.7,1,4.8,1,0,70.7,GREEN
SGR_ZONE_108,12,10.77,0.77,23,8,6,9,71.0,2,5.7,2,0,71.4,GREEN
SGR_ZONE_109,1,9.58,0.71,25,8,7,10,84.8,1,4.8,2,0,81.9,GREEN
SGR_ZONE_109,2,9.58,0.71,22,7,6,9,82.7,1,5.5,3,0,88.1,GREEN
SGR_ZONE_109,3,9.58,0.71,24,8,7,9,83.9,1,5.0,1,0,68.6,AMBER
SGR_ZONE_109,4,9.58,0.71,24,8,7,9,94.0,0,5.0,3,0,94.6,GREEN
SGR_ZONE_109,5,9.58,0.71,26,9,7,10,99.9,0,4.6,3,0,99.9,GREEN
SGR_ZONE_109,6,9.58,0.71,22,7,6,9,88.5,1,5.5,1,0,70.4,GREEN
SGR_ZONE_109,7,9.58,0.71,23,8,6,9,87.5,1,5.2,3,0,90.0,GREEN
SGR_ZONE_109,8,9.58,0.71,22,7,6,9,80.5,1,5.5,3,0,87.2,GREEN
SGR_ZONE_109,9,9.58,0.71,26,9,7,10,88.8,1,4.6,3,0,93.5,GREEN
SGR_ZONE_109,10,9.58,0.71,26,9,7,10,100.0,0,4.6,1,0,80.0,GREEN
SGR_ZONE_109,11,9.58,0.71,22,7,6,9,86.4,1,5.5,2,0,79.5,GREEN
SGR_ZONE_109,12,9.58,0.71,26,9,7,10,89.1,1,4.6,3,0,93.7,GREEN
SGR_ZONE_110,1,12.26,0.59,27,9,8,10,77.1,2,3.7,2,0,76.8,GREEN
SGR_ZONE_110,2,12.26,0.59,27,9,8,10,71.1,2,3.7,3,0,84.4,GREEN
SGR_ZONE_110,3,12.26,0.59,30,10,9,11,86.3,1,3.3,1,0,75.5,GREEN
SGR_ZONE_110,4,12.26,0.59,26,9,7,10,81.7,1,3.8,3,0,90.7,GREEN
SGR_ZONE_110,5,12.26,0.59,28,9,8,11,77.7,2,3.5,1,0,70.1,GREEN
SGR_ZONE_110,6,12.26,0.59,29,10,8,11,88.0,1,3.4,1,0,76.2,GREEN
SGR_ZONE_110,7,12.26,0.59,29,10,8,11,85.7,1,3.4,1,0,75.3,GREEN
SGR_ZONE_110,8,12.26,0.59,27,9,8,10,82.1,1,3.7,3,0,90.9,GREEN
SGR_ZONE_110,9,12.26,0.59,27,9,8,10,75.1,2,3.7,3,0,86.1,GREEN
SGR_ZONE_110,10,12.26,0.59,27,9,8,10,82.4,1,3.7,3,0,91.0,GREEN
SGR_ZONE_110,11,12.26,0.59,29,10,8,11,84.8,1,3.4,2,0,84.9,GREEN
SGR_ZONE_110,12,12.26,0.59,30,10,9,11,85.5,1,3.3,2,0,85.2,GREEN
SGR_ZONE_111,1,8.57,0.4,23,8,6,9,91.1,0,2.9,2,0,83.4,GREEN
SGR_ZONE_111,2,8.57,0.4,20,7,6,7,81.6,1,3.4,3,0,81.7,GREEN
SGR_ZONE_111,3,8.57,0.4,21,7,6,8,91.3,0,3.2,2,0,80.5,GREEN
SGR_ZONE_111,4,8.57,0.4,24,8,7,9,97.3,0,2.8,1,0,75.9,GREEN
SGR_ZONE_111,5,8.57,0.4,24,8,7,9,96.2,0,2.8,2,0,85.5,GREEN
SGR_ZONE_111,6,8.57,0.4,22,7,6,9,97.9,0,3.1,1,0,76.2,GREEN
SGR_ZONE_111,7,8.57,0.4,21,7,6,8,83.7,1,3.2,3,0,85.5,GREEN
SGR_ZONE_111,8,8.57,0.4,24,8,7,9,100.0,0,2.8,1,0,77.0,GREEN
SGR_ZONE_111,9,8.57,0.4,23,8,6,9,87.2,1,2.9,1,0,69.9,AMBER
SGR_ZONE_111,10,8.57,0.4,21,7,6,8,86.1,1,3.2,1,0,66.4,AMBER
SGR_ZONE_111,11,8.57,0.4,23,8,6,9,94.2,0,2.9,3,0,94.7,GREEN
SGR_ZONE_111,12,8.57,0.4,23,8,6,9,92.4,0,2.9,3,0,94.0,GREEN
SGR_ZONE_112,1,12.4,0.39,30,10,9,11,87.5,1,2.2,2,0,86.0,GREEN
SGR_ZONE_112,2,12.4,0.39,32,11,9,12,94.8,0,2.0,1,0,83.9,GREEN
SGR_ZONE_112,3,12.4,0.39,32,11,9,12,89.1,1,2.0,1,0,79.7,GREEN
SGR_ZONE_112,4,12.4,0.39,28,9,8,11,78.4,2,2.3,2,0,80.3,GREEN
SGR_ZONE_112,5,12.4,0.39,31,10,9,12,93.3,0,2.1,1,0,83.3,GREEN
SGR_ZONE_112,6,12.4,0.39,32,11,9,12,91.4,0,2.0,2,0,92.6,GREEN
SGR_ZONE_112,7,12.4,0.39,31,10,9,12,81.3,1,2.1,3,0,96.5,GREEN
SGR_ZONE_112,8,12.4,0.39,31,10,9,12,86.1,1,2.1,2,0,88.5,GREEN
SGR_ZONE_112,9,12.4,0.39,29,10,8,11,86.9,1,2.2,1,0,75.8,GREEN
SGR_ZONE_112,10,12.4,0.39,28,9,8,11,82.5,1,2.3,3,0,94.0,GREEN
SGR_ZONE_112,11,12.4,0.39,29,10,8,11,78.9,2,2.2,3,0,90.6,GREEN
SGR_ZONE_112,12,12.4,0.39,31,10,9,12,87.1,1,2.1,3,0,98.9,GREEN
SGR_ZONE_113,1,9.45,0.54,22,7,6,9,73.9,2,4.1,3,0,82.6,GREEN
SGR_ZONE_113,2,9.45,0.54,26,9,7,10,100.0,0,3.5,3,0,100.0,GREEN
SGR_ZONE_113,3,9.45,0.54,25,8,7,10,84.3,1,3.6,3,0,91.7,GREEN
SGR_ZONE_113,4,9.45,0.54,23,8,6,9,89.0,1,3.9,1,0,70.6,GREEN
SGR_ZONE_113,5,9.45,0.54,22,7,6,9,75.9,2,4.1,1,0,63.3,AMBER
SGR_ZONE_113,6,9.45,0.54,22,7,6,9,78.8,2,4.1,1,0,64.5,AMBER
SGR_ZONE_113,7,9.45,0.54,23,8,6,9,80.7,1,3.9,3,0,87.3,GREEN
SGR_ZONE_113,8,9.45,0.54,26,9,7,10,100.0,0,3.5,3,0,100.0,GREEN
SGR_ZONE_113,9,9.45,0.54,23,8,6,9,88.9,1,3.9,1,0,70.6,GREEN
SGR_ZONE_113,10,9.45,0.54,26,9,7,10,94.9,0,3.5,1,0,77.9,GREEN
SGR_ZONE_113,11,9.45,0.54,26,9,7,10,90.2,0,3.5,2,0,86.1,GREEN
SGR_ZONE_113,12,9.45,0.54,23,8,6,9,84.8,1,3.9,2,0,78.9,GREEN
SGR_ZONE_114,1,14.99,0.84,35,12,10,13,77.1,2,4.0,1,0,75.8,GREEN
SGR_ZONE_114,2,14.99,0.84,38,13,11,14,82.0,1,3.7,1,0,82.8,GREEN
SGR_ZONE_114,3,14.99,0.84,36,12,10,14,86.0,1,3.9,1,0,84.4,GREEN
SGR_ZONE_114,4,14.99,0.84,37,12,11,14,86.7,1,3.8,3,0,100.0,GREEN
SGR_ZONE_114,5,14.99,0.84,38,13,11,14,82.1,1,3.7,2,0,92.8,GREEN
SGR_ZONE_114,6,14.99,0.84,34,11,10,13,85.1,1,4.1,1,0,81.0,GREEN
SGR_ZONE_114,7,14.99,0.84,34,11,10,13,84.2,1,4.1,3,0,100.0,GREEN
SGR_ZONE_114,8,14.99,0.84,35,12,10,13,77.8,2,4.0,3,0,96.1,GREEN
SGR_ZONE_114,9,14.99,0.84,37,12,11,14,90.0,1,3.8,2,0,96.0,GREEN
SGR_ZONE_114,10,14.99,0.84,34,11,10,13,81.4,1,4.1,3,0,99.6,GREEN
SGR_ZONE_114,11,14.99,0.84,37,12,11,14,84.8,1,3.8,2,0,93.9,GREEN
SGR_ZONE_114,12,14.99,0.84,36,12,10,14,88.1,1,3.9,3,0,100.0,GREEN
SGR_ZONE_115,1,10.47,0.45,26,9,7,10,91.7,0,2.9,3,0,96.7,GREEN
SGR_ZONE_115,2,10.47,0.45,23,8,6,9,74.0,2,3.3,1,0,62.6,AMBER
SGR_ZONE_115,3,10.47,0.45,24,8,7,9,80.3,1,3.1,1,0,67.1,AMBER
SGR_ZONE_115,4,10.47,0.45,22,7,6,9,69.5,3,3.4,3,0,78.8,GREEN
SGR_ZONE_115,5,10.47,0.45,22,7,6,9,71.0,2,3.4,2,0,71.4,GREEN
SGR_ZONE_115,6,10.47,0.45,24,8,7,9,82.0,1,3.1,3,0,87.8,GREEN
SGR_ZONE_115,7,10.47,0.45,22,7,6,9,75.8,2,3.4,2,0,73.3,GREEN
SGR_ZONE_115,8,10.47,0.45,25,8,7,10,88.4,1,3.0,3,0,93.3,GREEN
SGR_ZONE_115,9,10.47,0.45,26,9,7,10,92.1,0,2.9,2,0,86.9,GREEN
SGR_ZONE_115,10,10.47,0.45,23,8,6,9,82.9,1,3.3,2,0,78.2,GREEN
SGR_ZONE_115,11,10.47,0.45,26,9,7,10,79.0,2,2.9,1,0,67.6,AMBER
SGR_ZONE_115,12,10.47,0.45,22,7,6,9,71.2,2,3.4,2,0,71.5,GREEN
SGR_ZONE_116,1,12.33,0.49,30,10,9,11,82.2,1,2.8,2,0,83.9,GREEN
SGR_ZONE_116,2,12.33,0.49,27,9,8,10,84.0,1,3.1,2,0,81.6,GREEN
SGR_ZONE_116,3,12.33,0.49,30,10,9,11,81.3,1,2.8,3,0,93.5,GREEN
SGR_ZONE_116,4,12.33,0.49,27,9,8,10,73.6,2,3.1,3,0,85.4,GREEN
SGR_ZONE_116,5,12.33,0.49,31,10,9,12,87.8,1,2.7,2,0,89.1,GREEN
SGR_ZONE_116,6,12.33,0.49,29,10,8,11,79.3,2,2.9,2,0,80.7,GREEN
SGR_ZONE_116,7,12.33,0.49,28,9,8,11,86.3,1,3.0,2,0,85.5,GREEN
SGR_ZONE_116,8,12.33,0.49,29,10,8,11,89.1,1,2.9,1,0,76.6,GREEN
SGR_ZONE_116,9,12.33,0.49,29,10,8,11,86.9,1,2.9,1,0,75.8,GREEN
SGR_ZONE_116,10,12.33,0.49,29,10,8,11,78.7,2,2.9,1,0,70.5,GREEN
SGR_ZONE_116,11,12.33,0.49,30,10,9,11,84.5,1,2.8,2,0,84.8,GREEN
SGR_ZONE_116,12,12.33,0.49,28,9,8,11,86.2,1,3.0,3,0,95.5,GREEN
SGR_ZONE_117,1,5.84,0.51,12,4,3,5,76.5,2,7.1,3,0,71.6,GREEN
SGR_ZONE_117,2,5.84,0.51,13,4,3,6,80.5,1,6.6,1,0,58.2,AMBER
SGR_ZONE_117,3,5.84,0.51,15,5,4,6,85.0,1,5.7,2,0,70.0,GREEN
SGR_ZONE_117,4,5.84,0.51,16,5,4,7,97.1,0,5.3,2,0,79.8,GREEN
SGR_ZONE_117,5,5.84,0.51,16,5,4,7,96.5,0,5.3,2,0,79.6,GREEN
SGR_ZONE_117,6,5.84,0.51,15,5,4,6,94.2,0,5.7,1,0,65.7,AMBER
SGR_ZONE_117,7,5.84,0.51,16,5,4,7,97.9,0,5.3,2,0,80.1,GREEN
SGR_ZONE_117,8,5.84,0.51,16,5,4,7,94.4,0,5.3,3,0,88.8,GREEN
SGR_ZONE_117,9,5.84,0.51,15,5,4,6,94.2,0,5.7,3,0,85.7,GREEN
SGR_ZONE_117,10,5.84,0.51,13,4,3,6,73.1,2,6.6,3,0,73.2,GREEN
SGR_ZONE_117,11,5.84,0.51,14,4,4,6,83.5,1,6.1,2,0,69.4,AMBER
SGR_ZONE_117,12,5.84,0.51,12,4,3,5,79.7,2,7.1,3,0,72.9,GREEN
SGR_ZONE_118,1,5.3,0.85,16,5,4,7,100.0,0,8.9,1,0,71.0,GREEN
SGR_ZONE_118,2,5.3,0.85,14,4,4,6,100.0,0,10.2,1,0,68.0,AMBER
SGR_ZONE_118,3,5.3,0.85,16,5,4,7,100.0,0,8.9,2,0,81.0,GREEN
SGR_ZONE_118,4,5.3,0.85,12,4,3,5,85.5,1,11.8,3,0,77.2,GREEN
SGR_ZONE_118,5,5.3,0.85,14,4,4,6,96.3,0,10.2,3,0,86.5,GREEN
SGR_ZONE_118,6,5.3,0.85,13,4,3,6,93.5,0,10.9,3,0,85.4,GREEN
SGR_ZONE_118,7,5.3,0.85,16,5,4,7,100.0,0,8.9,2,0,81.0,GREEN
SGR_ZONE_118,8,5.3,0.85,12,4,3,5,75.5,2,11.8,2,0,61.2,AMBER
SGR_ZONE_118,9,5.3,0.85,16,5,4,7,100.0,0,8.9,2,0,81.0,GREEN
SGR_ZONE_118,10,5.3,0.85,15,5,4,6,95.4,0,9.5,1,0,66.2,AMBER
SGR_ZONE_118,11,5.3,0.85,16,5,4,7,100.0,0,8.9,1,0,71.0,GREEN
SGR_ZONE_118,12,5.3,0.85,12,4,3,5,83.7,1,11.8,2,0,66.5,AMBER
SGR_ZONE_119,1,13.67,0.82,34,11,10,13,89.8,1,4.1,2,0,92.9,GREEN
SGR_ZONE_119,2,13.67,0.82,30,10,9,11,73.1,2,4.6,2,0,78.2,GREEN
SGR_ZONE_119,3,13.67,0.82,34,11,10,13,79.2,2,4.1,1,0,76.7,GREEN
SGR_ZONE_119,4,13.67,0.82,34,11,10,13,90.5,0,4.1,2,0,95.2,GREEN
SGR_ZONE_119,5,13.67,0.82,34,11,10,13,86.6,1,4.1,1,0,81.6,GREEN
SGR_ZONE_119,6,13.67,0.82,32,11,9,12,84.8,1,4.3,3,0,97.9,GREEN
SGR_ZONE_119,7,13.67,0.82,34,11,10,13,81.0,1,4.1,2,0,89.4,GREEN
SGR_ZONE_119,8,13.67,0.82,34,11,10,13,91.9,0,4.1,1,0,85.8,GREEN
SGR_ZONE_119,9,13.67,0.82,30,10,9,11,77.2,2,4.6,3,0,89.9,GREEN
SGR_ZONE_119,10,13.67,0.82,34,11,10,13,82.6,1,4.1,2,0,90.0,GREEN
SGR_ZONE_119,11,13.67,0.82,32,11,9,12,82.9,1,4.3,2,0,87.2,GREEN
SGR_ZONE_119,12,13.67,0.82,33,11,9,13,83.9,1,4.2,2,0,90.6,GREEN
SGR_ZONE_120,1,12.98,0.46,31,10,9,12,88.2,1,2.5,3,0,99.3,GREEN
SGR_ZONE_120,2,12.98,0.46,32,11,9,12,89.6,1,2.4,3,0,99.8,GREEN
SGR_ZONE_120,3,12.98,0.46,31,10,9,12,80.1,1,2.5,3,0,96.0,GREEN
SGR_ZONE_120,4,12.98,0.46,30,10,9,11,86.5,1,2.6,1,0,75.6,GREEN
SGR_ZONE_120,5,12.98,0.46,33,11,9,13,87.4,1,2.3,3,0,100.0,GREEN
SGR_ZONE_120,6,12.98,0.46,30,10,9,11,75.5,2,2.6,1,0,69.2,AMBER
SGR_ZONE_120,7,12.98,0.46,30,10,9,11,82.0,1,2.6,1,0,73.8,GREEN
SGR_ZONE_120,8,12.98,0.46,32,11,9,12,87.6,1,2.4,2,0,89.0,GREEN
SGR_ZONE_120,9,12.98,0.46,32,11,9,12,85.5,1,2.4,1,0,78.2,GREEN
SGR_ZONE_120,10,12.98,0.46,30,10,9,11,82.3,1,2.6,2,0,83.9,GREEN
SGR_ZONE_120,11,12.98,0.46,31,10,9,12,80.5,1,2.5,3,0,96.2,GREEN
SGR_ZONE_120,12,12.98,0.46,33,11,9,13,94.4,0,2.3,3,0,100.0,GREEN
SGR_ZONE_121,1,14.15,0.94,34,11,10,13,85.4,1,4.7,3,0,100.0,GREEN
SGR_ZONE_121,2,14.15,0.94,31,10,9,12,73.5,2,5.1,2,0,81.4,GREEN
SGR_ZONE_121,3,14.15,0.94,34,11,10,13,87.7,1,4.7,3,0,100.0,GREEN
SGR_ZONE_121,4,14.15,0.94,33,11,9,13,80.2,1,4.8,2,0,89.1,GREEN
SGR_ZONE_121,5,14.15,0.94,34,11,10,13,85.8,1,4.7,2,0,91.3,GREEN
SGR_ZONE_121,6,14.15,0.94,31,10,9,12,72.4,2,5.1,1,0,70.9,GREEN
SGR_ZONE_121,7,14.15,0.94,31,10,9,12,81.5,1,5.1,2,0,86.6,GREEN
SGR_ZONE_121,8,14.15,0.94,30,10,9,11,71.1,2,5.3,2,0,77.4,GREEN
SGR_ZONE_121,9,14.15,0.94,32,11,9,12,79.6,2,4.9,2,0,83.8,GREEN
SGR_ZONE_121,10,14.15,0.94,32,11,9,12,81.9,1,4.9,3,0,96.8,GREEN
SGR_ZONE_121,11,14.15,0.94,33,11,9,13,77.1,2,4.8,3,0,95.8,GREEN
SGR_ZONE_121,12,14.15,0.94,34,11,10,13,88.8,1,4.7,2,0,92.5,GREEN
SGR_ZONE_122,1,7.73,0.39,22,7,6,9,100.0,0,3.0,3,0,97.0,GREEN
SGR_ZONE_122,2,7.73,0.39,18,6,5,7,82.3,1,3.7,3,0,81.9,GREEN
SGR_ZONE_122,3,7.73,0.39,18,6,5,7,79.7,2,3.7,3,0,78.9,GREEN
SGR_ZONE_122,4,7.73,0.39,18,6,5,7,76.2,2,3.7,2,0,67.5,AMBER
SGR_ZONE_122,5,7.73,0.39,20,7,6,7,95.3,0,3.3,1,0,69.1,AMBER
SGR_ZONE_122,6,7.73,0.39,21,7,6,8,94.5,0,3.1,2,0,81.8,GREEN
SGR_ZONE_122,7,7.73,0.39,18,6,5,7,75.7,2,3.7,1,0,57.3,AMBER
SGR_ZONE_122,8,7.73,0.39,18,6,5,7,85.2,1,3.7,2,0,73.1,GREEN
SGR_ZONE_122,9,7.73,0.39,18,6,5,7,83.6,1,3.7,2,0,72.4,GREEN
SGR_ZONE_122,10,7.73,0.39,18,6,5,7,74.0,2,3.7,3,0,76.6,GREEN
SGR_ZONE_122,11,7.73,0.39,21,7,6,8,91.3,0,3.1,2,0,80.5,GREEN
SGR_ZONE_122,12,7.73,0.39,20,7,6,7,85.5,1,3.3,1,0,63.2,AMBER
SGR_ZONE_123,1,12.85,0.98,27,9,8,10,79.9,2,6.1,2,0,78.0,GREEN
SGR_ZONE_123,2,12.85,0.98,27,9,8,10,66.8,3,6.1,3,0,80.7,GREEN
SGR_ZONE_123,3,12.85,0.98,26,9,7,10,63.6,3,6.3,3,0,79.4,GREEN
SGR_ZONE_123,4,12.85,0.98,30,10,9,11,84.9,1,5.5,2,0,85.0,GREEN
SGR_ZONE_123,5,12.85,0.98,26,9,7,10,75.2,2,6.3,3,0,86.1,GREEN
SGR_ZONE_123,6,12.85,0.98,27,9,8,10,74.9,2,6.1,1,0,66.0,AMBER
SGR_ZONE_123,7,12.85,0.98,29,10,8,11,85.9,1,5.7,2,0,85.4,GREEN
SGR_ZONE_123,8,12.85,0.98,27,9,8,10,70.2,2,6.1,3,0,84.1,GREEN
SGR_ZONE_123,9,12.85,0.98,29,10,8,11,77.7,2,5.7,2,0,80.1,GREEN
SGR_ZONE_123,10,12.85,0.98,28,9,8,11,80.8,1,5.9,1,0,73.3,GREEN
SGR_ZONE_123,11,12.85,0.98,26,9,7,10,66.8,3,6.3,1,0,60.7,AMBER
SGR_ZONE_123,12,12.85,0.98,30,10,9,11,75.3,2,5.5,2,0,79.1,GREEN
SGR_ZONE_124,1,6.39,0.91,18,6,5,7,100.0,0,8.5,1,0,71.0,GREEN
SGR_ZONE_124,2,6.39,0.91,18,6,5,7,100.0,0,8.5,3,0,91.0,GREEN
SGR_ZONE_124,3,6.39,0.91,17,5,5,7,94.9,0,9.0,3,0,89.0,GREEN
SGR_ZONE_124,4,6.39,0.91,18,6,5,7,98.3,0,8.5,1,0,70.3,GREEN
SGR_ZONE_124,5,6.39,0.91,16,5,4,7,92.9,0,9.5,1,0,68.1,AMBER
SGR_ZONE_124,6,6.39,0.91,17,5,5,7,95.5,0,9.0,3,0,89.2,GREEN
SGR_ZONE_124,7,6.39,0.91,17,5,5,7,90.6,0,9.0,2,0,77.2,GREEN
SGR_ZONE_124,8,6.39,0.91,18,6,5,7,100.0,0,8.5,2,0,81.0,GREEN
SGR_ZONE_124,9,6.39,0.91,18,6,5,7,94.8,0,8.5,2,0,78.9,GREEN
SGR_ZONE_124,10,6.39,0.91,18,6,5,7,93.4,0,8.5,2,0,78.4,GREEN
SGR_ZONE_124,11,6.39,0.91,18,6,5,7,94.9,0,8.5,3,0,89.0,GREEN
SGR_ZONE_124,12,6.39,0.91,17,5,5,7,86.3,1,9.0,3,0,83.5,GREEN
SGR_ZONE_125,1,7.35,0.47,18,6,5,7,86.9,1,4.4,2,0,73.8,GREEN
SGR_ZONE_125,2,7.35,0.47,16,5,4,7,68.4,3,4.9,3,0,72.4,GREEN
SGR_ZONE_125,3,7.35,0.47,17,5,5,7,77.7,2,4.6,2,0,68.1,AMBER
SGR_ZONE_125,4,7.35,0.47,18,6,5,7,80.9,1,4.4,2,0,71.4,GREEN
SGR_ZONE_125,5,7.35,0.47,19,6,5,8,96.3,0,4.1,2,0,82.5,GREEN
SGR_ZONE_125,6,7.35,0.47,18,6,5,7,91.5,0,4.4,2,0,77.6,GREEN
SGR_ZONE_125,7,7.35,0.47,17,5,5,7,80.9,1,4.6,1,0,61.4,AMBER
SGR_ZONE_125,8,7.35,0.47,17,5,5,7,87.1,1,4.6,2,0,73.8,GREEN
SGR_ZONE_125,9,7.35,0.47,17,5,5,7,78.4,2,4.6,2,0,68.4,AMBER
SGR_ZONE_125,10,7.35,0.47,16,5,4,7,72.7,2,4.9,1,0,56.1,AMBER
SGR_ZONE_125,11,7.35,0.47,19,6,5,8,87.8,1,4.1,1,0,67.1,AMBER
SGR_ZONE_125,12,7.35,0.47,17,5,5,7,80.6,1,4.6,3,0,81.2,GREEN
SGR_ZONE_126,1,2.21,0.87,5,1,1,3,85.7,1,29.3,1,0,51.3,AMBER
SGR_ZONE_126,2,2.21,0.87,8,2,2,4,100.0,0,18.3,3,0,82.0,GREEN
SGR_ZONE_126,3,2.21,0.87,6,2,1,3,100.0,0,24.4,3,0,79.0,GREEN
SGR_ZONE_126,4,2.21,0.87,6,2,1,3,99.3,0,24.4,2,0,68.7,AMBER
SGR_ZONE_126,5,2.21,0.87,7,2,2,3,100.0,0,20.9,3,0,79.0,GREEN
SGR_ZONE_126,6,2.21,0.87,8,2,2,4,100.0,0,18.3,3,0,82.0,GREEN
SGR_ZONE_126,7,2.21,0.87,5,1,1,3,92.5,0,29.3,1,0,56.0,AMBER
SGR_ZONE_126,8,2.21,0.87,6,2,1,3,100.0,0,24.4,2,0,69.0,AMBER
SGR_ZONE_126,9,2.21,0.87,8,2,2,4,100.0,0,18.3,1,0,62.0,AMBER
SGR_ZONE_126,10,2.21,0.87,9,3,2,4,100.0,0,16.3,2,0,72.0,GREEN
SGR_ZONE_126,11,2.21,0.87,5,1,1,3,87.7,1,29.3,1,0,52.1,AMBER
SGR_ZONE_126,12,2.21,0.87,6,2,1,3,98.8,0,24.4,2,0,68.5,AMBER
SGR_ZONE_127,1,3.7,0.72,12,4,3,5,100.0,0,10.1,1,0,65.0,AMBER
SGR_ZONE_127,2,3.7,0.72,12,4,3,5,100.0,0,10.1,1,0,65.0,AMBER
SGR_ZONE_127,3,3.7,0.72,12,4,3,5,100.0,0,10.1,1,0,65.0,AMBER
SGR_ZONE_127,4,3.7,0.72,14,4,4,6,100.0,0,8.7,2,0,78.0,GREEN
SGR_ZONE_127,5,3.7,0.72,11,3,3,5,98.9,0,11.1,3,0,84.6,GREEN
SGR_ZONE_127,6,3.7,0.72,14,4,4,6,100.0,0,8.7,3,0,88.0,GREEN
SGR_ZONE_127,7,3.7,0.72,14,4,4,6,100.0,0,8.7,2,0,78.0,GREEN
SGR_ZONE_127,8,3.7,0.72,13,4,3,6,100.0,0,9.4,1,0,68.0,AMBER
SGR_ZONE_127,9,3.7,0.72,12,4,3,5,100.0,0,10.1,1,0,65.0,AMBER
SGR_ZONE_127,10,3.7,0.72,14,4,4,6,100.0,0,8.7,3,0,88.0,GREEN
SGR_ZONE_127,11,3.7,0.72,15,5,4,6,100.0,0,8.1,2,0,78.0,GREEN
SGR_ZONE_127,12,3.7,0.72,15,5,4,6,100.0,0,8.1,2,0,78.0,GREEN
SGR_ZONE_128,1,12.4,0.9,32,11,9,12,85.9,1,4.7,2,0,88.4,GREEN
SGR_ZONE_128,2,12.4,0.9,32,11,9,12,95.0,0,4.7,1,0,84.0,GREEN
SGR_ZONE_128,3,12.4,0.9,28,9,8,11,83.2,1,5.4,2,0,84.3,GREEN
SGR_ZONE_128,4,12.4,0.9,30,10,9,11,79.9,2,5.1,1,0,71.0,GREEN
SGR_ZONE_128,5,12.4,0.9,30,10,9,11,77.3,2,5.1,1,0,69.9,AMBER
SGR_ZONE_128,6,12.4,0.9,31,10,9,12,83.7,1,4.9,3,0,97.5,GREEN
SGR_ZONE_128,7,12.4,0.9,31,10,9,12,83.6,1,4.9,1,0,77.5,GREEN
SGR_ZONE_128,8,12.4,0.9,32,11,9,12,86.6,1,4.7,3,0,98.7,GREEN
SGR_ZONE_128,9,12.4,0.9,31,10,9,12,92.6,0,4.9,2,0,93.1,GREEN
SGR_ZONE_128,10,12.4,0.9,31,10,9,12,88.5,1,4.9,1,0,79.4,GREEN
SGR_ZONE_128,11,12.4,0.9,30,10,9,11,82.1,1,5.1,3,0,93.8,GREEN
SGR_ZONE_128,12,12.4,0.9,30,10,9,11,76.1,2,5.1,3,0,89.4,GREEN
SGR_ZONE_129,1,6.2,0.69,19,6,5,8,100.0,0,6.1,1,0,74.0,GREEN
SGR_ZONE_129,2,6.2,0.69,17,5,5,7,97.7,0,6.8,3,0,90.1,GREEN
SGR_ZONE_129,3,6.2,0.69,17,5,5,7,95.2,0,6.8,2,0,79.1,GREEN
SGR_ZONE_129,4,6.2,0.69,21,7,6,8,100.0,0,5.5,3,0,94.0,GREEN
SGR_ZONE_129,5,6.2,0.69,17,5,5,7,95.3,0,6.8,1,0,69.1,AMBER
SGR_ZONE_129,6,6.2,0.69,20,7,6,7,100.0,0,5.8,3,0,91.0,GREEN
SGR_ZONE_129,7,6.2,0.69,19,6,5,8,100.0,0,6.1,2,0,84.0,GREEN
SGR_ZONE_129,8,6.2,0.69,19,6,5,8,100.0,0,6.1,3,0,94.0,GREEN
SGR_ZONE_129,9,6.2,0.69,17,5,5,7,94.2,0,6.8,1,0,68.7,AMBER
SGR_ZONE_129,10,6.2,0.69,17,5,5,7,95.5,0,6.8,1,0,69.2,AMBER
SGR_ZONE_129,11,6.2,0.69,20,7,6,7,100.0,0,5.8,1,0,71.0,GREEN
SGR_ZONE_129,12,6.2,0.69,19,6,5,8,100.0,0,6.1,3,0,94.0,GREEN
SGR_ZONE_130,1,10.67,0.38,29,10,8,11,92.4,0,2.2,3,0,100.0,GREEN
SGR_ZONE_130,2,10.67,0.38,28,9,8,11,91.7,0,2.3,3,0,99.7,GREEN
SGR_ZONE_130,3,10.67,0.38,27,9,8,10,91.4,0,2.4,1,0,76.6,GREEN
SGR_ZONE_130,4,10.67,0.38,29,10,8,11,88.9,1,2.2,2,0,86.6,GREEN
SGR_ZONE_130,5,10.67,0.38,28,9,8,11,92.0,0,2.3,1,0,79.8,GREEN
SGR_ZONE_130,6,10.67,0.38,29,10,8,11,100.0,0,2.2,3,0,100.0,GREEN
SGR_ZONE_130,7,10.67,0.38,28,9,8,11,93.6,0,2.3,2,0,90.4,GREEN
SGR_ZONE_130,8,10.67,0.38,27,9,8,10,89.3,1,2.4,3,0,93.7,GREEN
SGR_ZONE_130,9,10.67,0.38,29,10,8,11,96.7,0,2.2,3,0,100.0,GREEN
SGR_ZONE_130,10,10.67,0.38,27,9,8,10,90.9,0,2.4,3,0,96.4,GREEN
SGR_ZONE_130,11,10.67,0.38,27,9,8,10,91.7,0,2.4,3,0,96.7,GREEN
SGR_ZONE_130,12,10.67,0.38,27,9,8,10,82.7,1,2.4,3,0,91.1,GREEN
SGR_ZONE_131,1,5.53,0.58,15,5,4,6,98.0,0,6.5,1,0,67.2,AMBER
SGR_ZONE_131,2,5.53,0.58,17,5,5,7,100.0,0,5.7,3,0,91.0,GREEN
SGR_ZONE_131,3,5.53,0.58,18,6,5,7,100.0,0,5.4,3,0,91.0,GREEN
SGR_ZONE_131,4,5.53,0.58,17,5,5,7,100.0,0,5.7,1,0,71.0,GREEN
SGR_ZONE_131,5,5.53,0.58,18,6,5,7,100.0,0,5.4,2,0,81.0,GREEN
SGR_ZONE_131,6,5.53,0.58,18,6,5,7,100.0,0,5.4,1,0,71.0,GREEN
SGR_ZONE_131,7,5.53,0.58,19,6,5,8,100.0,0,5.1,1,0,74.0,GREEN
SGR_ZONE_131,8,5.53,0.58,19,6,5,8,100.0,0,5.1,2,0,84.0,GREEN
SGR_ZONE_131,9,5.53,0.58,15,5,4,6,100.0,0,6.5,3,0,88.0,GREEN
SGR_ZONE_131,10,5.53,0.58,15,5,4,6,98.9,0,6.5,2,0,77.6,GREEN
SGR_ZONE_131,11,5.53,0.58,17,5,5,7,100.0,0,5.7,1,0,71.0,GREEN
SGR_ZONE_131,12,5.53,0.58,19,6,5,8,100.0,0,5.1,3,0,94.0,GREEN
SGR_ZONE_132,1,14.6,0.56,36,12,10,14,79.9,2,2.6,2,0,89.9,GREEN
SGR_ZONE_132,2,14.6,0.56,36,12,10,14,88.6,1,2.6,1,0,85.4,GREEN
SGR_ZONE_132,3,14.6,0.56,36,12,10,14,85.5,1,2.6,2,0,94.2,GREEN
SGR_ZONE_132,4,14.6,0.56,37,12,11,14,87.1,1,2.6,3,0,100.0,GREEN
SGR_ZONE_132,5,14.6,0.56,34,11,10,13,80.3,1,2.8,2,0,89.1,GREEN
SGR_ZONE_132,6,14.6,0.56,36,12,10,14,88.6,1,2.6,2,0,95.4,GREEN
SGR_ZONE_132,7,14.6,0.56,37,12,11,14,87.0,1,2.6,3,0,100.0,GREEN
SGR_ZONE_132,8,14.6,0.56,34,11,10,13,88.2,1,2.8,2,0,92.3,GREEN
SGR_ZONE_132,9,14.6,0.56,34,11,10,13,88.4,1,2.8,1,0,82.4,GREEN
SGR_ZONE_132,10,14.6,0.56,35,12,10,13,83.6,1,2.7,3,0,100.0,GREEN
SGR_ZONE_132,11,14.6,0.56,38,13,11,14,85.0,1,2.5,3,0,100.0,GREEN
SGR_ZONE_132,12,14.6,0.56,37,12,11,14,85.5,1,2.6,1,0,84.2,GREEN
SGR_ZONE_133,1,10.78,0.33,27,9,8,10,89.8,1,2.0,1,0,73.9,GREEN
SGR_ZONE_133,2,10.78,0.33,26,9,7,10,89.3,1,2.1,3,0,93.7,GREEN
SGR_ZONE_133,3,10.78,0.33,29,10,8,11,89.4,1,1.9,2,0,86.8,GREEN
SGR_ZONE_133,4,10.78,0.33,28,9,8,11,83.7,1,2.0,3,0,94.5,GREEN
SGR_ZONE_133,5,10.78,0.33,25,8,7,10,79.1,2,2.2,1,0,67.6,AMBER
SGR_ZONE_133,6,10.78,0.33,27,9,8,10,81.6,1,2.0,3,0,90.7,GREEN
SGR_ZONE_133,7,10.78,0.33,28,9,8,11,91.7,0,2.0,3,0,99.7,GREEN
SGR_ZONE_133,8,10.78,0.33,26,9,7,10,83.3,1,2.1,1,0,71.3,GREEN
SGR_ZONE_133,9,10.78,0.33,28,9,8,11,85.5,1,2.0,2,0,85.2,GREEN
SGR_ZONE_133,10,10.78,0.33,27,9,8,10,91.2,0,2.0,2,0,86.5,GREEN
SGR_ZONE_133,11,10.78,0.33,28,9,8,11,94.3,0,2.0,1,0,80.7,GREEN
SGR_ZONE_133,12,10.78,0.33,29,10,8,11,87.5,1,1.9,2,0,86.0,GREEN
SGR_ZONE_134,1,14.84,0.53,35,12,10,13,82.3,1,2.5,3,0,99.9,GREEN
SGR_ZONE_134,2,14.84,0.53,37,12,11,14,79.2,2,2.4,2,0,89.7,GREEN
SGR_ZONE_134,3,14.84,0.53,33,11,9,13,72.2,2,2.7,2,0,83.9,GREEN
SGR_ZONE_134,4,14.84,0.53,35,12,10,13,79.7,2,2.5,2,0,86.9,GREEN
SGR_ZONE_134,5,14.84,0.53,37,12,11,14,79.3,2,2.4,1,0,79.7,GREEN
SGR_ZONE_134,6,14.84,0.53,33,11,9,13,78.5,2,2.7,1,0,76.4,GREEN
SGR_ZONE_134,7,14.84,0.53,34,11,10,13,81.9,1,2.6,1,0,79.8,GREEN
SGR_ZONE_134,8,14.84,0.53,36,12,10,14,77.6,2,2.5,3,0,99.1,GREEN
SGR_ZONE_134,9,14.84,0.53,35,12,10,13,81.4,1,2.5,2,0,89.6,GREEN
SGR_ZONE_134,10,14.84,0.53,37,12,11,14,92.7,0,2.4,3,0,100.0,GREEN
SGR_ZONE_134,11,14.84,0.53,34,11,10,13,78.9,2,2.6,3,0,96.6,GREEN
SGR_ZONE_134,12,14.84,0.53,34,11,10,13,76.2,2,2.6,2,0,85.5,GREEN
SGR_ZONE_135,1,12.4,0.69,29,10,8,11,85.1,1,4.0,1,0,75.1,GREEN
SGR_ZONE_135,2,12.4,0.69,32,11,9,12,87.7,1,3.6,3,0,99.1,GREEN
SGR_ZONE_135,3,12.4,0.69,31,10,9,12,85.0,1,3.7,3,0,98.0,GREEN
SGR_ZONE_135,4,12.4,0.69,28,9,8,11,79.2,2,4.1,1,0,70.7,GREEN
SGR_ZONE_135,5,12.4,0.69,32,11,9,12,90.6,0,3.6,2,0,92.2,GREEN
SGR_ZONE_135,6,12.4,0.69,32,11,9,12,89.3,1,3.6,2,0,89.7,GREEN
SGR_ZONE_135,7,12.4,0.69,30,10,9,11,86.1,1,3.9,3,0,95.4,GREEN
SGR_ZONE_135,8,12.4,0.69,32,11,9,12,81.7,1,3.6,3,0,96.7,GREEN
SGR_ZONE_135,9,12.4,0.69,30,10,9,11,87.2,1,3.9,1,0,75.9,GREEN
SGR_ZONE_135,10,12.4,0.69,30,10,9,11,76.8,2,3.9,3,0,89.7,GREEN
SGR_ZONE_135,11,12.4,0.69,32,11,9,12,95.8,0,3.6,3,0,100.0,GREEN
SGR_ZONE_135,12,12.4,0.69,29,10,8,11,75.6,2,4.0,3,0,89.2,GREEN
SGR_ZONE_136,1,2.81,0.35,12,4,3,5,100.0,0,4.9,2,0,75.0,GREEN
SGR_ZONE_136,2,2.81,0.35,14,4,4,6,100.0,0,4.2,3,0,88.0,GREEN
SGR_ZONE_136,3,2.81,0.35,11,3,3,5,100.0,0,5.3,1,0,65.0,AMBER
SGR_ZONE_136,4,2.81,0.35,14,4,4,6,100.0,0,4.2,2,0,78.0,GREEN
SGR_ZONE_136,5,2.81,0.35,12,4,3,5,100.0,0,4.9,1,0,65.0,AMBER
SGR_ZONE_136,6,2.81,0.35,10,3,3,4,100.0,0,5.9,1,0,62.0,AMBER
SGR_ZONE_136,7,2.81,0.35,10,3,3,4,100.0,0,5.9,2,0,72.0,GREEN
SGR_ZONE_136,8,2.81,0.35,10,3,3,4,100.0,0,5.9,3,0,82.0,GREEN
SGR_ZONE_136,9,2.81,0.35,12,4,3,5,100.0,0,4.9,1,0,65.0,AMBER
SGR_ZONE_136,10,2.81,0.35,12,4,3,5,100.0,0,4.9,2,0,75.0,GREEN
SGR_ZONE_136,11,2.81,0.35,14,4,4,6,100.0,0,4.2,2,0,78.0,GREEN
SGR_ZONE_136,12,2.81,0.35,12,4,3,5,100.0,0,4.9,1,0,65.0,AMBER
SGR_ZONE_137,1,2.72,0.53,9,3,2,4,100.0,0,9.9,2,0,72.0,GREEN
SGR_ZONE_137,2,2.72,0.53,6,2,1,3,71.5,2,14.9,3,0,63.6,AMBER
SGR_ZONE_137,3,2.72,0.53,7,2,2,3,91.5,0,12.8,3,0,75.6,GREEN
SGR_ZONE_137,4,2.72,0.53,10,3,3,4,100.0,0,8.9,1,0,62.0,AMBER
SGR_ZONE_137,5,2.72,0.53,9,3,2,4,100.0,0,9.9,3,0,82.0,GREEN
SGR_ZONE_137,6,2.72,0.53,7,2,2,3,92.7,0,12.8,3,0,76.1,GREEN
SGR_ZONE_137,7,2.72,0.53,10,3,3,4,100.0,0,8.9,3,0,82.0,GREEN
SGR_ZONE_137,8,2.72,0.53,9,3,2,4,100.0,0,9.9,2,0,72.0,GREEN
SGR_ZONE_137,9,2.72,0.53,6,2,1,3,79.7,2,14.9,3,0,66.9,AMBER
SGR_ZONE_137,10,2.72,0.53,8,2,2,4,99.9,0,11.2,2,0,71.9,GREEN
SGR_ZONE_137,11,2.72,0.53,10,3,3,4,100.0,0,8.9,1,0,62.0,AMBER
SGR_ZONE_137,12,2.72,0.53,6,2,1,3,76.1,2,14.9,3,0,65.5,AMBER
SGR_ZONE_138,1,9.96,0.31,23,8,6,9,86.5,1,2.3,3,0,89.6,GREEN
SGR_ZONE_138,2,9.96,0.31,22,7,6,9,83.4,1,2.4,3,0,88.3,GREEN
SGR_ZONE_138,3,9.96,0.31,25,8,7,10,94.2,0,2.1,1,0,77.7,GREEN
SGR_ZONE_138,4,9.96,0.31,26,9,7,10,95.0,0,2.0,2,0,88.0,GREEN
SGR_ZONE_138,5,9.96,0.31,24,8,7,9,84.7,1,2.2,2,0,78.9,GREEN
SGR_ZONE_138,6,9.96,0.31,26,9,7,10,93.9,0,2.0,2,0,87.6,GREEN
SGR_ZONE_138,7,9.96,0.31,25,8,7,10,91.3,0,2.1,1,0,76.5,GREEN
SGR_ZONE_138,8,9.96,0.31,25,8,7,10,92.2,0,2.1,2,0,86.9,GREEN
SGR_ZONE_138,9,9.96,0.31,26,9,7,10,91.2,0,2.0,1,0,76.5,GREEN
SGR_ZONE_138,10,9.96,0.31,22,7,6,9,77.0,2,2.4,2,0,73.8,GREEN
SGR_ZONE_138,11,9.96,0.31,24,8,7,9,87.8,1,2.2,3,0,90.1,GREEN
SGR_ZONE_138,12,9.96,0.31,24,8,7,9,84.0,1,2.2,2,0,78.6,GREEN
SGR_ZONE_139,1,14.2,0.54,33,11,9,13,80.6,1,2.8,3,0,99.3,GREEN
SGR_ZONE_139,2,14.2,0.54,31,10,9,12,77.4,2,3.0,2,0,82.9,GREEN
SGR_ZONE_139,3,14.2,0.54,31,10,9,12,81.2,1,3.0,3,0,96.5,GREEN
SGR_ZONE_139,4,14.2,0.54,30,10,9,11,73.5,2,3.1,3,0,88.4,GREEN
SGR_ZONE_139,5,14.2,0.54,31,10,9,12,79.2,2,3.0,1,0,73.7,GREEN
SGR_ZONE_139,6,14.2,0.54,29,10,8,11,76.0,2,3.2,2,0,79.4,GREEN
SGR_ZONE_139,7,14.2,0.54,33,11,9,13,80.9,1,2.8,3,0,99.4,GREEN
SGR_ZONE_139,8,14.2,0.54,32,11,9,12,75.1,2,2.9,1,0,72.0,GREEN
SGR_ZONE_139,9,14.2,0.54,32,11,9,12,80.2,1,2.9,1,0,76.1,GREEN
SGR_ZONE_139,10,14.2,0.54,30,10,9,11,70.8,2,3.1,2,0,77.3,GREEN
SGR_ZONE_139,11,14.2,0.54,29,10,8,11,71.5,2,3.2,1,0,67.6,AMBER
SGR_ZONE_139,12,14.2,0.54,33,11,9,13,84.6,1,2.8,1,0,80.8,GREEN
SGR_ZONE_140,1,6.14,0.37,19,6,5,8,100.0,0,3.3,3,0,94.0,GREEN
SGR_ZONE_140,2,6.14,0.37,16,5,4,7,94.6,0,3.9,1,0,68.8,AMBER
SGR_ZONE_140,3,6.14,0.37,19,6,5,8,100.0,0,3.3,1,0,74.0,GREEN
SGR_ZONE_140,4,6.14,0.37,18,6,5,7,99.1,0,3.5,1,0,70.7,GREEN
SGR_ZONE_140,5,6.14,0.37,18,6,5,7,96.8,0,3.5,2,0,79.7,GREEN
SGR_ZONE_140,6,6.14,0.37,15,5,4,6,83.1,1,4.2,1,0,59.2,AMBER
SGR_ZONE_140,7,6.14,0.37,17,5,5,7,100.0,0,3.7,1,0,71.0,GREEN
SGR_ZONE_140,8,6.14,0.37,17,5,5,7,93.3,0,3.7,2,0,78.3,GREEN
SGR_ZONE_140,9,6.14,0.37,17,5,5,7,91.9,0,3.7,3,0,87.8,GREEN
SGR_ZONE_140,10,6.14,0.37,16,5,4,7,88.5,1,3.9,1,0,64.4,AMBER
SGR_ZONE_140,11,6.14,0.37,19,6,5,8,100.0,0,3.3,2,0,84.0,GREEN
SGR_ZONE_140,12,6.14,0.37,15,5,4,6,79.6,2,4.2,3,0,75.8,GREEN
SGR_ZONE_141,1,11.4,0.84,26,9,7,10,80.2,1,5.4,1,0,70.1,GREEN
SGR_ZONE_141,2,11.4,0.84,23,8,6,9,71.7,2,6.1,3,0,81.7,GREEN
SGR_ZONE_141,3,11.4,0.84,23,8,6,9,67.3,3,6.1,2,0,67.9,AMBER
SGR_ZONE_141,4,11.4,0.84,26,9,7,10,75.5,2,5.4,3,0,86.2,GREEN
SGR_ZONE_141,5,11.4,0.84,25,8,7,10,76.9,2,5.7,1,0,66.8,AMBER
SGR_ZONE_141,6,11.4,0.84,27,9,8,10,82.9,1,5.2,2,0,81.2,GREEN
SGR_ZONE_141,7,11.4,0.84,24,8,7,9,77.8,2,5.9,2,0,74.1,GREEN
SGR_ZONE_141,8,11.4,0.84,27,9,8,10,85.2,1,5.2,3,0,92.1,GREEN
SGR_ZONE_141,9,11.4,0.84,23,8,6,9,75.8,2,6.1,3,0,83.3,GREEN
SGR_ZONE_141,10,11.4,0.84,23,8,6,9,64.7,3,6.1,3,0,76.9,GREEN
SGR_ZONE_141,11,11.4,0.84,25,8,7,10,82.1,1,5.7,2,0,80.8,GREEN
SGR_ZONE_141,12,11.4,0.84,27,9,8,10,77.6,2,5.2,1,0,67.0,AMBER
SGR_ZONE_142,1,10.77,0.47,25,8,7,10,80.8,1,3.1,2,0,80.3,GREEN
SGR_ZONE_142,2,10.77,0.47,25,8,7,10,76.3,2,3.1,3,0,86.5,GREEN
SGR_ZONE_142,3,10.77,0.47,26,9,7,10,90.3,0,3.0,2,0,86.1,GREEN
SGR_ZONE_142,4,10.77,0.47,23,8,6,9,78.6,2,3.4,3,0,84.4,GREEN
SGR_ZONE_142,5,10.77,0.47,22,7,6,9,66.0,3,3.6,3,0,77.4,GREEN
SGR_ZONE_142,6,10.77,0.47,22,7,6,9,66.5,3,3.6,1,0,57.6,AMBER
SGR_ZONE_142,7,10.77,0.47,26,9,7,10,82.7,1,3.0,2,0,81.1,GREEN
SGR_ZONE_142,8,10.77,0.47,24,8,7,9,74.7,2,3.3,2,0,72.9,GREEN
SGR_ZONE_142,9,10.77,0.47,24,8,7,9,79.7,2,3.3,1,0,64.9,AMBER
SGR_ZONE_142,10,10.77,0.47,24,8,7,9,76.0,2,3.3,3,0,83.4,GREEN
SGR_ZONE_142,11,10.77,0.47,22,7,6,9,69.3,3,3.6,1,0,58.7,AMBER
SGR_ZONE_142,12,10.77,0.47,25,8,7,10,86.6,1,3.1,3,0,92.6,GREEN
SGR_ZONE_143,1,3.86,0.76,13,4,3,6,100.0,0,9.8,3,0,88.0,GREEN
SGR_ZONE_143,2,3.86,0.76,13,4,3,6,100.0,0,9.8,3,0,88.0,GREEN
SGR_ZONE_143,3,3.86,0.76,12,4,3,5,100.0,0,10.6,1,0,65.0,AMBER
SGR_ZONE_143,4,3.86,0.76,15,5,4,6,100.0,0,8.5,2,0,78.0,GREEN
SGR_ZONE_143,5,3.86,0.76,12,4,3,5,100.0,0,10.6,2,0,75.0,GREEN
SGR_ZONE_143,6,3.86,0.76,12,4,3,5,100.0,0,10.6,1,0,65.0,AMBER
SGR_ZONE_143,7,3.86,0.76,11,3,3,5,95.8,0,11.6,2,0,73.3,GREEN
SGR_ZONE_143,8,3.86,0.76,13,4,3,6,100.0,0,9.8,3,0,88.0,GREEN
SGR_ZONE_143,9,3.86,0.76,12,4,3,5,100.0,0,10.6,3,0,85.0,GREEN
SGR_ZONE_143,10,3.86,0.76,15,5,4,6,100.0,0,8.5,2,0,78.0,GREEN
SGR_ZONE_143,11,3.86,0.76,15,5,4,6,100.0,0,8.5,3,0,88.0,GREEN
SGR_ZONE_143,12,3.86,0.76,13,4,3,6,100.0,0,9.8,2,0,78.0,GREEN
SGR_ZONE_144,1,13.16,0.39,31,10,9,12,85.6,1,2.1,2,0,88.2,GREEN
SGR_ZONE_144,2,13.16,0.39,30,10,9,11,81.3,1,2.2,3,0,93.5,GREEN
SGR_ZONE_144,3,13.16,0.39,31,10,9,12,75.3,2,2.1,3,0,92.1,GREEN
SGR_ZONE_144,4,13.16,0.39,27,9,8,10,71.4,2,2.4,2,0,74.5,GREEN
SGR_ZONE_144,5,13.16,0.39,30,10,9,11,74.8,2,2.2,3,0,88.9,GREEN
SGR_ZONE_144,6,13.16,0.39,29,10,8,11,79.5,2,2.3,1,0,70.8,GREEN
SGR_ZONE_144,7,13.16,0.39,28,9,8,11,72.8,2,2.4,1,0,68.1,AMBER
SGR_ZONE_144,8,13.16,0.39,27,9,8,10,68.8,3,2.4,1,0,61.5,AMBER
SGR_ZONE_144,9,13.16,0.39,29,10,8,11,81.3,1,2.3,3,0,93.5,GREEN
SGR_ZONE_144,10,13.16,0.39,30,10,9,11,85.9,1,2.2,3,0,95.4,GREEN
SGR_ZONE_144,11,13.16,0.39,30,10,9,11,79.0,2,2.2,1,0,70.6,GREEN
SGR_ZONE_144,12,13.16,0.39,31,10,9,12,79.9,2,2.1,1,0,74.0,GREEN
SGR_ZONE_145,1,5.96,0.4,14,4,4,6,81.9,1,4.8,2,0,68.8,AMBER
SGR_ZONE_145,2,5.96,0.4,15,5,4,6,93.4,0,4.5,3,0,85.4,GREEN
SGR_ZONE_145,3,5.96,0.4,15,5,4,6,92.7,0,4.5,1,0,65.1,AMBER
SGR_ZONE_145,4,5.96,0.4,13,4,3,6,73.5,2,5.1,1,0,53.4,AMBER
SGR_ZONE_145,5,5.96,0.4,16,5,4,7,97.3,0,4.2,1,0,69.9,AMBER
SGR_ZONE_145,6,5.96,0.4,14,4,4,6,82.9,1,4.8,2,0,69.2,AMBER
SGR_ZONE_145,7,5.96,0.4,13,4,3,6,74.0,2,5.1,2,0,63.6,AMBER
SGR_ZONE_145,8,5.96,0.4,17,5,5,7,95.5,0,3.9,1,0,69.2,AMBER
SGR_ZONE_145,9,5.96,0.4,13,4,3,6,73.5,2,5.1,3,0,73.4,GREEN
SGR_ZONE_145,10,5.96,0.4,14,4,4,6,78.5,2,4.8,2,0,65.4,AMBER
SGR_ZONE_145,11,5.96,0.4,13,4,3,6,80.4,1,5.1,1,0,58.2,AMBER
SGR_ZONE_145,12,5.96,0.4,16,5,4,7,95.5,0,4.2,1,0,69.2,AMBER
SGR_ZONE_146,1,12.63,0.93,28,9,8,11,80.8,1,5.6,3,0,93.3,GREEN
SGR_ZONE_146,2,12.63,0.93,27,9,8,10,72.1,2,5.8,3,0,84.9,GREEN
SGR_ZONE_146,3,12.63,0.93,28,9,8,11,84.6,1,5.6,3,0,94.9,GREEN
SGR_ZONE_146,4,12.63,0.93,28,9,8,11,81.9,1,5.6,1,0,73.7,GREEN
SGR_ZONE_146,5,12.63,0.93,27,9,8,10,74.5,2,5.8,3,0,85.8,GREEN
SGR_ZONE_146,6,12.63,0.93,27,9,8,10,76.5,2,5.8,1,0,66.6,AMBER
SGR_ZONE_146,7,12.63,0.93,31,10,9,12,91.7,0,5.0,2,0,92.7,GREEN
SGR_ZONE_146,8,12.63,0.93,27,9,8,10,76.3,2,5.8,2,0,76.5,GREEN
SGR_ZONE_146,9,12.63,0.93,28,9,8,11,73.2,2,5.6,2,0,78.3,GREEN
SGR_ZONE_146,10,12.63,0.93,29,10,8,11,74.4,2,5.4,2,0,78.8,GREEN
SGR_ZONE_146,11,12.63,0.93,27,9,8,10,71.5,2,5.8,1,0,64.6,AMBER
SGR_ZONE_146,12,12.63,0.93,30,10,9,11,83.8,1,5.2,2,0,84.5,GREEN
SGR_ZONE_147,1,2.95,0.82,9,3,2,4,100.0,0,15.3,3,0,82.0,GREEN
SGR_ZONE_147,2,2.95,0.82,9,3,2,4,100.0,0,15.3,2,0,72.0,GREEN
SGR_ZONE_147,3,2.95,0.82,7,2,2,3,83.3,1,19.7,2,0,60.3,AMBER
SGR_ZONE_147,4,2.95,0.82,6,2,1,3,75.9,2,23.0,2,0,55.4,AMBER
SGR_ZONE_147,5,2.95,0.82,10,3,3,4,100.0,0,13.8,3,0,82.0,GREEN
SGR_ZONE_147,6,2.95,0.82,10,3,3,4,100.0,0,13.8,3,0,82.0,GREEN
SGR_ZONE_147,7,2.95,0.82,7,2,2,3,95.5,0,19.7,3,0,77.2,GREEN
SGR_ZONE_147,8,2.95,0.82,7,2,2,3,90.5,0,19.7,3,0,75.2,GREEN
SGR_ZONE_147,9,2.95,0.82,7,2,2,3,97.3,0,19.7,2,0,67.9,AMBER
SGR_ZONE_147,10,2.95,0.82,7,2,2,3,90.6,0,19.7,2,0,65.2,AMBER
SGR_ZONE_147,11,2.95,0.82,6,2,1,3,82.9,1,23.0,3,0,70.1,GREEN
SGR_ZONE_147,12,2.95,0.82,10,3,3,4,100.0,0,13.8,2,0,72.0,GREEN
SGR_ZONE_148,1,13.16,0.53,30,10,9,11,73.8,2,3.0,2,0,78.5,GREEN
SGR_ZONE_148,2,13.16,0.53,31,10,9,12,86.9,1,2.9,2,0,88.8,GREEN
SGR_ZONE_148,3,13.16,0.53,28,9,8,11,81.1,1,3.2,1,0,73.4,GREEN
SGR_ZONE_148,4,13.16,0.53,30,10,9,11,78.3,2,3.0,1,0,70.3,GREEN
SGR_ZONE_148,5,13.16,0.53,31,10,9,12,80.7,1,2.9,2,0,86.3,GREEN
SGR_ZONE_148,6,13.16,0.53,32,11,9,12,90.2,0,2.8,2,0,92.1,GREEN
SGR_ZONE_148,7,13.16,0.53,32,11,9,12,88.1,1,2.8,2,0,89.2,GREEN
SGR_ZONE_148,8,13.16,0.53,29,10,8,11,82.0,1,3.1,2,0,83.8,GREEN
SGR_ZONE_148,9,13.16,0.53,29,10,8,11,73.8,2,3.1,1,0,68.5,AMBER
SGR_ZONE_148,10,13.16,0.53,28,9,8,11,79.5,2,3.2,2,0,80.8,GREEN
SGR_ZONE_148,11,13.16,0.53,30,10,9,11,81.4,1,3.0,3,0,93.6,GREEN
SGR_ZONE_148,12,13.16,0.53,28,9,8,11,67.9,3,3.2,3,0,84.1,GREEN
SGR_ZONE_149,1,11.89,0.33,32,11,9,12,88.2,1,1.7,1,0,79.3,GREEN
SGR_ZONE_149,2,11.89,0.33,30,10,9,11,87.9,1,1.8,1,0,76.1,GREEN
SGR_ZONE_149,3,11.89,0.33,32,11,9,12,88.5,1,1.7,3,0,99.4,GREEN
SGR_ZONE_149,4,11.89,0.33,32,11,9,12,93.7,0,1.7,2,0,93.5,GREEN
SGR_ZONE_149,5,11.89,0.33,31,10,9,12,95.1,0,1.8,2,0,94.0,GREEN
SGR_ZONE_149,6,11.89,0.33,30,10,9,11,80.9,1,1.8,3,0,93.4,GREEN
SGR_ZONE_149,7,11.89,0.33,31,10,9,12,92.7,0,1.8,3,0,100.0,GREEN
SGR_ZONE_149,8,11.89,0.33,29,10,8,11,83.5,1,1.9,2,0,84.4,GREEN
SGR_ZONE_149,9,11.89,0.33,30,10,9,11,91.2,0,1.8,2,0,89.5,GREEN
SGR_ZONE_149,10,11.89,0.33,32,11,9,12,93.1,0,1.7,2,0,93.3,GREEN
SGR_ZONE_149,11,11.89,0.33,28,9,8,11,84.7,1,2.0,2,0,84.9,GREEN
SGR_ZONE_149,12,11.89,0.33,32,11,9,12,92.5,0,1.7,3,0,100.0,GREEN
SGR_ZONE_150,1,6.91,0.59,19,6,5,8,100.0,0,5.2,3,0,94.0,GREEN
SGR_ZONE_150,2,6.91,0.59,16,5,4,7,86.0,1,6.2,1,0,63.4,AMBER
SGR_ZONE_150,3,6.91,0.59,17,5,5,7,94.2,0,5.8,1,0,68.7,AMBER
SGR_ZONE_150,4,6.91,0.59,16,5,4,7,86.5,1,6.2,1,0,63.6,AMBER
SGR_ZONE_150,5,6.91,0.59,19,6,5,8,95.1,0,5.2,3,0,92.1,GREEN
SGR_ZONE_150,6,6.91,0.59,17,5,5,7,82.9,1,5.8,2,0,72.2,GREEN
SGR_ZONE_150,7,6.91,0.59,15,5,4,6,84.1,1,6.6,3,0,79.6,GREEN
SGR_ZONE_150,8,6.91,0.59,17,5,5,7,92.4,0,5.8,3,0,88.0,GREEN
SGR_ZONE_150,9,6.91,0.59,16,5,4,7,88.9,1,6.2,1,0,64.5,AMBER
SGR_ZONE_150,10,6.91,0.59,15,5,4,6,78.4,2,6.6,2,0,65.4,AMBER
SGR_ZONE_150,11,6.91,0.59,16,5,4,7,77.2,2,6.2,2,0,67.9,AMBER
SGR_ZONE_150,12,6.91,0.59,18,6,5,7,93.3,0,5.5,1,0,68.3,AMBER
