Event_ID,Zone_ID,Date,Month,Season,Hour,Detection_Status,Outcome,Method,Response_Time_Min,Weather_Condition
EVT_001_00001,SGR_ZONE_001,2023-01-01,1,Winter,23,1,Alert Triggered,Vehicle,28.0,Cloudy
EVT_001_00002,SGR_ZONE_001,2023-01-01,1,Winter,22,1,Alert Triggered,Foot Patrol,25.0,Cloudy
EVT_001_00003,SGR_ZONE_001,2023-01-01,1,Winter,1,1,Neutralized,Vehicle,46.0,Clear
EVT_001_00004,SGR_ZONE_001,2023-01-01,1,Winter,4,0,Undetected,Foot Patrol,,Cloudy
EVT_001_00005,SGR_ZONE_001,2023-03-02,3,Spring,2,1,Retreated,Foot Patrol,29.0,Snow
EVT_001_00006,SGR_ZONE_001,2023-03-02,3,Spring,2,0,Undetected,Foot Patrol,,Cloudy
EVT_001_00007,SGR_ZONE_001,2023-03-02,3,Spring,0,1,Retreated,Foot Patrol,18.0,Clear
EVT_001_00008,SGR_ZONE_001,2023-04-01,4,Spring,1,0,Undetected,Foot Patrol,,Cloudy
EVT_001_00009,SGR_ZONE_001,2023-05-31,5,Spring,2,1,Retreated,Unknown,35.0,Snow
EVT_001_00010,SGR_ZONE_001,2023-08-29,8,Monsoon,23,1,Retreated,Foot Patrol,22.0,Cloudy
EVT_001_00011,SGR_ZONE_001,2023-12-27,12,Winter,23,1,Neutralized,Foot Patrol,5.0,Clear
EVT_001_00012,SGR_ZONE_001,2023-12-27,12,Winter,22,1,Retreated,Drone (Suspicious),37.0,Cloudy
EVT_001_00013,SGR_ZONE_001,2023-12-27,12,Winter,3,1,Alert Triggered,Unknown,16.0,Clear
EVT_001_00014,SGR_ZONE_001,2023-12-27,12,Winter,22,0,Undetected,Foot Patrol,,Fog
EVT_001_00015,SGR_ZONE_001,2024-01-26,1,Winter,1,1,Retreated,Drone (Suspicious),43.0,Clear
EVT_001_00016,SGR_ZONE_001,2024-01-26,1,Winter,1,1,Retreated,Foot Patrol,36.0,Cloudy
EVT_001_00017,SGR_ZONE_001,2024-01-26,1,Winter,23,1,Alert Triggered,Foot Patrol,49.0,Cloudy
EVT_001_00018,SGR_ZONE_001,2024-01-26,1,Winter,23,1,Retreated,Vehicle,32.0,Snow
EVT_001_00019,SGR_ZONE_001,2024-02-25,2,Winter,2,1,Alert Triggered,Unknown,43.0,Snow
EVT_001_00020,SGR_ZONE_001,2024-02-25,2,Winter,23,0,Undetected,Foot Patrol,,Clear
EVT_001_00021,SGR_ZONE_001,2024-02-25,2,Winter,23,0,Undetected,Vehicle,,Cloudy
EVT_001_00022,SGR_ZONE_001,2024-02-25,2,Winter,1,0,Undetected,Foot Patrol,,Clear
EVT_001_00023,SGR_ZONE_001,2024-02-25,2,Winter,23,1,Retreated,Foot Patrol,56.0,Clear
EVT_001_00024,SGR_ZONE_001,2024-03-26,3,Spring,4,1,Alert Triggered,Foot Patrol,27.0,Clear
EVT_001_00025,SGR_ZONE_001,2024-03-26,3,Spring,3,0,Undetected,Foot Patrol,,Cloudy
EVT_001_00026,SGR_ZONE_001,2024-03-26,3,Spring,4,1,Retreated,Drone (Suspicious),21.0,Fog
EVT_001_00027,SGR_ZONE_001,2024-04-25,4,Spring,0,1,Alert Triggered,Foot Patrol,10.0,Cloudy
EVT_001_00028,SGR_ZONE_001,2024-04-25,4,Spring,2,0,Undetected,Foot Patrol,,Fog
EVT_001_00029,SGR_ZONE_001,2024-04-25,4,Spring,2,1,Neutralized,Unknown,44.0,Clear
EVT_001_00030,SGR_ZONE_001,2024-05-25,5,Spring,23,1,Alert Triggered,Unknown,39.0,Clear
EVT_001_00031,SGR_ZONE_001,2024-05-25,5,Spring,23,1,Retreated,Foot Patrol,5.0,Clear
EVT_001_00032,SGR_ZONE_001,2024-06-24,6,Monsoon,23,1,Alert Triggered,Unknown,37.0,Cloudy
EVT_001_00033,SGR_ZONE_001,2024-06-24,6,Monsoon,22,0,Undetected,Unknown,,Cloudy
EVT_001_00034,SGR_ZONE_001,2024-06-24,6,Monsoon,22,1,Retreated,Foot Patrol,50.0,Cloudy
EVT_001_00035,SGR_ZONE_001,2024-06-24,6,Monsoon,1,1,Neutralized,Drone (Suspicious),37.0,Cloudy
EVT_001_00036,SGR_ZONE_001,2024-07-24,7,Monsoon,0,1,Retreated,Foot Patrol,52.0,Clear
EVT_002_00037,SGR_ZONE_002,2023-01-01,1,Winter,4,1,Alert Triggered,Vehicle,38.0,Clear
EVT_002_00038,SGR_ZONE_002,2023-01-01,1,Winter,1,0,Undetected,Unknown,,Clear
EVT_002_00039,SGR_ZONE_002,2023-01-31,1,Winter,22,1,Retreated,Foot Patrol,10.0,Clear
EVT_002_00040,SGR_ZONE_002,2023-01-31,1,Winter,22,1,Retreated,Unknown,39.0,Snow
EVT_002_00041,SGR_ZONE_002,2023-01-31,1,Winter,22,0,Undetected,Foot Patrol,,Clear
EVT_002_00042,SGR_ZONE_002,2023-03-02,3,Spring,0,1,Alert Triggered,Foot Patrol,54.0,Cloudy
EVT_002_00043,SGR_ZONE_002,2023-03-02,3,Spring,4,0,Undetected,Vehicle,,Fog
EVT_002_00044,SGR_ZONE_002,2023-04-01,4,Spring,23,1,Alert Triggered,Unknown,17.0,Clear
EVT_002_00045,SGR_ZONE_002,2023-04-01,4,Spring,22,1,Neutralized,Foot Patrol,50.0,Fog
EVT_002_00046,SGR_ZONE_002,2023-04-01,4,Spring,2,0,Undetected,Foot Patrol,,Clear
EVT_002_00047,SGR_ZONE_002,2023-04-01,4,Spring,0,0,Undetected,Foot Patrol,,Cloudy
EVT_002_00048,SGR_ZONE_002,2023-05-01,5,Spring,22,0,Undetected,Unknown,,Clear
EVT_002_00049,SGR_ZONE_002,2023-05-01,5,Spring,22,1,Retreated,Foot Patrol,9.0,Cloudy
EVT_002_00050,SGR_ZONE_002,2023-05-31,5,Spring,0,1,Neutralized,Foot Patrol,54.0,Cloudy
EVT_002_00051,SGR_ZONE_002,2023-05-31,5,Spring,23,1,Neutralized,Foot Patrol,59.0,Clear
EVT_002_00052,SGR_ZONE_002,2023-06-30,6,Monsoon,22,1,Retreated,Foot Patrol,5.0,Cloudy
EVT_002_00053,SGR_ZONE_002,2023-08-29,8,Monsoon,23,1,Retreated,Vehicle,9.0,Cloudy
EVT_002_00054,SGR_ZONE_002,2023-08-29,8,Monsoon,0,1,Retreated,Drone (Suspicious),33.0,Clear
EVT_002_00055,SGR_ZONE_002,2023-09-28,9,Autumn,22,0,Undetected,Drone (Suspicious),,Cloudy
EVT_002_00056,SGR_ZONE_002,2023-10-28,10,Autumn,0,1,Neutralized,Foot Patrol,27.0,Clear
EVT_002_00057,SGR_ZONE_002,2023-11-27,11,Autumn,22,1,Retreated,Vehicle,49.0,Clear
EVT_002_00058,SGR_ZONE_002,2023-11-27,11,Autumn,22,0,Undetected,Foot Patrol,,Cloudy
EVT_002_00059,SGR_ZONE_002,2023-11-27,11,Autumn,3,0,Undetected,Foot Patrol,,Cloudy
EVT_002_00060,SGR_ZONE_002,2023-12-27,12,Winter,4,1,Neutralized,Foot Patrol,35.0,Clear
EVT_002_00061,SGR_ZONE_002,2023-12-27,12,Winter,22,0,Undetected,Foot Patrol,,Cloudy
EVT_002_00062,SGR_ZONE_002,2023-12-27,12,Winter,0,1,Retreated,Foot Patrol,11.0,Clear
EVT_002_00063,SGR_ZONE_002,2023-12-27,12,Winter,1,1,Alert Triggered,Drone (Suspicious),25.0,Snow
EVT_002_00064,SGR_ZONE_002,2024-01-26,1,Winter,0,1,Neutralized,Foot Patrol,36.0,Clear
EVT_002_00065,SGR_ZONE_002,2024-01-26,1,Winter,3,1,Retreated,Drone (Suspicious),29.0,Clear
EVT_002_00066,SGR_ZONE_002,2024-01-26,1,Winter,0,1,Retreated,Foot Patrol,17.0,Fog
EVT_002_00067,SGR_ZONE_002,2024-02-25,2,Winter,3,1,Retreated,Unknown,56.0,Cloudy
EVT_002_00068,SGR_ZONE_002,2024-02-25,2,Winter,1,1,Neutralized,Foot Patrol,25.0,Fog
EVT_002_00069,SGR_ZONE_002,2024-03-26,3,Spring,0,1,Retreated,Foot Patrol,27.0,Cloudy
EVT_002_00070,SGR_ZONE_002,2024-03-26,3,Spring,1,1,Retreated,Unknown,21.0,Clear
EVT_002_00071,SGR_ZONE_002,2024-03-26,3,Spring,22,1,Neutralized,Unknown,6.0,Clear
EVT_002_00072,SGR_ZONE_002,2024-04-25,4,Spring,4,0,Undetected,Foot Patrol,,Fog
EVT_002_00073,SGR_ZONE_002,2024-05-25,5,Spring,1,1,Retreated,Unknown,43.0,Cloudy
EVT_002_00074,SGR_ZONE_002,2024-05-25,5,Spring,23,1,Retreated,Drone (Suspicious),12.0,Clear
EVT_002_00075,SGR_ZONE_002,2024-05-25,5,Spring,1,1,Retreated,Unknown,53.0,Clear
EVT_002_00076,SGR_ZONE_002,2024-05-25,5,Spring,0,1,Alert Triggered,Unknown,49.0,Clear
EVT_002_00077,SGR_ZONE_002,2024-05-25,5,Spring,2,1,Alert Triggered,Foot Patrol,39.0,Cloudy
EVT_002_00078,SGR_ZONE_002,2024-09-22,9,Autumn,23,1,Neutralized,Unknown,58.0,Cloudy
EVT_003_00079,SGR_ZONE_003,2023-01-01,1,Winter,23,1,Alert Triggered,Foot Patrol,32.0,Clear
EVT_003_00080,SGR_ZONE_003,2023-01-31,1,Winter,1,1,Neutralized,Foot Patrol,41.0,Snow
EVT_003_00081,SGR_ZONE_003,2023-03-02,3,Spring,2,1,Neutralized,Unknown,10.0,Snow
EVT_003_00082,SGR_ZONE_003,2023-03-02,3,Spring,1,1,Retreated,Unknown,54.0,Cloudy
EVT_003_00083,SGR_ZONE_003,2023-03-02,3,Spring,23,1,Retreated,Foot Patrol,51.0,Clear
EVT_003_00084,SGR_ZONE_003,2023-03-02,3,Spring,0,1,Alert Triggered,Unknown,17.0,Clear
EVT_003_00085,SGR_ZONE_003,2023-04-01,4,Spring,22,0,Undetected,Foot Patrol,,Cloudy
EVT_003_00086,SGR_ZONE_003,2023-05-01,5,Spring,1,1,Retreated,Foot Patrol,13.0,Clear
EVT_003_00087,SGR_ZONE_003,2023-05-01,5,Spring,4,1,Neutralized,Vehicle,36.0,Clear
EVT_003_00088,SGR_ZONE_003,2023-05-01,5,Spring,23,0,Undetected,Foot Patrol,,Cloudy
EVT_003_00089,SGR_ZONE_003,2023-05-01,5,Spring,2,1,Alert Triggered,Unknown,34.0,Fog
EVT_003_00090,SGR_ZONE_003,2023-05-31,5,Spring,22,1,Retreated,Drone (Suspicious),55.0,Snow
EVT_003_00091,SGR_ZONE_003,2023-05-31,5,Spring,1,1,Retreated,Vehicle,19.0,Cloudy
EVT_003_00092,SGR_ZONE_003,2023-06-30,6,Monsoon,1,1,Retreated,Unknown,9.0,Fog
EVT_003_00093,SGR_ZONE_003,2023-06-30,6,Monsoon,0,1,Retreated,Foot Patrol,9.0,Snow
EVT_003_00094,SGR_ZONE_003,2023-06-30,6,Monsoon,0,0,Undetected,Vehicle,,Clear
EVT_003_00095,SGR_ZONE_003,2023-07-30,7,Monsoon,22,0,Undetected,Foot Patrol,,Clear
EVT_003_00096,SGR_ZONE_003,2023-08-29,8,Monsoon,23,1,Retreated,Vehicle,54.0,Cloudy
EVT_003_00097,SGR_ZONE_003,2023-08-29,8,Monsoon,23,1,Retreated,Foot Patrol,26.0,Clear
EVT_003_00098,SGR_ZONE_003,2023-09-28,9,Autumn,0,1,Retreated,Vehicle,49.0,Clear
EVT_003_00099,SGR_ZONE_003,2023-10-28,10,Autumn,0,1,Retreated,Foot Patrol,52.0,Clear
EVT_003_00100,SGR_ZONE_003,2023-11-27,11,Autumn,23,1,Retreated,Foot Patrol,30.0,Fog
EVT_003_00101,SGR_ZONE_003,2023-11-27,11,Autumn,0,1,Neutralized,Foot Patrol,55.0,Fog
EVT_003_00102,SGR_ZONE_003,2023-11-27,11,Autumn,2,1,Retreated,Foot Patrol,42.0,Cloudy
EVT_003_00103,SGR_ZONE_003,2023-12-27,12,Winter,0,1,Retreated,Foot Patrol,30.0,Cloudy
EVT_003_00104,SGR_ZONE_003,2023-12-27,12,Winter,23,0,Undetected,Foot Patrol,,Clear
EVT_003_00105,SGR_ZONE_003,2024-01-26,1,Winter,1,1,Retreated,Vehicle,46.0,Clear
EVT_003_00106,SGR_ZONE_003,2024-01-26,1,Winter,0,1,Retreated,Foot Patrol,49.0,Clear
EVT_003_00107,SGR_ZONE_003,2024-01-26,1,Winter,3,0,Undetected,Foot Patrol,,Clear
EVT_003_00108,SGR_ZONE_003,2024-02-25,2,Winter,2,1,Alert Triggered,Foot Patrol,35.0,Cloudy
EVT_003_00109,SGR_ZONE_003,2024-02-25,2,Winter,4,0,Undetected,Foot Patrol,,Snow
EVT_003_00110,SGR_ZONE_003,2024-02-25,2,Winter,2,1,Neutralized,Foot Patrol,55.0,Fog
EVT_003_00111,SGR_ZONE_003,2024-03-26,3,Spring,2,1,Alert Triggered,Drone (Suspicious),24.0,Cloudy
EVT_003_00112,SGR_ZONE_003,2024-03-26,3,Spring,23,0,Undetected,Vehicle,,Clear
EVT_003_00113,SGR_ZONE_003,2024-03-26,3,Spring,0,0,Undetected,Foot Patrol,,Cloudy
EVT_003_00114,SGR_ZONE_003,2024-04-25,4,Spring,23,1,Neutralized,Unknown,17.0,Cloudy
EVT_003_00115,SGR_ZONE_003,2024-05-25,5,Spring,22,0,Undetected,Foot Patrol,,Cloudy
EVT_003_00116,SGR_ZONE_003,2024-06-24,6,Monsoon,2,1,Retreated,Unknown,15.0,Snow
EVT_003_00117,SGR_ZONE_003,2024-06-24,6,Monsoon,23,0,Undetected,Drone (Suspicious),,Cloudy
EVT_003_00118,SGR_ZONE_003,2024-06-24,6,Monsoon,2,1,Retreated,Foot Patrol,34.0,Fog
EVT_003_00119,SGR_ZONE_003,2024-09-22,9,Autumn,23,1,Alert Triggered,Foot Patrol,46.0,Clear
EVT_003_00120,SGR_ZONE_003,2024-11-21,11,Autumn,0,0,Undetected,Drone (Suspicious),,Cloudy
EVT_003_00121,SGR_ZONE_003,2024-11-21,11,Autumn,23,1,Retreated,Vehicle,44.0,Clear
EVT_003_00122,SGR_ZONE_003,2024-11-21,11,Autumn,0,1,Retreated,Drone (Suspicious),46.0,Clear
EVT_004_00123,SGR_ZONE_004,2023-01-01,1,Winter,23,1,Retreated,Foot Patrol,26.0,Fog
EVT_004_00124,SGR_ZONE_004,2023-01-01,1,Winter,0,1,Neutralized,Vehicle,51.0,Fog
EVT_004_00125,SGR_ZONE_004,2023-01-01,1,Winter,22,0,Undetected,Drone (Suspicious),,Clear
EVT_004_00126,SGR_ZONE_004,2023-01-01,1,Winter,23,1,Retreated,Vehicle,55.0,Cloudy
EVT_004_00127,SGR_ZONE_004,2023-01-01,1,Winter,1,1,Alert Triggered,Unknown,44.0,Cloudy
EVT_004_00128,SGR_ZONE_004,2023-01-31,1,Winter,3,1,Retreated,Vehicle,29.0,Clear
EVT_004_00129,SGR_ZONE_004,2023-01-31,1,Winter,1,1,Neutralized,Unknown,9.0,Snow
EVT_004_00130,SGR_ZONE_004,2023-03-02,3,Spring,0,1,Retreated,Drone (Suspicious),44.0,Fog
EVT_004_00131,SGR_ZONE_004,2023-03-02,3,Spring,3,0,Undetected,Foot Patrol,,Clear
EVT_004_00132,SGR_ZONE_004,2023-04-01,4,Spring,2,1,Retreated,Foot Patrol,19.0,Clear
EVT_004_00133,SGR_ZONE_004,2023-05-01,5,Spring,23,0,Undetected,Foot Patrol,,Clear
EVT_004_00134,SGR_ZONE_004,2023-05-31,5,Spring,3,0,Undetected,Foot Patrol,,Fog
EVT_004_00135,SGR_ZONE_004,2023-05-31,5,Spring,0,1,Retreated,Foot Patrol,28.0,Cloudy
EVT_004_00136,SGR_ZONE_004,2023-07-30,7,Monsoon,22,0,Undetected,Drone (Suspicious),,Clear
EVT_004_00137,SGR_ZONE_004,2023-09-28,9,Autumn,23,1,Alert Triggered,Foot Patrol,24.0,Cloudy
EVT_004_00138,SGR_ZONE_004,2023-10-28,10,Autumn,4,1,Retreated,Foot Patrol,27.0,Cloudy
EVT_004_00139,SGR_ZONE_004,2023-11-27,11,Autumn,1,1,Alert Triggered,Vehicle,5.0,Fog
EVT_004_00140,SGR_ZONE_004,2023-11-27,11,Autumn,0,1,Retreated,Foot Patrol,42.0,Fog
EVT_004_00141,SGR_ZONE_004,2023-11-27,11,Autumn,22,1,Neutralized,Drone (Suspicious),14.0,Clear
EVT_004_00142,SGR_ZONE_004,2023-12-27,12,Winter,23,1,Retreated,Foot Patrol,59.0,Clear
EVT_004_00143,SGR_ZONE_004,2023-12-27,12,Winter,23,1,Retreated,Foot Patrol,41.0,Clear
EVT_004_00144,SGR_ZONE_004,2023-12-27,12,Winter,1,1,Neutralized,Foot Patrol,18.0,Cloudy
EVT_004_00145,SGR_ZONE_004,2024-01-26,1,Winter,0,1,Neutralized,Vehicle,37.0,Clear
EVT_004_00146,SGR_ZONE_004,2024-01-26,1,Winter,22,0,Undetected,Vehicle,,Cloudy
EVT_004_00147,SGR_ZONE_004,2024-01-26,1,Winter,2,1,Retreated,Foot Patrol,6.0,Clear
EVT_004_00148,SGR_ZONE_004,2024-01-26,1,Winter,22,1,Retreated,Drone (Suspicious),13.0,Cloudy
EVT_004_00149,SGR_ZONE_004,2024-02-25,2,Winter,22,1,Retreated,Unknown,36.0,Cloudy
EVT_004_00150,SGR_ZONE_004,2024-02-25,2,Winter,22,1,Retreated,Vehicle,43.0,Clear
EVT_004_00151,SGR_ZONE_004,2024-02-25,2,Winter,1,0,Undetected,Foot Patrol,,Snow
EVT_004_00152,SGR_ZONE_004,2024-03-26,3,Spring,2,1,Neutralized,Foot Patrol,42.0,Fog
EVT_004_00153,SGR_ZONE_004,2024-03-26,3,Spring,23,0,Undetected,Foot Patrol,,Snow
EVT_004_00154,SGR_ZONE_004,2024-03-26,3,Spring,2,1,Retreated,Vehicle,11.0,Cloudy
EVT_004_00155,SGR_ZONE_004,2024-03-26,3,Spring,2,0,Undetected,Drone (Suspicious),,Cloudy
EVT_004_00156,SGR_ZONE_004,2024-04-25,4,Spring,22,1,Neutralized,Unknown,15.0,Clear
EVT_004_00157,SGR_ZONE_004,2024-04-25,4,Spring,1,1,Retreated,Foot Patrol,51.0,Snow
EVT_004_00158,SGR_ZONE_004,2024-04-25,4,Spring,22,1,Neutralized,Vehicle,23.0,Cloudy
EVT_004_00159,SGR_ZONE_004,2024-05-25,5,Spring,0,0,Undetected,Foot Patrol,,Fog
EVT_004_00160,SGR_ZONE_004,2024-06-24,6,Monsoon,22,0,Undetected,Foot Patrol,,Cloudy
EVT_004_00161,SGR_ZONE_004,2024-07-24,7,Monsoon,2,1,Retreated,Foot Patrol,38.0,Clear
EVT_004_00162,SGR_ZONE_004,2024-07-24,7,Monsoon,23,1,Alert Triggered,Drone (Suspicious),59.0,Cloudy
EVT_004_00163,SGR_ZONE_004,2024-09-22,9,Autumn,4,1,Retreated,Drone (Suspicious),41.0,Cloudy
EVT_005_00164,SGR_ZONE_005,2023-01-01,1,Winter,23,1,Alert Triggered,Foot Patrol,14.0,Cloudy
EVT_005_00165,SGR_ZONE_005,2023-01-01,1,Winter,4,1,Retreated,Foot Patrol,19.0,Cloudy
EVT_005_00166,SGR_ZONE_005,2023-01-31,1,Winter,2,1,Retreated,Unknown,21.0,Cloudy
EVT_005_00167,SGR_ZONE_005,2023-01-31,1,Winter,0,0,Undetected,Foot Patrol,,Fog
EVT_005_00168,SGR_ZONE_005,2023-01-31,1,Winter,0,1,Retreated,Vehicle,53.0,Cloudy
EVT_005_00169,SGR_ZONE_005,2023-01-31,1,Winter,1,1,Retreated,Foot Patrol,48.0,Clear
EVT_005_00170,SGR_ZONE_005,2023-01-31,1,Winter,22,1,Neutralized,Unknown,17.0,Clear
EVT_005_00171,SGR_ZONE_005,2023-03-02,3,Spring,22,1,Neutralized,Foot Patrol,48.0,Cloudy
EVT_005_00172,SGR_ZONE_005,2023-03-02,3,Spring,2,1,Retreated,Foot Patrol,43.0,Cloudy
EVT_005_00173,SGR_ZONE_005,2023-04-01,4,Spring,0,0,Undetected,Unknown,,Fog
EVT_005_00174,SGR_ZONE_005,2023-04-01,4,Spring,0,1,Alert Triggered,Foot Patrol,19.0,Clear
EVT_005_00175,SGR_ZONE_005,2023-05-01,5,Spring,3,1,Neutralized,Foot Patrol,50.0,Cloudy
EVT_005_00176,SGR_ZONE_005,2023-05-01,5,Spring,3,1,Retreated,Foot Patrol,12.0,Snow
EVT_005_00177,SGR_ZONE_005,2023-05-31,5,Spring,23,0,Undetected,Foot Patrol,,Clear
EVT_005_00178,SGR_ZONE_005,2023-05-31,5,Spring,1,0,Undetected,Foot Patrol,,Snow
EVT_005_00179,SGR_ZONE_005,2023-05-31,5,Spring,2,1,Alert Triggered,Foot Patrol,46.0,Cloudy
EVT_005_00180,SGR_ZONE_005,2023-08-29,8,Monsoon,1,1,Neutralized,Unknown,41.0,Clear
EVT_005_00181,SGR_ZONE_005,2023-08-29,8,Monsoon,2,0,Undetected,Foot Patrol,,Fog
EVT_005_00182,SGR_ZONE_005,2023-08-29,8,Monsoon,4,1,Alert Triggered,Vehicle,9.0,Fog
EVT_005_00183,SGR_ZONE_005,2023-08-29,8,Monsoon,23,1,Neutralized,Vehicle,52.0,Cloudy
EVT_005_00184,SGR_ZONE_005,2023-09-28,9,Autumn,23,1,Neutralized,Unknown,44.0,Fog
EVT_005_00185,SGR_ZONE_005,2023-10-28,10,Autumn,0,1,Retreated,Vehicle,20.0,Cloudy
EVT_005_00186,SGR_ZONE_005,2023-10-28,10,Autumn,2,1,Retreated,Unknown,29.0,Snow
EVT_005_00187,SGR_ZONE_005,2023-10-28,10,Autumn,22,0,Undetected,Foot Patrol,,Fog
EVT_005_00188,SGR_ZONE_005,2023-10-28,10,Autumn,4,1,Alert Triggered,Foot Patrol,36.0,Clear
EVT_005_00189,SGR_ZONE_005,2023-11-27,11,Autumn,2,1,Retreated,Foot Patrol,36.0,Clear
EVT_005_00190,SGR_ZONE_005,2023-11-27,11,Autumn,23,1,Neutralized,Foot Patrol,28.0,Fog
EVT_005_00191,SGR_ZONE_005,2023-12-27,12,Winter,23,1,Retreated,Unknown,32.0,Cloudy
EVT_005_00192,SGR_ZONE_005,2024-01-26,1,Winter,3,1,Neutralized,Foot Patrol,21.0,Fog
EVT_005_00193,SGR_ZONE_005,2024-01-26,1,Winter,1,1,Neutralized,Foot Patrol,22.0,Fog
EVT_005_00194,SGR_ZONE_005,2024-02-25,2,Winter,1,1,Neutralized,Foot Patrol,19.0,Fog
EVT_005_00195,SGR_ZONE_005,2024-02-25,2,Winter,23,0,Undetected,Foot Patrol,,Cloudy
EVT_005_00196,SGR_ZONE_005,2024-02-25,2,Winter,3,0,Undetected,Unknown,,Cloudy
EVT_005_00197,SGR_ZONE_005,2024-02-25,2,Winter,2,1,Alert Triggered,Drone (Suspicious),24.0,Cloudy
EVT_005_00198,SGR_ZONE_005,2024-03-26,3,Spring,0,1,Retreated,Vehicle,10.0,Fog
EVT_005_00199,SGR_ZONE_005,2024-03-26,3,Spring,0,1,Retreated,Drone (Suspicious),38.0,Clear
EVT_005_00200,SGR_ZONE_005,2024-03-26,3,Spring,22,1,Retreated,Unknown,20.0,Cloudy
EVT_005_00201,SGR_ZONE_005,2024-05-25,5,Spring,23,1,Neutralized,Foot Patrol,54.0,Fog
EVT_005_00202,SGR_ZONE_005,2024-10-22,10,Autumn,22,1,Retreated,Drone (Suspicious),29.0,Clear
EVT_005_00203,SGR_ZONE_005,2024-10-22,10,Autumn,0,1,Neutralized,Vehicle,52.0,Cloudy
EVT_005_00204,SGR_ZONE_005,2024-11-21,11,Autumn,0,0,Undetected,Drone (Suspicious),,Clear
EVT_006_00205,SGR_ZONE_006,2023-01-01,1,Winter,22,1,Retreated,Vehicle,36.0,Cloudy
EVT_006_00206,SGR_ZONE_006,2023-01-31,1,Winter,22,0,Undetected,Foot Patrol,,Cloudy
EVT_006_00207,SGR_ZONE_006,2023-01-31,1,Winter,23,1,Retreated,Unknown,37.0,Cloudy
EVT_006_00208,SGR_ZONE_006,2023-01-31,1,Winter,22,0,Undetected,Foot Patrol,,Clear
EVT_006_00209,SGR_ZONE_006,2023-01-31,1,Winter,0,1,Retreated,Vehicle,54.0,Fog
EVT_006_00210,SGR_ZONE_006,2023-01-31,1,Winter,22,1,Alert Triggered,Foot Patrol,10.0,Cloudy
EVT_006_00211,SGR_ZONE_006,2023-01-31,1,Winter,1,1,Neutralized,Unknown,12.0,Fog
EVT_006_00212,SGR_ZONE_006,2023-05-01,5,Spring,22,1,Retreated,Unknown,30.0,Cloudy
EVT_006_00213,SGR_ZONE_006,2023-05-01,5,Spring,22,1,Retreated,Drone (Suspicious),16.0,Clear
EVT_006_00214,SGR_ZONE_006,2023-05-01,5,Spring,23,1,Neutralized,Unknown,40.0,Fog
EVT_006_00215,SGR_ZONE_006,2023-05-31,5,Spring,23,1,Retreated,Foot Patrol,45.0,Cloudy
EVT_006_00216,SGR_ZONE_006,2023-05-31,5,Spring,22,1,Neutralized,Foot Patrol,19.0,Clear
EVT_006_00217,SGR_ZONE_006,2023-05-31,5,Spring,0,1,Retreated,Drone (Suspicious),24.0,Cloudy
EVT_006_00218,SGR_ZONE_006,2023-10-28,10,Autumn,0,1,Neutralized,Foot Patrol,40.0,Fog
EVT_006_00219,SGR_ZONE_006,2023-10-28,10,Autumn,3,1,Neutralized,Vehicle,58.0,Clear
EVT_006_00220,SGR_ZONE_006,2023-10-28,10,Autumn,0,1,Alert Triggered,Foot Patrol,30.0,Fog
EVT_006_00221,SGR_ZONE_006,2023-10-28,10,Autumn,3,0,Undetected,Foot Patrol,,Snow
EVT_006_00222,SGR_ZONE_006,2023-11-27,11,Autumn,2,1,Neutralized,Unknown,51.0,Cloudy
EVT_006_00223,SGR_ZONE_006,2023-12-27,12,Winter,1,1,Retreated,Unknown,9.0,Clear
EVT_006_00224,SGR_ZONE_006,2023-12-27,12,Winter,1,0,Undetected,Unknown,,Cloudy
EVT_006_00225,SGR_ZONE_006,2023-12-27,12,Winter,23,0,Undetected,Foot Patrol,,Cloudy
EVT_006_00226,SGR_ZONE_006,2024-01-26,1,Winter,23,1,Retreated,Foot Patrol,24.0,Clear
EVT_006_00227,SGR_ZONE_006,2024-01-26,1,Winter,1,1,Retreated,Drone (Suspicious),48.0,Cloudy
EVT_006_00228,SGR_ZONE_006,2024-01-26,1,Winter,2,1,Retreated,Foot Patrol,18.0,Clear
EVT_006_00229,SGR_ZONE_006,2024-02-25,2,Winter,22,0,Undetected,Unknown,,Clear
EVT_006_00230,SGR_ZONE_006,2024-02-25,2,Winter,0,0,Undetected,Foot Patrol,,Snow
EVT_006_00231,SGR_ZONE_006,2024-02-25,2,Winter,4,0,Undetected,Unknown,,Cloudy
EVT_006_00232,SGR_ZONE_006,2024-03-26,3,Spring,0,1,Neutralized,Foot Patrol,49.0,Clear
EVT_006_00233,SGR_ZONE_006,2024-03-26,3,Spring,3,1,Neutralized,Foot Patrol,59.0,Cloudy
EVT_006_00234,SGR_ZONE_006,2024-03-26,3,Spring,0,1,Neutralized,Vehicle,59.0,Snow
EVT_006_00235,SGR_ZONE_006,2024-04-25,4,Spring,23,1,Alert Triggered,Drone (Suspicious),31.0,Snow
EVT_006_00236,SGR_ZONE_006,2024-04-25,4,Spring,1,1,Neutralized,Vehicle,57.0,Cloudy
EVT_006_00237,SGR_ZONE_006,2024-05-25,5,Spring,23,1,Retreated,Unknown,29.0,Fog
EVT_006_00238,SGR_ZONE_006,2024-05-25,5,Spring,1,1,Retreated,Unknown,42.0,Clear
EVT_006_00239,SGR_ZONE_006,2024-08-23,8,Monsoon,2,0,Undetected,Vehicle,,Clear
EVT_006_00240,SGR_ZONE_006,2024-08-23,8,Monsoon,23,1,Retreated,Vehicle,33.0,Cloudy
EVT_006_00241,SGR_ZONE_006,2024-08-23,8,Monsoon,23,0,Undetected,Foot Patrol,,Clear
EVT_006_00242,SGR_ZONE_006,2024-08-23,8,Monsoon,1,1,Retreated,Foot Patrol,7.0,Cloudy
EVT_006_00243,SGR_ZONE_006,2024-08-23,8,Monsoon,4,0,Undetected,Unknown,,Fog
EVT_007_00244,SGR_ZONE_007,2023-04-01,4,Spring,0,1,Retreated,Foot Patrol,27.0,Fog
EVT_007_00245,SGR_ZONE_007,2023-07-30,7,Monsoon,23,1,Retreated,Unknown,29.0,Cloudy
EVT_007_00246,SGR_ZONE_007,2023-07-30,7,Monsoon,0,1,Retreated,Foot Patrol,18.0,Cloudy
EVT_007_00247,SGR_ZONE_007,2023-07-30,7,Monsoon,23,1,Retreated,Unknown,39.0,Cloudy
EVT_007_00248,SGR_ZONE_007,2023-09-28,9,Autumn,1,1,Alert Triggered,Unknown,34.0,Clear
EVT_007_00249,SGR_ZONE_007,2023-12-27,12,Winter,0,0,Undetected,Foot Patrol,,Cloudy
EVT_007_00250,SGR_ZONE_007,2023-12-27,12,Winter,23,1,Retreated,Unknown,5.0,Clear
EVT_007_00251,SGR_ZONE_007,2024-01-26,1,Winter,22,1,Retreated,Vehicle,30.0,Clear
EVT_007_00252,SGR_ZONE_007,2024-01-26,1,Winter,1,0,Undetected,Unknown,,Snow
EVT_007_00253,SGR_ZONE_007,2024-03-26,3,Spring,1,0,Undetected,Unknown,,Cloudy
EVT_007_00254,SGR_ZONE_007,2024-03-26,3,Spring,1,1,Retreated,Foot Patrol,54.0,Clear
EVT_007_00255,SGR_ZONE_007,2024-04-25,4,Spring,0,1,Neutralized,Foot Patrol,39.0,Cloudy
EVT_007_00256,SGR_ZONE_007,2024-04-25,4,Spring,0,1,Retreated,Vehicle,29.0,Snow
EVT_007_00257,SGR_ZONE_007,2024-07-24,7,Monsoon,1,0,Undetected,Foot Patrol,,Fog
EVT_007_00258,SGR_ZONE_007,2024-09-22,9,Autumn,22,1,Retreated,Foot Patrol,50.0,Clear
EVT_007_00259,SGR_ZONE_007,2024-09-22,9,Autumn,1,0,Undetected,Foot Patrol,,Clear
EVT_007_00260,SGR_ZONE_007,2024-09-22,9,Autumn,23,1,Retreated,Unknown,9.0,Clear
EVT_008_00261,SGR_ZONE_008,2023-01-01,1,Winter,1,1,Retreated,Foot Patrol,6.0,Snow
EVT_008_00262,SGR_ZONE_008,2023-01-01,1,Winter,1,0,Undetected,Drone (Suspicious),,Cloudy
EVT_008_00263,SGR_ZONE_008,2023-01-31,1,Winter,0,1,Neutralized,Vehicle,59.0,Cloudy
EVT_008_00264,SGR_ZONE_008,2023-03-02,3,Spring,0,1,Retreated,Vehicle,24.0,Cloudy
EVT_008_00265,SGR_ZONE_008,2023-04-01,4,Spring,4,0,Undetected,Drone (Suspicious),,Fog
EVT_008_00266,SGR_ZONE_008,2023-04-01,4,Spring,23,1,Neutralized,Foot Patrol,12.0,Fog
EVT_008_00267,SGR_ZONE_008,2023-05-31,5,Spring,2,1,Retreated,Foot Patrol,37.0,Clear
EVT_008_00268,SGR_ZONE_008,2023-07-30,7,Monsoon,23,1,Retreated,Unknown,27.0,Snow
EVT_008_00269,SGR_ZONE_008,2023-07-30,7,Monsoon,2,1,Retreated,Vehicle,41.0,Clear
EVT_008_00270,SGR_ZONE_008,2023-08-29,8,Monsoon,0,0,Undetected,Vehicle,,Cloudy
EVT_008_00271,SGR_ZONE_008,2023-08-29,8,Monsoon,1,1,Neutralized,Unknown,19.0,Cloudy
EVT_008_00272,SGR_ZONE_008,2023-10-28,10,Autumn,1,1,Alert Triggered,Vehicle,29.0,Cloudy
EVT_008_00273,SGR_ZONE_008,2023-11-27,11,Autumn,1,1,Alert Triggered,Unknown,56.0,Cloudy
EVT_008_00274,SGR_ZONE_008,2023-11-27,11,Autumn,0,1,Retreated,Foot Patrol,38.0,Cloudy
EVT_008_00275,SGR_ZONE_008,2023-12-27,12,Winter,1,0,Undetected,Vehicle,,Snow
EVT_008_00276,SGR_ZONE_008,2023-12-27,12,Winter,2,1,Alert Triggered,Foot Patrol,47.0,Cloudy
EVT_008_00277,SGR_ZONE_008,2024-01-26,1,Winter,22,1,Retreated,Foot Patrol,15.0,Fog
EVT_008_00278,SGR_ZONE_008,2024-01-26,1,Winter,1,1,Retreated,Foot Patrol,25.0,Clear
EVT_008_00279,SGR_ZONE_008,2024-02-25,2,Winter,1,1,Retreated,Unknown,21.0,Clear
EVT_008_00280,SGR_ZONE_008,2024-02-25,2,Winter,23,1,Retreated,Unknown,54.0,Clear
EVT_008_00281,SGR_ZONE_008,2024-03-26,3,Spring,0,1,Alert Triggered,Drone (Suspicious),26.0,Snow
EVT_008_00282,SGR_ZONE_008,2024-03-26,3,Spring,23,1,Retreated,Drone (Suspicious),25.0,Fog
EVT_008_00283,SGR_ZONE_008,2024-03-26,3,Spring,22,0,Undetected,Foot Patrol,,Clear
EVT_008_00284,SGR_ZONE_008,2024-04-25,4,Spring,4,1,Neutralized,Vehicle,25.0,Fog
EVT_008_00285,SGR_ZONE_008,2024-04-25,4,Spring,22,1,Neutralized,Foot Patrol,22.0,Cloudy
EVT_008_00286,SGR_ZONE_008,2024-04-25,4,Spring,0,1,Retreated,Drone (Suspicious),17.0,Clear
EVT_008_00287,SGR_ZONE_008,2024-05-25,5,Spring,1,1,Alert Triggered,Foot Patrol,37.0,Fog
EVT_008_00288,SGR_ZONE_008,2024-06-24,6,Monsoon,3,0,Undetected,Vehicle,,Cloudy
EVT_008_00289,SGR_ZONE_008,2024-08-23,8,Monsoon,0,0,Undetected,Drone (Suspicious),,Cloudy
EVT_008_00290,SGR_ZONE_008,2024-08-23,8,Monsoon,1,0,Undetected,Foot Patrol,,Fog
EVT_008_00291,SGR_ZONE_008,2024-08-23,8,Monsoon,22,1,Neutralized,Unknown,25.0,Clear
EVT_008_00292,SGR_ZONE_008,2024-08-23,8,Monsoon,0,1,Alert Triggered,Unknown,55.0,Clear
EVT_008_00293,SGR_ZONE_008,2024-09-22,9,Autumn,22,1,Retreated,Foot Patrol,42.0,Clear
EVT_008_00294,SGR_ZONE_008,2024-11-21,11,Autumn,4,0,Undetected,Foot Patrol,,Clear
EVT_008_00295,SGR_ZONE_008,2024-11-21,11,Autumn,23,0,Undetected,Unknown,,Cloudy
EVT_008_00296,SGR_ZONE_008,2024-11-21,11,Autumn,2,0,Undetected,Foot Patrol,,Cloudy
EVT_008_00297,SGR_ZONE_008,2024-11-21,11,Autumn,22,1,Alert Triggered,Vehicle,36.0,Cloudy
EVT_009_00298,SGR_ZONE_009,2023-03-02,3,Spring,0,0,Undetected,Foot Patrol,,Cloudy
EVT_009_00299,SGR_ZONE_009,2023-03-02,3,Spring,3,0,Undetected,Foot Patrol,,Clear
EVT_009_00300,SGR_ZONE_009,2023-03-02,3,Spring,2,0,Undetected,Foot Patrol,,Fog
EVT_009_00301,SGR_ZONE_009,2023-05-31,5,Spring,1,1,Alert Triggered,Drone (Suspicious),11.0,Clear
EVT_009_00302,SGR_ZONE_009,2023-05-31,5,Spring,22,1,Retreated,Foot Patrol,32.0,Clear
EVT_009_00303,SGR_ZONE_009,2023-05-31,5,Spring,23,1,Retreated,Unknown,35.0,Cloudy
EVT_009_00304,SGR_ZONE_009,2023-05-31,5,Spring,23,1,Retreated,Drone (Suspicious),37.0,Cloudy
EVT_009_00305,SGR_ZONE_009,2024-05-25,5,Spring,1,1,Retreated,Drone (Suspicious),51.0,Clear
EVT_009_00306,SGR_ZONE_009,2024-05-25,5,Spring,0,1,Retreated,Unknown,8.0,Clear
EVT_009_00307,SGR_ZONE_009,2024-10-22,10,Autumn,0,0,Undetected,Vehicle,,Clear
EVT_009_00308,SGR_ZONE_009,2024-10-22,10,Autumn,0,1,Retreated,Foot Patrol,30.0,Fog
EVT_009_00309,SGR_ZONE_009,2024-10-22,10,Autumn,2,1,Retreated,Drone (Suspicious),24.0,Clear
EVT_009_00310,SGR_ZONE_009,2024-11-21,11,Autumn,23,1,Alert Triggered,Foot Patrol,8.0,Fog
EVT_010_00311,SGR_ZONE_010,2023-01-01,1,Winter,1,1,Retreated,Foot Patrol,49.0,Clear
EVT_010_00312,SGR_ZONE_010,2023-01-01,1,Winter,0,0,Undetected,Vehicle,,Clear
EVT_010_00313,SGR_ZONE_010,2023-01-01,1,Winter,0,1,Retreated,Vehicle,38.0,Cloudy
EVT_010_00314,SGR_ZONE_010,2023-01-31,1,Winter,23,1,Neutralized,Vehicle,16.0,Fog
EVT_010_00315,SGR_ZONE_010,2023-01-31,1,Winter,1,1,Retreated,Foot Patrol,40.0,Clear
EVT_010_00316,SGR_ZONE_010,2023-03-02,3,Spring,0,0,Undetected,Unknown,,Fog
EVT_010_00317,SGR_ZONE_010,2023-03-02,3,Spring,1,0,Undetected,Foot Patrol,,Cloudy
EVT_010_00318,SGR_ZONE_010,2023-04-01,4,Spring,1,1,Retreated,Drone (Suspicious),30.0,Cloudy
EVT_010_00319,SGR_ZONE_010,2023-04-01,4,Spring,23,1,Retreated,Foot Patrol,53.0,Cloudy
EVT_010_00320,SGR_ZONE_010,2023-05-01,5,Spring,2,0,Undetected,Foot Patrol,,Cloudy
EVT_010_00321,SGR_ZONE_010,2023-05-01,5,Spring,0,1,Alert Triggered,Drone (Suspicious),30.0,Clear
EVT_010_00322,SGR_ZONE_010,2023-05-01,5,Spring,1,0,Undetected,Foot Patrol,,Fog
EVT_010_00323,SGR_ZONE_010,2023-05-01,5,Spring,1,0,Undetected,Vehicle,,Clear
EVT_010_00324,SGR_ZONE_010,2023-05-01,5,Spring,1,1,Alert Triggered,Foot Patrol,48.0,Clear
EVT_010_00325,SGR_ZONE_010,2023-05-31,5,Spring,23,1,Retreated,Unknown,20.0,Fog
EVT_010_00326,SGR_ZONE_010,2023-09-28,9,Autumn,0,1,Neutralized,Unknown,25.0,Cloudy
EVT_010_00327,SGR_ZONE_010,2023-09-28,9,Autumn,0,1,Alert Triggered,Foot Patrol,15.0,Snow
EVT_010_00328,SGR_ZONE_010,2023-09-28,9,Autumn,0,1,Neutralized,Foot Patrol,18.0,Fog
EVT_010_00329,SGR_ZONE_010,2023-10-28,10,Autumn,23,1,Retreated,Unknown,16.0,Clear
EVT_010_00330,SGR_ZONE_010,2023-10-28,10,Autumn,22,1,Neutralized,Foot Patrol,11.0,Cloudy
EVT_010_00331,SGR_ZONE_010,2023-10-28,10,Autumn,0,1,Neutralized,Foot Patrol,47.0,Clear
EVT_010_00332,SGR_ZONE_010,2023-12-27,12,Winter,0,1,Neutralized,Unknown,52.0,Clear
EVT_010_00333,SGR_ZONE_010,2023-12-27,12,Winter,22,1,Retreated,Drone (Suspicious),16.0,Clear
EVT_010_00334,SGR_ZONE_010,2023-12-27,12,Winter,0,1,Retreated,Foot Patrol,53.0,Clear
EVT_010_00335,SGR_ZONE_010,2024-01-26,1,Winter,23,1,Retreated,Foot Patrol,25.0,Cloudy
EVT_010_00336,SGR_ZONE_010,2024-01-26,1,Winter,23,1,Alert Triggered,Vehicle,32.0,Fog
EVT_010_00337,SGR_ZONE_010,2024-02-25,2,Winter,22,1,Alert Triggered,Vehicle,56.0,Fog
EVT_010_00338,SGR_ZONE_010,2024-04-25,4,Spring,0,1,Retreated,Foot Patrol,16.0,Cloudy
EVT_010_00339,SGR_ZONE_010,2024-04-25,4,Spring,23,1,Retreated,Vehicle,59.0,Cloudy
EVT_010_00340,SGR_ZONE_010,2024-05-25,5,Spring,2,1,Retreated,Vehicle,6.0,Clear
EVT_010_00341,SGR_ZONE_010,2024-09-22,9,Autumn,4,0,Undetected,Foot Patrol,,Clear
EVT_010_00342,SGR_ZONE_010,2024-09-22,9,Autumn,2,1,Neutralized,Foot Patrol,10.0,Snow
EVT_010_00343,SGR_ZONE_010,2024-09-22,9,Autumn,2,1,Retreated,Foot Patrol,5.0,Cloudy
EVT_011_00344,SGR_ZONE_011,2023-01-01,1,Winter,2,1,Neutralized,Foot Patrol,29.0,Clear
EVT_011_00345,SGR_ZONE_011,2023-01-01,1,Winter,22,0,Undetected,Foot Patrol,,Clear
EVT_011_00346,SGR_ZONE_011,2023-01-01,1,Winter,4,1,Neutralized,Unknown,10.0,Fog
EVT_011_00347,SGR_ZONE_011,2023-01-31,1,Winter,2,1,Retreated,Foot Patrol,7.0,Fog
EVT_011_00348,SGR_ZONE_011,2023-01-31,1,Winter,0,1,Neutralized,Foot Patrol,37.0,Clear
EVT_011_00349,SGR_ZONE_011,2023-03-02,3,Spring,23,0,Undetected,Drone (Suspicious),,Cloudy
EVT_011_00350,SGR_ZONE_011,2023-04-01,4,Spring,2,1,Alert Triggered,Vehicle,24.0,Fog
EVT_011_00351,SGR_ZONE_011,2023-04-01,4,Spring,22,1,Neutralized,Vehicle,10.0,Fog
EVT_011_00352,SGR_ZONE_011,2023-05-01,5,Spring,23,1,Retreated,Vehicle,42.0,Clear
EVT_011_00353,SGR_ZONE_011,2023-05-01,5,Spring,22,1,Retreated,Drone (Suspicious),40.0,Fog
EVT_011_00354,SGR_ZONE_011,2023-05-31,5,Spring,3,1,Retreated,Foot Patrol,50.0,Cloudy
EVT_011_00355,SGR_ZONE_011,2023-05-31,5,Spring,2,0,Undetected,Foot Patrol,,Snow
EVT_011_00356,SGR_ZONE_011,2023-05-31,5,Spring,22,0,Undetected,Foot Patrol,,Fog
EVT_011_00357,SGR_ZONE_011,2023-05-31,5,Spring,3,1,Alert Triggered,Foot Patrol,55.0,Fog
EVT_011_00358,SGR_ZONE_011,2023-08-29,8,Monsoon,1,1,Retreated,Foot Patrol,42.0,Clear
EVT_011_00359,SGR_ZONE_011,2023-08-29,8,Monsoon,22,1,Neutralized,Vehicle,56.0,Clear
EVT_011_00360,SGR_ZONE_011,2023-08-29,8,Monsoon,0,1,Neutralized,Drone (Suspicious),8.0,Clear
EVT_011_00361,SGR_ZONE_011,2023-08-29,8,Monsoon,2,1,Retreated,Foot Patrol,59.0,Cloudy
EVT_011_00362,SGR_ZONE_011,2023-08-29,8,Monsoon,2,1,Retreated,Foot Patrol,50.0,Fog
EVT_011_00363,SGR_ZONE_011,2023-09-28,9,Autumn,2,1,Neutralized,Foot Patrol,13.0,Cloudy
EVT_011_00364,SGR_ZONE_011,2023-09-28,9,Autumn,2,1,Retreated,Vehicle,51.0,Clear
EVT_011_00365,SGR_ZONE_011,2023-10-28,10,Autumn,23,1,Neutralized,Unknown,42.0,Cloudy
EVT_011_00366,SGR_ZONE_011,2023-10-28,10,Autumn,1,1,Retreated,Foot Patrol,26.0,Fog
EVT_011_00367,SGR_ZONE_011,2023-10-28,10,Autumn,4,1,Neutralized,Foot Patrol,45.0,Cloudy
EVT_011_00368,SGR_ZONE_011,2023-12-27,12,Winter,23,1,Retreated,Foot Patrol,12.0,Clear
EVT_011_00369,SGR_ZONE_011,2023-12-27,12,Winter,0,0,Undetected,Foot Patrol,,Cloudy
EVT_011_00370,SGR_ZONE_011,2024-01-26,1,Winter,0,1,Retreated,Unknown,53.0,Clear
EVT_011_00371,SGR_ZONE_011,2024-01-26,1,Winter,22,1,Retreated,Unknown,53.0,Clear
EVT_011_00372,SGR_ZONE_011,2024-02-25,2,Winter,23,1,Neutralized,Unknown,25.0,Clear
EVT_011_00373,SGR_ZONE_011,2024-02-25,2,Winter,0,1,Retreated,Drone (Suspicious),23.0,Cloudy
EVT_011_00374,SGR_ZONE_011,2024-03-26,3,Spring,0,1,Alert Triggered,Vehicle,49.0,Cloudy
EVT_011_00375,SGR_ZONE_011,2024-03-26,3,Spring,23,1,Alert Triggered,Unknown,12.0,Fog
EVT_011_00376,SGR_ZONE_011,2024-04-25,4,Spring,1,1,Neutralized,Unknown,22.0,Clear
EVT_011_00377,SGR_ZONE_011,2024-05-25,5,Spring,0,1,Retreated,Drone (Suspicious),37.0,Cloudy
EVT_011_00378,SGR_ZONE_011,2024-05-25,5,Spring,23,1,Retreated,Vehicle,14.0,Clear
EVT_011_00379,SGR_ZONE_011,2024-06-24,6,Monsoon,1,1,Retreated,Unknown,24.0,Cloudy
EVT_011_00380,SGR_ZONE_011,2024-06-24,6,Monsoon,1,1,Alert Triggered,Unknown,6.0,Clear
EVT_011_00381,SGR_ZONE_011,2024-09-22,9,Autumn,0,1,Neutralized,Foot Patrol,53.0,Clear
EVT_011_00382,SGR_ZONE_011,2024-09-22,9,Autumn,0,1,Neutralized,Foot Patrol,47.0,Cloudy
EVT_011_00383,SGR_ZONE_011,2024-10-22,10,Autumn,23,1,Retreated,Drone (Suspicious),7.0,Cloudy
EVT_011_00384,SGR_ZONE_011,2024-10-22,10,Autumn,0,1,Neutralized,Unknown,36.0,Clear
EVT_011_00385,SGR_ZONE_011,2024-11-21,11,Autumn,23,1,Neutralized,Unknown,5.0,Snow
EVT_011_00386,SGR_ZONE_011,2024-11-21,11,Autumn,23,1,Retreated,Foot Patrol,51.0,Clear
EVT_011_00387,SGR_ZONE_011,2024-11-21,11,Autumn,0,0,Undetected,Vehicle,,Cloudy
EVT_011_00388,SGR_ZONE_011,2024-11-21,11,Autumn,0,0,Undetected,Unknown,,Cloudy
EVT_012_00389,SGR_ZONE_012,2023-01-01,1,Winter,0,1,Retreated,Unknown,8.0,Clear
EVT_012_00390,SGR_ZONE_012,2023-01-31,1,Winter,3,1,Retreated,Foot Patrol,19.0,Cloudy
EVT_012_00391,SGR_ZONE_012,2023-04-01,4,Spring,2,1,Retreated,Foot Patrol,10.0,Cloudy
EVT_012_00392,SGR_ZONE_012,2023-05-01,5,Spring,0,1,Retreated,Foot Patrol,53.0,Cloudy
EVT_012_00393,SGR_ZONE_012,2023-05-01,5,Spring,23,0,Undetected,Unknown,,Clear
EVT_012_00394,SGR_ZONE_012,2023-05-01,5,Spring,2,0,Undetected,Foot Patrol,,Cloudy
EVT_012_00395,SGR_ZONE_012,2023-05-01,5,Spring,1,1,Alert Triggered,Vehicle,5.0,Cloudy
EVT_012_00396,SGR_ZONE_012,2023-05-01,5,Spring,22,0,Undetected,Vehicle,,Cloudy
EVT_012_00397,SGR_ZONE_012,2023-05-31,5,Spring,0,1,Neutralized,Foot Patrol,32.0,Fog
EVT_012_00398,SGR_ZONE_012,2023-05-31,5,Spring,1,1,Neutralized,Vehicle,38.0,Fog
EVT_012_00399,SGR_ZONE_012,2023-05-31,5,Spring,0,1,Neutralized,Drone (Suspicious),32.0,Clear
EVT_012_00400,SGR_ZONE_012,2023-05-31,5,Spring,1,0,Undetected,Foot Patrol,,Snow
EVT_012_00401,SGR_ZONE_012,2023-06-30,6,Monsoon,1,0,Undetected,Foot Patrol,,Cloudy
EVT_012_00402,SGR_ZONE_012,2023-06-30,6,Monsoon,0,1,Retreated,Vehicle,55.0,Cloudy
EVT_012_00403,SGR_ZONE_012,2023-06-30,6,Monsoon,2,1,Retreated,Unknown,51.0,Cloudy
EVT_012_00404,SGR_ZONE_012,2023-09-28,9,Autumn,22,1,Retreated,Unknown,36.0,Clear
EVT_012_00405,SGR_ZONE_012,2023-09-28,9,Autumn,23,1,Neutralized,Unknown,35.0,Fog
EVT_012_00406,SGR_ZONE_012,2023-12-27,12,Winter,2,1,Retreated,Vehicle,16.0,Fog
EVT_012_00407,SGR_ZONE_012,2023-12-27,12,Winter,23,0,Undetected,Unknown,,Clear
EVT_012_00408,SGR_ZONE_012,2023-12-27,12,Winter,4,1,Alert Triggered,Foot Patrol,11.0,Clear
EVT_012_00409,SGR_ZONE_012,2024-01-26,1,Winter,22,1,Alert Triggered,Unknown,13.0,Fog
EVT_012_00410,SGR_ZONE_012,2024-01-26,1,Winter,2,1,Neutralized,Foot Patrol,50.0,Clear
EVT_012_00411,SGR_ZONE_012,2024-02-25,2,Winter,23,1,Retreated,Vehicle,36.0,Clear
EVT_012_00412,SGR_ZONE_012,2024-02-25,2,Winter,4,1,Neutralized,Foot Patrol,59.0,Fog
EVT_012_00413,SGR_ZONE_012,2024-04-25,4,Spring,22,0,Undetected,Vehicle,,Clear
EVT_012_00414,SGR_ZONE_012,2024-04-25,4,Spring,2,1,Neutralized,Foot Patrol,59.0,Snow
EVT_012_00415,SGR_ZONE_012,2024-05-25,5,Spring,23,0,Undetected,Unknown,,Cloudy
EVT_012_00416,SGR_ZONE_012,2024-05-25,5,Spring,0,1,Neutralized,Unknown,27.0,Fog
EVT_012_00417,SGR_ZONE_012,2024-06-24,6,Monsoon,1,1,Retreated,Foot Patrol,57.0,Fog
EVT_012_00418,SGR_ZONE_012,2024-06-24,6,Monsoon,0,1,Neutralized,Drone (Suspicious),22.0,Cloudy
EVT_012_00419,SGR_ZONE_012,2024-06-24,6,Monsoon,23,1,Alert Triggered,Drone (Suspicious),45.0,Fog
EVT_012_00420,SGR_ZONE_012,2024-09-22,9,Autumn,0,0,Undetected,Foot Patrol,,Fog
EVT_012_00421,SGR_ZONE_012,2024-09-22,9,Autumn,22,1,Neutralized,Foot Patrol,33.0,Snow
EVT_012_00422,SGR_ZONE_012,2024-10-22,10,Autumn,0,1,Retreated,Unknown,55.0,Cloudy
EVT_012_00423,SGR_ZONE_012,2024-10-22,10,Autumn,3,1,Alert Triggered,Foot Patrol,27.0,Cloudy
EVT_012_00424,SGR_ZONE_012,2024-11-21,11,Autumn,22,1,Retreated,Vehicle,37.0,Clear
EVT_012_00425,SGR_ZONE_012,2024-11-21,11,Autumn,22,1,Alert Triggered,Foot Patrol,24.0,Fog
EVT_012_00426,SGR_ZONE_012,2024-11-21,11,Autumn,1,1,Retreated,Unknown,32.0,Fog
EVT_013_00427,SGR_ZONE_013,2023-03-02,3,Spring,1,1,Neutralized,Unknown,17.0,Cloudy
EVT_013_00428,SGR_ZONE_013,2023-04-01,4,Spring,1,1,Alert Triggered,Foot Patrol,49.0,Fog
EVT_013_00429,SGR_ZONE_013,2023-04-01,4,Spring,22,1,Alert Triggered,Foot Patrol,7.0,Clear
EVT_013_00430,SGR_ZONE_013,2023-04-01,4,Spring,1,0,Undetected,Drone (Suspicious),,Clear
EVT_013_00431,SGR_ZONE_013,2023-05-01,5,Spring,22,1,Retreated,Foot Patrol,57.0,Cloudy
EVT_013_00432,SGR_ZONE_013,2023-05-01,5,Spring,23,1,Alert Triggered,Drone (Suspicious),18.0,Cloudy
EVT_013_00433,SGR_ZONE_013,2023-05-01,5,Spring,0,1,Retreated,Vehicle,28.0,Fog
EVT_013_00434,SGR_ZONE_013,2023-10-28,10,Autumn,0,1,Retreated,Foot Patrol,21.0,Cloudy
EVT_013_00435,SGR_ZONE_013,2023-10-28,10,Autumn,4,1,Neutralized,Drone (Suspicious),34.0,Clear
EVT_013_00436,SGR_ZONE_013,2023-12-27,12,Winter,0,0,Undetected,Foot Patrol,,Fog
EVT_013_00437,SGR_ZONE_013,2024-01-26,1,Winter,0,1,Retreated,Vehicle,40.0,Fog
EVT_013_00438,SGR_ZONE_013,2024-01-26,1,Winter,22,1,Retreated,Drone (Suspicious),12.0,Clear
EVT_013_00439,SGR_ZONE_013,2024-02-25,2,Winter,2,1,Alert Triggered,Vehicle,17.0,Fog
EVT_013_00440,SGR_ZONE_013,2024-03-26,3,Spring,4,1,Retreated,Unknown,54.0,Cloudy
EVT_013_00441,SGR_ZONE_013,2024-03-26,3,Spring,0,1,Neutralized,Drone (Suspicious),11.0,Clear
EVT_013_00442,SGR_ZONE_013,2024-06-24,6,Monsoon,2,1,Retreated,Vehicle,47.0,Fog
EVT_013_00443,SGR_ZONE_013,2024-06-24,6,Monsoon,3,0,Undetected,Drone (Suspicious),,Cloudy
EVT_013_00444,SGR_ZONE_013,2024-06-24,6,Monsoon,22,1,Retreated,Unknown,24.0,Cloudy
EVT_013_00445,SGR_ZONE_013,2024-06-24,6,Monsoon,0,0,Undetected,Unknown,,Cloudy
EVT_013_00446,SGR_ZONE_013,2024-10-22,10,Autumn,1,1,Neutralized,Unknown,22.0,Cloudy
EVT_013_00447,SGR_ZONE_013,2024-10-22,10,Autumn,23,1,Retreated,Unknown,12.0,Clear
EVT_013_00448,SGR_ZONE_013,2024-11-21,11,Autumn,2,1,Retreated,Unknown,32.0,Cloudy
EVT_014_00449,SGR_ZONE_014,2023-06-30,6,Monsoon,4,1,Neutralized,Foot Patrol,22.0,Cloudy
EVT_014_00450,SGR_ZONE_014,2023-06-30,6,Monsoon,22,1,Alert Triggered,Foot Patrol,55.0,Fog
EVT_014_00451,SGR_ZONE_014,2023-06-30,6,Monsoon,0,1,Retreated,Unknown,38.0,Fog
EVT_014_00452,SGR_ZONE_014,2023-10-28,10,Autumn,0,1,Neutralized,Vehicle,43.0,Fog
EVT_014_00453,SGR_ZONE_014,2023-12-27,12,Winter,0,1,Neutralized,Unknown,44.0,Fog
EVT_014_00454,SGR_ZONE_014,2023-12-27,12,Winter,1,0,Undetected,Foot Patrol,,Clear
EVT_014_00455,SGR_ZONE_014,2023-12-27,12,Winter,0,1,Neutralized,Foot Patrol,59.0,Snow
EVT_014_00456,SGR_ZONE_014,2023-12-27,12,Winter,4,0,Undetected,Drone (Suspicious),,Clear
EVT_014_00457,SGR_ZONE_014,2023-12-27,12,Winter,0,1,Alert Triggered,Unknown,31.0,Clear
EVT_014_00458,SGR_ZONE_014,2023-12-27,12,Winter,1,1,Retreated,Vehicle,22.0,Cloudy
EVT_014_00459,SGR_ZONE_014,2023-12-27,12,Winter,23,1,Alert Triggered,Foot Patrol,14.0,Fog
EVT_014_00460,SGR_ZONE_014,2024-01-26,1,Winter,4,1,Retreated,Foot Patrol,8.0,Cloudy
EVT_014_00461,SGR_ZONE_014,2024-01-26,1,Winter,0,1,Retreated,Drone (Suspicious),23.0,Clear
EVT_014_00462,SGR_ZONE_014,2024-03-26,3,Spring,1,1,Alert Triggered,Vehicle,49.0,Cloudy
EVT_014_00463,SGR_ZONE_014,2024-03-26,3,Spring,23,0,Undetected,Unknown,,Clear
EVT_014_00464,SGR_ZONE_014,2024-03-26,3,Spring,22,0,Undetected,Unknown,,Cloudy
EVT_014_00465,SGR_ZONE_014,2024-03-26,3,Spring,0,1,Alert Triggered,Foot Patrol,38.0,Fog
EVT_014_00466,SGR_ZONE_014,2024-05-25,5,Spring,0,0,Undetected,Foot Patrol,,Snow
EVT_014_00467,SGR_ZONE_014,2024-05-25,5,Spring,0,0,Undetected,Vehicle,,Cloudy
EVT_014_00468,SGR_ZONE_014,2024-05-25,5,Spring,22,1,Retreated,Foot Patrol,43.0,Clear
EVT_014_00469,SGR_ZONE_014,2024-06-24,6,Monsoon,22,1,Alert Triggered,Foot Patrol,40.0,Fog
EVT_014_00470,SGR_ZONE_014,2024-06-24,6,Monsoon,2,1,Retreated,Foot Patrol,29.0,Clear
EVT_014_00471,SGR_ZONE_014,2024-07-24,7,Monsoon,23,1,Retreated,Foot Patrol,26.0,Clear
EVT_014_00472,SGR_ZONE_014,2024-07-24,7,Monsoon,0,1,Neutralized,Vehicle,14.0,Clear
EVT_014_00473,SGR_ZONE_014,2024-08-23,8,Monsoon,23,1,Retreated,Foot Patrol,52.0,Clear
EVT_014_00474,SGR_ZONE_014,2024-08-23,8,Monsoon,1,1,Neutralized,Vehicle,29.0,Clear
EVT_014_00475,SGR_ZONE_014,2024-09-22,9,Autumn,23,1,Alert Triggered,Foot Patrol,43.0,Fog
EVT_014_00476,SGR_ZONE_014,2024-09-22,9,Autumn,23,0,Undetected,Foot Patrol,,Clear
EVT_014_00477,SGR_ZONE_014,2024-09-22,9,Autumn,23,1,Neutralized,Foot Patrol,53.0,Fog
EVT_015_00478,SGR_ZONE_015,2023-01-01,1,Winter,23,1,Retreated,Foot Patrol,23.0,Fog
EVT_015_00479,SGR_ZONE_015,2023-01-01,1,Winter,22,1,Retreated,Unknown,59.0,Clear
EVT_015_00480,SGR_ZONE_015,2023-01-01,1,Winter,1,1,Retreated,Unknown,23.0,Cloudy
EVT_015_00481,SGR_ZONE_015,2023-01-31,1,Winter,22,1,Retreated,Unknown,20.0,Clear
EVT_015_00482,SGR_ZONE_015,2023-01-31,1,Winter,2,0,Undetected,Foot Patrol,,Clear
EVT_015_00483,SGR_ZONE_015,2023-04-01,4,Spring,1,1,Alert Triggered,Unknown,22.0,Clear
EVT_015_00484,SGR_ZONE_015,2023-04-01,4,Spring,23,1,Neutralized,Foot Patrol,9.0,Clear
EVT_015_00485,SGR_ZONE_015,2023-04-01,4,Spring,1,1,Retreated,Foot Patrol,58.0,Clear
EVT_015_00486,SGR_ZONE_015,2023-04-01,4,Spring,0,1,Retreated,Vehicle,6.0,Clear
EVT_015_00487,SGR_ZONE_015,2023-05-01,5,Spring,22,1,Retreated,Vehicle,24.0,Clear
EVT_015_00488,SGR_ZONE_015,2023-05-01,5,Spring,23,1,Alert Triggered,Foot Patrol,33.0,Snow
EVT_015_00489,SGR_ZONE_015,2023-05-01,5,Spring,22,0,Undetected,Unknown,,Cloudy
EVT_015_00490,SGR_ZONE_015,2023-05-01,5,Spring,23,1,Neutralized,Vehicle,11.0,Clear
EVT_015_00491,SGR_ZONE_015,2023-07-30,7,Monsoon,0,0,Undetected,Foot Patrol,,Cloudy
EVT_015_00492,SGR_ZONE_015,2023-11-27,11,Autumn,22,1,Neutralized,Foot Patrol,48.0,Cloudy
EVT_015_00493,SGR_ZONE_015,2023-11-27,11,Autumn,22,1,Retreated,Drone (Suspicious),10.0,Clear
EVT_015_00494,SGR_ZONE_015,2023-11-27,11,Autumn,1,1,Retreated,Foot Patrol,40.0,Clear
EVT_015_00495,SGR_ZONE_015,2023-12-27,12,Winter,23,1,Retreated,Vehicle,26.0,Snow
EVT_015_00496,SGR_ZONE_015,2024-01-26,1,Winter,1,1,Retreated,Foot Patrol,5.0,Clear
EVT_015_00497,SGR_ZONE_015,2024-02-25,2,Winter,0,1,Retreated,Unknown,46.0,Fog
EVT_015_00498,SGR_ZONE_015,2024-02-25,2,Winter,23,1,Retreated,Drone (Suspicious),54.0,Clear
EVT_015_00499,SGR_ZONE_015,2024-03-26,3,Spring,0,1,Neutralized,Vehicle,21.0,Cloudy
EVT_015_00500,SGR_ZONE_015,2024-03-26,3,Spring,1,1,Neutralized,Vehicle,57.0,Fog
EVT_015_00501,SGR_ZONE_015,2024-03-26,3,Spring,1,1,Neutralized,Foot Patrol,9.0,Clear
EVT_015_00502,SGR_ZONE_015,2024-03-26,3,Spring,3,1,Retreated,Foot Patrol,37.0,Cloudy
EVT_015_00503,SGR_ZONE_015,2024-05-25,5,Spring,4,1,Alert Triggered,Unknown,17.0,Fog
EVT_016_00504,SGR_ZONE_016,2023-01-01,1,Winter,4,1,Retreated,Foot Patrol,10.0,Fog
EVT_016_00505,SGR_ZONE_016,2023-01-01,1,Winter,23,1,Alert Triggered,Unknown,22.0,Fog
EVT_016_00506,SGR_ZONE_016,2023-05-01,5,Spring,1,0,Undetected,Foot Patrol,,Cloudy
EVT_016_00507,SGR_ZONE_016,2023-05-01,5,Spring,3,1,Alert Triggered,Foot Patrol,15.0,Cloudy
EVT_016_00508,SGR_ZONE_016,2023-05-01,5,Spring,23,1,Retreated,Foot Patrol,28.0,Snow
EVT_016_00509,SGR_ZONE_016,2023-05-31,5,Spring,1,1,Retreated,Foot Patrol,42.0,Clear
EVT_016_00510,SGR_ZONE_016,2023-09-28,9,Autumn,2,1,Alert Triggered,Foot Patrol,16.0,Clear
EVT_016_00511,SGR_ZONE_016,2023-09-28,9,Autumn,0,1,Retreated,Foot Patrol,56.0,Fog
EVT_016_00512,SGR_ZONE_016,2023-09-28,9,Autumn,2,1,Alert Triggered,Drone (Suspicious),50.0,Clear
EVT_016_00513,SGR_ZONE_016,2023-09-28,9,Autumn,0,1,Alert Triggered,Foot Patrol,13.0,Clear
EVT_016_00514,SGR_ZONE_016,2023-09-28,9,Autumn,2,1,Retreated,Drone (Suspicious),27.0,Fog
EVT_016_00515,SGR_ZONE_016,2023-12-27,12,Winter,23,1,Neutralized,Vehicle,51.0,Cloudy
EVT_016_00516,SGR_ZONE_016,2023-12-27,12,Winter,0,1,Alert Triggered,Vehicle,48.0,Cloudy
EVT_016_00517,SGR_ZONE_016,2023-12-27,12,Winter,23,1,Neutralized,Foot Patrol,46.0,Fog
EVT_016_00518,SGR_ZONE_016,2023-12-27,12,Winter,22,1,Retreated,Foot Patrol,46.0,Cloudy
EVT_016_00519,SGR_ZONE_016,2024-01-26,1,Winter,0,1,Neutralized,Unknown,12.0,Snow
EVT_016_00520,SGR_ZONE_016,2024-01-26,1,Winter,0,1,Alert Triggered,Vehicle,44.0,Fog
EVT_016_00521,SGR_ZONE_016,2024-02-25,2,Winter,0,1,Alert Triggered,Vehicle,52.0,Snow
EVT_016_00522,SGR_ZONE_016,2024-03-26,3,Spring,4,0,Undetected,Foot Patrol,,Fog
EVT_016_00523,SGR_ZONE_016,2024-03-26,3,Spring,1,1,Alert Triggered,Drone (Suspicious),21.0,Fog
EVT_016_00524,SGR_ZONE_016,2024-03-26,3,Spring,1,0,Undetected,Unknown,,Clear
EVT_016_00525,SGR_ZONE_016,2024-03-26,3,Spring,1,0,Undetected,Drone (Suspicious),,Cloudy
EVT_016_00526,SGR_ZONE_016,2024-04-25,4,Spring,22,0,Undetected,Vehicle,,Cloudy
EVT_016_00527,SGR_ZONE_016,2024-04-25,4,Spring,2,0,Undetected,Foot Patrol,,Clear
EVT_016_00528,SGR_ZONE_016,2024-04-25,4,Spring,0,0,Undetected,Foot Patrol,,Clear
EVT_016_00529,SGR_ZONE_016,2024-04-25,4,Spring,23,0,Undetected,Foot Patrol,,Clear
EVT_016_00530,SGR_ZONE_016,2024-05-25,5,Spring,0,1,Neutralized,Unknown,46.0,Clear
EVT_016_00531,SGR_ZONE_016,2024-05-25,5,Spring,23,1,Retreated,Foot Patrol,8.0,Cloudy
EVT_016_00532,SGR_ZONE_016,2024-05-25,5,Spring,1,1,Retreated,Foot Patrol,47.0,Fog
EVT_016_00533,SGR_ZONE_016,2024-05-25,5,Spring,2,1,Retreated,Foot Patrol,19.0,Clear
EVT_016_00534,SGR_ZONE_016,2024-05-25,5,Spring,0,1,Retreated,Vehicle,43.0,Cloudy
EVT_016_00535,SGR_ZONE_016,2024-06-24,6,Monsoon,23,1,Retreated,Vehicle,32.0,Clear
EVT_016_00536,SGR_ZONE_016,2024-06-24,6,Monsoon,23,1,Retreated,Foot Patrol,30.0,Fog
EVT_016_00537,SGR_ZONE_016,2024-07-24,7,Monsoon,0,1,Neutralized,Foot Patrol,44.0,Cloudy
EVT_016_00538,SGR_ZONE_016,2024-07-24,7,Monsoon,2,1,Retreated,Drone (Suspicious),20.0,Clear
EVT_016_00539,SGR_ZONE_016,2024-07-24,7,Monsoon,1,1,Alert Triggered,Vehicle,36.0,Cloudy
EVT_017_00540,SGR_ZONE_017,2023-01-01,1,Winter,0,1,Retreated,Foot Patrol,31.0,Cloudy
EVT_017_00541,SGR_ZONE_017,2023-01-01,1,Winter,23,0,Undetected,Unknown,,Fog
EVT_017_00542,SGR_ZONE_017,2023-01-01,1,Winter,1,1,Neutralized,Vehicle,16.0,Clear
EVT_017_00543,SGR_ZONE_017,2023-01-01,1,Winter,23,0,Undetected,Foot Patrol,,Cloudy
EVT_017_00544,SGR_ZONE_017,2023-01-31,1,Winter,23,1,Retreated,Foot Patrol,17.0,Fog
EVT_017_00545,SGR_ZONE_017,2023-01-31,1,Winter,2,1,Retreated,Foot Patrol,52.0,Fog
EVT_017_00546,SGR_ZONE_017,2023-01-31,1,Winter,3,1,Alert Triggered,Vehicle,7.0,Snow
EVT_017_00547,SGR_ZONE_017,2023-01-31,1,Winter,23,1,Retreated,Foot Patrol,56.0,Fog
EVT_017_00548,SGR_ZONE_017,2023-01-31,1,Winter,2,1,Neutralized,Foot Patrol,57.0,Clear
EVT_017_00549,SGR_ZONE_017,2023-01-31,1,Winter,22,1,Retreated,Drone (Suspicious),36.0,Clear
EVT_017_00550,SGR_ZONE_017,2023-03-02,3,Spring,3,1,Retreated,Foot Patrol,8.0,Snow
EVT_017_00551,SGR_ZONE_017,2023-03-02,3,Spring,1,1,Retreated,Foot Patrol,24.0,Cloudy
EVT_017_00552,SGR_ZONE_017,2023-05-01,5,Spring,1,1,Retreated,Foot Patrol,54.0,Cloudy
EVT_017_00553,SGR_ZONE_017,2023-05-01,5,Spring,2,1,Retreated,Foot Patrol,15.0,Fog
EVT_017_00554,SGR_ZONE_017,2023-05-01,5,Spring,0,1,Neutralized,Unknown,48.0,Cloudy
EVT_017_00555,SGR_ZONE_017,2023-05-31,5,Spring,23,1,Retreated,Foot Patrol,16.0,Clear
EVT_017_00556,SGR_ZONE_017,2023-05-31,5,Spring,0,1,Alert Triggered,Foot Patrol,54.0,Fog
EVT_017_00557,SGR_ZONE_017,2023-05-31,5,Spring,1,1,Alert Triggered,Unknown,34.0,Snow
EVT_017_00558,SGR_ZONE_017,2023-05-31,5,Spring,1,1,Alert Triggered,Vehicle,53.0,Clear
EVT_017_00559,SGR_ZONE_017,2023-06-30,6,Monsoon,22,1,Retreated,Foot Patrol,24.0,Fog
EVT_017_00560,SGR_ZONE_017,2023-06-30,6,Monsoon,2,1,Neutralized,Unknown,51.0,Cloudy
EVT_017_00561,SGR_ZONE_017,2023-06-30,6,Monsoon,0,1,Alert Triggered,Foot Patrol,55.0,Clear
EVT_017_00562,SGR_ZONE_017,2023-06-30,6,Monsoon,2,1,Alert Triggered,Foot Patrol,35.0,Fog
EVT_017_00563,SGR_ZONE_017,2023-08-29,8,Monsoon,23,1,Retreated,Vehicle,46.0,Snow
EVT_017_00564,SGR_ZONE_017,2023-09-28,9,Autumn,0,0,Undetected,Foot Patrol,,Clear
EVT_017_00565,SGR_ZONE_017,2023-11-27,11,Autumn,22,1,Neutralized,Unknown,44.0,Clear
EVT_017_00566,SGR_ZONE_017,2023-11-27,11,Autumn,22,0,Undetected,Foot Patrol,,Cloudy
EVT_017_00567,SGR_ZONE_017,2023-12-27,12,Winter,22,1,Retreated,Foot Patrol,17.0,Clear
EVT_017_00568,SGR_ZONE_017,2024-01-26,1,Winter,2,0,Undetected,Foot Patrol,,Fog
EVT_017_00569,SGR_ZONE_017,2024-02-25,2,Winter,22,0,Undetected,Foot Patrol,,Cloudy
EVT_017_00570,SGR_ZONE_017,2024-04-25,4,Spring,0,0,Undetected,Foot Patrol,,Cloudy
EVT_017_00571,SGR_ZONE_017,2024-04-25,4,Spring,23,1,Neutralized,Foot Patrol,35.0,Clear
EVT_017_00572,SGR_ZONE_017,2024-10-22,10,Autumn,0,1,Retreated,Vehicle,16.0,Fog
EVT_017_00573,SGR_ZONE_017,2024-10-22,10,Autumn,2,1,Retreated,Unknown,21.0,Fog
EVT_018_00574,SGR_ZONE_018,2023-01-01,1,Winter,0,0,Undetected,Vehicle,,Cloudy
EVT_018_00575,SGR_ZONE_018,2023-01-31,1,Winter,1,0,Undetected,Vehicle,,Cloudy
EVT_018_00576,SGR_ZONE_018,2023-01-31,1,Winter,0,1,Alert Triggered,Unknown,10.0,Cloudy
EVT_018_00577,SGR_ZONE_018,2023-01-31,1,Winter,0,1,Retreated,Foot Patrol,43.0,Snow
EVT_018_00578,SGR_ZONE_018,2023-03-02,3,Spring,22,1,Neutralized,Unknown,7.0,Clear
EVT_018_00579,SGR_ZONE_018,2023-03-02,3,Spring,2,0,Undetected,Unknown,,Snow
EVT_018_00580,SGR_ZONE_018,2023-04-01,4,Spring,0,1,Retreated,Foot Patrol,53.0,Fog
EVT_018_00581,SGR_ZONE_018,2023-04-01,4,Spring,0,0,Undetected,Unknown,,Clear
EVT_018_00582,SGR_ZONE_018,2023-05-01,5,Spring,0,0,Undetected,Drone (Suspicious),,Cloudy
EVT_018_00583,SGR_ZONE_018,2023-05-01,5,Spring,1,0,Undetected,Foot Patrol,,Clear
EVT_018_00584,SGR_ZONE_018,2023-05-31,5,Spring,23,1,Neutralized,Unknown,27.0,Clear
EVT_018_00585,SGR_ZONE_018,2023-05-31,5,Spring,23,0,Undetected,Unknown,,Cloudy
EVT_018_00586,SGR_ZONE_018,2023-06-30,6,Monsoon,0,1,Retreated,Unknown,36.0,Clear
EVT_018_00587,SGR_ZONE_018,2023-06-30,6,Monsoon,1,1,Retreated,Drone (Suspicious),52.0,Clear
EVT_018_00588,SGR_ZONE_018,2023-06-30,6,Monsoon,0,1,Alert Triggered,Vehicle,35.0,Clear
EVT_018_00589,SGR_ZONE_018,2023-07-30,7,Monsoon,2,1,Alert Triggered,Drone (Suspicious),15.0,Cloudy
EVT_018_00590,SGR_ZONE_018,2023-07-30,7,Monsoon,23,0,Undetected,Drone (Suspicious),,Clear
EVT_018_00591,SGR_ZONE_018,2023-08-29,8,Monsoon,23,1,Alert Triggered,Foot Patrol,15.0,Cloudy
EVT_018_00592,SGR_ZONE_018,2023-08-29,8,Monsoon,1,1,Retreated,Unknown,44.0,Snow
EVT_018_00593,SGR_ZONE_018,2023-09-28,9,Autumn,22,1,Retreated,Drone (Suspicious),39.0,Cloudy
EVT_018_00594,SGR_ZONE_018,2023-09-28,9,Autumn,23,0,Undetected,Foot Patrol,,Clear
EVT_018_00595,SGR_ZONE_018,2023-10-28,10,Autumn,23,1,Retreated,Vehicle,26.0,Clear
EVT_018_00596,SGR_ZONE_018,2023-10-28,10,Autumn,23,1,Neutralized,Drone (Suspicious),45.0,Clear
EVT_018_00597,SGR_ZONE_018,2023-10-28,10,Autumn,0,1,Neutralized,Foot Patrol,32.0,Clear
EVT_018_00598,SGR_ZONE_018,2023-10-28,10,Autumn,23,1,Alert Triggered,Foot Patrol,20.0,Cloudy
EVT_018_00599,SGR_ZONE_018,2023-11-27,11,Autumn,23,0,Undetected,Drone (Suspicious),,Clear
EVT_018_00600,SGR_ZONE_018,2023-12-27,12,Winter,3,0,Undetected,Foot Patrol,,Clear
EVT_018_00601,SGR_ZONE_018,2023-12-27,12,Winter,3,1,Neutralized,Foot Patrol,28.0,Fog
EVT_018_00602,SGR_ZONE_018,2024-01-26,1,Winter,22,0,Undetected,Vehicle,,Cloudy
EVT_018_00603,SGR_ZONE_018,2024-01-26,1,Winter,0,1,Alert Triggered,Unknown,27.0,Clear
EVT_018_00604,SGR_ZONE_018,2024-02-25,2,Winter,0,1,Alert Triggered,Vehicle,24.0,Fog
EVT_018_00605,SGR_ZONE_018,2024-03-26,3,Spring,1,1,Neutralized,Foot Patrol,50.0,Cloudy
EVT_018_00606,SGR_ZONE_018,2024-04-25,4,Spring,22,1,Alert Triggered,Foot Patrol,51.0,Clear
EVT_018_00607,SGR_ZONE_018,2024-04-25,4,Spring,0,0,Undetected,Unknown,,Cloudy
EVT_018_00608,SGR_ZONE_018,2024-05-25,5,Spring,3,1,Neutralized,Drone (Suspicious),49.0,Clear
EVT_018_00609,SGR_ZONE_018,2024-05-25,5,Spring,0,0,Undetected,Vehicle,,Clear
EVT_018_00610,SGR_ZONE_018,2024-05-25,5,Spring,2,1,Retreated,Vehicle,15.0,Cloudy
EVT_018_00611,SGR_ZONE_018,2024-06-24,6,Monsoon,23,1,Neutralized,Unknown,58.0,Cloudy
EVT_018_00612,SGR_ZONE_018,2024-07-24,7,Monsoon,1,1,Neutralized,Foot Patrol,29.0,Cloudy
EVT_018_00613,SGR_ZONE_018,2024-07-24,7,Monsoon,0,1,Retreated,Foot Patrol,46.0,Clear
EVT_018_00614,SGR_ZONE_018,2024-09-22,9,Autumn,0,1,Retreated,Foot Patrol,21.0,Fog
EVT_018_00615,SGR_ZONE_018,2024-09-22,9,Autumn,0,1,Retreated,Foot Patrol,12.0,Fog
EVT_018_00616,SGR_ZONE_018,2024-09-22,9,Autumn,2,1,Retreated,Foot Patrol,39.0,Clear
EVT_018_00617,SGR_ZONE_018,2024-09-22,9,Autumn,1,1,Retreated,Vehicle,51.0,Cloudy
EVT_018_00618,SGR_ZONE_018,2024-10-22,10,Autumn,1,1,Retreated,Drone (Suspicious),17.0,Clear
EVT_018_00619,SGR_ZONE_018,2024-10-22,10,Autumn,23,1,Retreated,Foot Patrol,39.0,Clear
EVT_018_00620,SGR_ZONE_018,2024-11-21,11,Autumn,0,1,Alert Triggered,Vehicle,21.0,Fog
EVT_018_00621,SGR_ZONE_018,2024-11-21,11,Autumn,4,1,Retreated,Vehicle,18.0,Clear
EVT_019_00622,SGR_ZONE_019,2023-01-01,1,Winter,22,1,Neutralized,Foot Patrol,36.0,Fog
EVT_019_00623,SGR_ZONE_019,2023-01-01,1,Winter,0,1,Retreated,Drone (Suspicious),13.0,Clear
EVT_019_00624,SGR_ZONE_019,2023-04-01,4,Spring,0,0,Undetected,Foot Patrol,,Clear
EVT_019_00625,SGR_ZONE_019,2023-04-01,4,Spring,22,1,Neutralized,Drone (Suspicious),43.0,Fog
EVT_019_00626,SGR_ZONE_019,2023-05-31,5,Spring,2,1,Alert Triggered,Foot Patrol,8.0,Fog
EVT_019_00627,SGR_ZONE_019,2023-05-31,5,Spring,0,0,Undetected,Foot Patrol,,Cloudy
EVT_019_00628,SGR_ZONE_019,2023-10-28,10,Autumn,2,1,Alert Triggered,Drone (Suspicious),36.0,Snow
EVT_019_00629,SGR_ZONE_019,2023-10-28,10,Autumn,0,1,Retreated,Vehicle,10.0,Cloudy
EVT_019_00630,SGR_ZONE_019,2023-10-28,10,Autumn,22,0,Undetected,Vehicle,,Cloudy
EVT_019_00631,SGR_ZONE_019,2023-11-27,11,Autumn,0,1,Retreated,Foot Patrol,14.0,Cloudy
EVT_019_00632,SGR_ZONE_019,2023-11-27,11,Autumn,23,1,Retreated,Foot Patrol,32.0,Clear
EVT_019_00633,SGR_ZONE_019,2023-11-27,11,Autumn,0,1,Retreated,Drone (Suspicious),50.0,Clear
EVT_019_00634,SGR_ZONE_019,2024-01-26,1,Winter,22,1,Retreated,Foot Patrol,39.0,Clear
EVT_019_00635,SGR_ZONE_019,2024-03-26,3,Spring,23,1,Neutralized,Unknown,15.0,Cloudy
EVT_019_00636,SGR_ZONE_019,2024-03-26,3,Spring,22,1,Retreated,Unknown,48.0,Clear
EVT_019_00637,SGR_ZONE_019,2024-03-26,3,Spring,23,1,Retreated,Vehicle,58.0,Cloudy
EVT_019_00638,SGR_ZONE_019,2024-03-26,3,Spring,23,1,Neutralized,Unknown,51.0,Cloudy
EVT_019_00639,SGR_ZONE_019,2024-10-22,10,Autumn,22,0,Undetected,Foot Patrol,,Clear
EVT_020_00640,SGR_ZONE_020,2023-01-01,1,Winter,22,1,Neutralized,Vehicle,41.0,Clear
EVT_020_00641,SGR_ZONE_020,2023-01-01,1,Winter,23,1,Neutralized,Foot Patrol,41.0,Fog
EVT_020_00642,SGR_ZONE_020,2023-09-28,9,Autumn,23,1,Neutralized,Unknown,33.0,Clear
EVT_020_00643,SGR_ZONE_020,2023-09-28,9,Autumn,23,1,Retreated,Vehicle,9.0,Fog
EVT_020_00644,SGR_ZONE_020,2023-09-28,9,Autumn,0,1,Alert Triggered,Foot Patrol,58.0,Clear
EVT_020_00645,SGR_ZONE_020,2023-10-28,10,Autumn,0,0,Undetected,Vehicle,,Fog
EVT_020_00646,SGR_ZONE_020,2023-10-28,10,Autumn,1,1,Retreated,Foot Patrol,15.0,Clear
EVT_020_00647,SGR_ZONE_020,2023-10-28,10,Autumn,1,1,Neutralized,Unknown,46.0,Cloudy
EVT_020_00648,SGR_ZONE_020,2023-10-28,10,Autumn,22,1,Retreated,Drone (Suspicious),25.0,Fog
EVT_020_00649,SGR_ZONE_020,2023-11-27,11,Autumn,1,1,Retreated,Foot Patrol,21.0,Cloudy
EVT_020_00650,SGR_ZONE_020,2023-11-27,11,Autumn,1,0,Undetected,Foot Patrol,,Clear
EVT_020_00651,SGR_ZONE_020,2024-01-26,1,Winter,22,1,Retreated,Foot Patrol,21.0,Fog
EVT_020_00652,SGR_ZONE_020,2024-02-25,2,Winter,1,1,Alert Triggered,Foot Patrol,30.0,Clear
EVT_020_00653,SGR_ZONE_020,2024-02-25,2,Winter,22,1,Neutralized,Foot Patrol,31.0,Cloudy
EVT_020_00654,SGR_ZONE_020,2024-02-25,2,Winter,1,1,Retreated,Foot Patrol,42.0,Clear
EVT_020_00655,SGR_ZONE_020,2024-03-26,3,Spring,0,0,Undetected,Foot Patrol,,Cloudy
EVT_020_00656,SGR_ZONE_020,2024-05-25,5,Spring,1,1,Neutralized,Drone (Suspicious),31.0,Fog
EVT_020_00657,SGR_ZONE_020,2024-05-25,5,Spring,23,1,Alert Triggered,Foot Patrol,16.0,Clear
EVT_020_00658,SGR_ZONE_020,2024-09-22,9,Autumn,1,1,Retreated,Foot Patrol,6.0,Cloudy
EVT_020_00659,SGR_ZONE_020,2024-09-22,9,Autumn,4,1,Alert Triggered,Vehicle,43.0,Cloudy
EVT_020_00660,SGR_ZONE_020,2024-09-22,9,Autumn,22,1,Retreated,Foot Patrol,16.0,Clear
EVT_020_00661,SGR_ZONE_020,2024-09-22,9,Autumn,2,1,Retreated,Drone (Suspicious),40.0,Cloudy
EVT_020_00662,SGR_ZONE_020,2024-10-22,10,Autumn,0,1,Retreated,Foot Patrol,9.0,Cloudy
EVT_020_00663,SGR_ZONE_020,2024-10-22,10,Autumn,1,1,Neutralized,Drone (Suspicious),20.0,Snow
EVT_020_00664,SGR_ZONE_020,2024-10-22,10,Autumn,2,0,Undetected,Foot Patrol,,Fog
EVT_021_00665,SGR_ZONE_021,2023-01-01,1,Winter,2,1,Neutralized,Foot Patrol,47.0,Clear
EVT_021_00666,SGR_ZONE_021,2023-01-01,1,Winter,1,0,Undetected,Foot Patrol,,Clear
EVT_021_00667,SGR_ZONE_021,2023-01-01,1,Winter,0,0,Undetected,Unknown,,Cloudy
EVT_021_00668,SGR_ZONE_021,2023-01-31,1,Winter,0,1,Retreated,Foot Patrol,29.0,Clear
EVT_021_00669,SGR_ZONE_021,2023-01-31,1,Winter,0,1,Neutralized,Unknown,58.0,Cloudy
EVT_021_00670,SGR_ZONE_021,2023-03-02,3,Spring,23,0,Undetected,Foot Patrol,,Cloudy
EVT_021_00671,SGR_ZONE_021,2023-03-02,3,Spring,1,0,Undetected,Foot Patrol,,Cloudy
EVT_021_00672,SGR_ZONE_021,2023-03-02,3,Spring,22,1,Retreated,Drone (Suspicious),13.0,Fog
EVT_021_00673,SGR_ZONE_021,2023-03-02,3,Spring,0,1,Neutralized,Drone (Suspicious),17.0,Clear
EVT_021_00674,SGR_ZONE_021,2023-03-02,3,Spring,23,1,Retreated,Unknown,23.0,Clear
EVT_021_00675,SGR_ZONE_021,2023-04-01,4,Spring,23,0,Undetected,Drone (Suspicious),,Cloudy
EVT_021_00676,SGR_ZONE_021,2023-04-01,4,Spring,2,1,Retreated,Foot Patrol,15.0,Cloudy
EVT_021_00677,SGR_ZONE_021,2023-04-01,4,Spring,2,0,Undetected,Foot Patrol,,Cloudy
EVT_021_00678,SGR_ZONE_021,2023-05-01,5,Spring,1,1,Alert Triggered,Vehicle,58.0,Fog
EVT_021_00679,SGR_ZONE_021,2023-05-01,5,Spring,22,1,Alert Triggered,Drone (Suspicious),42.0,Cloudy
EVT_021_00680,SGR_ZONE_021,2023-05-31,5,Spring,23,0,Undetected,Drone (Suspicious),,Fog
EVT_021_00681,SGR_ZONE_021,2023-05-31,5,Spring,23,1,Retreated,Drone (Suspicious),50.0,Clear
EVT_021_00682,SGR_ZONE_021,2023-05-31,5,Spring,0,1,Retreated,Foot Patrol,47.0,Snow
EVT_021_00683,SGR_ZONE_021,2023-06-30,6,Monsoon,23,1,Neutralized,Vehicle,21.0,Clear
EVT_021_00684,SGR_ZONE_021,2023-06-30,6,Monsoon,22,1,Alert Triggered,Foot Patrol,29.0,Cloudy
EVT_021_00685,SGR_ZONE_021,2023-10-28,10,Autumn,1,1,Alert Triggered,Unknown,26.0,Clear
EVT_021_00686,SGR_ZONE_021,2023-10-28,10,Autumn,23,0,Undetected,Foot Patrol,,Cloudy
EVT_021_00687,SGR_ZONE_021,2023-10-28,10,Autumn,22,1,Neutralized,Foot Patrol,38.0,Clear
EVT_021_00688,SGR_ZONE_021,2023-11-27,11,Autumn,22,1,Neutralized,Foot Patrol,28.0,Fog
EVT_021_00689,SGR_ZONE_021,2023-11-27,11,Autumn,0,0,Undetected,Vehicle,,Snow
EVT_021_00690,SGR_ZONE_021,2023-11-27,11,Autumn,0,1,Neutralized,Foot Patrol,35.0,Cloudy
EVT_021_00691,SGR_ZONE_021,2023-12-27,12,Winter,3,1,Retreated,Unknown,34.0,Clear
EVT_021_00692,SGR_ZONE_021,2024-01-26,1,Winter,23,1,Retreated,Unknown,30.0,Clear
EVT_021_00693,SGR_ZONE_021,2024-01-26,1,Winter,1,1,Retreated,Vehicle,35.0,Snow
EVT_021_00694,SGR_ZONE_021,2024-01-26,1,Winter,22,1,Neutralized,Drone (Suspicious),34.0,Clear
EVT_021_00695,SGR_ZONE_021,2024-01-26,1,Winter,4,1,Alert Triggered,Foot Patrol,57.0,Cloudy
EVT_021_00696,SGR_ZONE_021,2024-02-25,2,Winter,0,1,Retreated,Foot Patrol,37.0,Fog
EVT_021_00697,SGR_ZONE_021,2024-02-25,2,Winter,23,1,Neutralized,Foot Patrol,38.0,Fog
EVT_021_00698,SGR_ZONE_021,2024-02-25,2,Winter,0,0,Undetected,Vehicle,,Fog
EVT_021_00699,SGR_ZONE_021,2024-03-26,3,Spring,1,1,Retreated,Vehicle,49.0,Fog
EVT_021_00700,SGR_ZONE_021,2024-03-26,3,Spring,2,1,Neutralized,Unknown,43.0,Clear
EVT_021_00701,SGR_ZONE_021,2024-03-26,3,Spring,1,0,Undetected,Foot Patrol,,Fog
EVT_021_00702,SGR_ZONE_021,2024-03-26,3,Spring,23,1,Retreated,Unknown,33.0,Cloudy
EVT_021_00703,SGR_ZONE_021,2024-04-25,4,Spring,0,0,Undetected,Foot Patrol,,Cloudy
EVT_021_00704,SGR_ZONE_021,2024-04-25,4,Spring,0,1,Retreated,Unknown,11.0,Clear
EVT_021_00705,SGR_ZONE_021,2024-04-25,4,Spring,22,0,Undetected,Vehicle,,Cloudy
EVT_021_00706,SGR_ZONE_021,2024-05-25,5,Spring,3,1,Neutralized,Foot Patrol,16.0,Snow
EVT_021_00707,SGR_ZONE_021,2024-06-24,6,Monsoon,22,1,Retreated,Foot Patrol,17.0,Clear
EVT_021_00708,SGR_ZONE_021,2024-06-24,6,Monsoon,23,1,Neutralized,Foot Patrol,31.0,Fog
EVT_021_00709,SGR_ZONE_021,2024-06-24,6,Monsoon,0,1,Retreated,Foot Patrol,38.0,Clear
EVT_021_00710,SGR_ZONE_021,2024-06-24,6,Monsoon,4,1,Alert Triggered,Foot Patrol,49.0,Clear
EVT_021_00711,SGR_ZONE_021,2024-07-24,7,Monsoon,23,1,Retreated,Vehicle,54.0,Clear
EVT_021_00712,SGR_ZONE_021,2024-09-22,9,Autumn,1,1,Retreated,Vehicle,18.0,Fog
EVT_021_00713,SGR_ZONE_021,2024-09-22,9,Autumn,23,1,Retreated,Unknown,27.0,Clear
EVT_021_00714,SGR_ZONE_021,2024-09-22,9,Autumn,23,1,Neutralized,Drone (Suspicious),37.0,Fog
EVT_022_00715,SGR_ZONE_022,2023-01-01,1,Winter,1,0,Undetected,Foot Patrol,,Cloudy
EVT_022_00716,SGR_ZONE_022,2023-01-01,1,Winter,0,0,Undetected,Unknown,,Clear
EVT_022_00717,SGR_ZONE_022,2023-01-31,1,Winter,23,1,Alert Triggered,Unknown,29.0,Cloudy
EVT_022_00718,SGR_ZONE_022,2023-01-31,1,Winter,0,1,Retreated,Drone (Suspicious),36.0,Clear
EVT_022_00719,SGR_ZONE_022,2023-01-31,1,Winter,0,1,Neutralized,Foot Patrol,27.0,Clear
EVT_022_00720,SGR_ZONE_022,2023-03-02,3,Spring,2,1,Retreated,Foot Patrol,31.0,Clear
EVT_022_00721,SGR_ZONE_022,2023-03-02,3,Spring,1,1,Retreated,Drone (Suspicious),52.0,Clear
EVT_022_00722,SGR_ZONE_022,2023-05-01,5,Spring,3,1,Retreated,Foot Patrol,54.0,Cloudy
EVT_022_00723,SGR_ZONE_022,2023-05-01,5,Spring,3,1,Neutralized,Foot Patrol,6.0,Snow
EVT_022_00724,SGR_ZONE_022,2023-05-31,5,Spring,0,0,Undetected,Vehicle,,Cloudy
EVT_022_00725,SGR_ZONE_022,2023-07-30,7,Monsoon,2,0,Undetected,Foot Patrol,,Fog
EVT_022_00726,SGR_ZONE_022,2023-07-30,7,Monsoon,0,1,Retreated,Unknown,23.0,Cloudy
EVT_022_00727,SGR_ZONE_022,2023-09-28,9,Autumn,23,1,Neutralized,Drone (Suspicious),22.0,Clear
EVT_022_00728,SGR_ZONE_022,2023-09-28,9,Autumn,0,1,Retreated,Vehicle,52.0,Clear
EVT_022_00729,SGR_ZONE_022,2023-11-27,11,Autumn,0,0,Undetected,Foot Patrol,,Fog
EVT_022_00730,SGR_ZONE_022,2023-11-27,11,Autumn,23,1,Neutralized,Foot Patrol,56.0,Fog
EVT_022_00731,SGR_ZONE_022,2023-11-27,11,Autumn,1,1,Alert Triggered,Unknown,8.0,Snow
EVT_022_00732,SGR_ZONE_022,2023-11-27,11,Autumn,1,0,Undetected,Unknown,,Clear
EVT_022_00733,SGR_ZONE_022,2023-11-27,11,Autumn,23,1,Neutralized,Foot Patrol,46.0,Fog
EVT_022_00734,SGR_ZONE_022,2023-12-27,12,Winter,1,1,Retreated,Foot Patrol,27.0,Cloudy
EVT_022_00735,SGR_ZONE_022,2023-12-27,12,Winter,2,0,Undetected,Foot Patrol,,Clear
EVT_022_00736,SGR_ZONE_022,2023-12-27,12,Winter,2,1,Neutralized,Foot Patrol,59.0,Clear
EVT_022_00737,SGR_ZONE_022,2024-01-26,1,Winter,0,0,Undetected,Foot Patrol,,Cloudy
EVT_022_00738,SGR_ZONE_022,2024-01-26,1,Winter,1,1,Retreated,Foot Patrol,51.0,Snow
EVT_022_00739,SGR_ZONE_022,2024-01-26,1,Winter,2,1,Retreated,Foot Patrol,39.0,Fog
EVT_022_00740,SGR_ZONE_022,2024-01-26,1,Winter,23,1,Retreated,Foot Patrol,29.0,Snow
EVT_022_00741,SGR_ZONE_022,2024-02-25,2,Winter,22,1,Retreated,Vehicle,49.0,Fog
EVT_022_00742,SGR_ZONE_022,2024-02-25,2,Winter,2,1,Neutralized,Vehicle,27.0,Fog
EVT_022_00743,SGR_ZONE_022,2024-03-26,3,Spring,1,1,Neutralized,Foot Patrol,32.0,Fog
EVT_022_00744,SGR_ZONE_022,2024-03-26,3,Spring,2,0,Undetected,Unknown,,Clear
EVT_022_00745,SGR_ZONE_022,2024-04-25,4,Spring,2,1,Retreated,Drone (Suspicious),58.0,Clear
EVT_022_00746,SGR_ZONE_022,2024-04-25,4,Spring,2,1,Neutralized,Drone (Suspicious),31.0,Clear
EVT_022_00747,SGR_ZONE_022,2024-04-25,4,Spring,22,1,Alert Triggered,Vehicle,37.0,Clear
EVT_022_00748,SGR_ZONE_022,2024-04-25,4,Spring,1,0,Undetected,Vehicle,,Cloudy
EVT_022_00749,SGR_ZONE_022,2024-04-25,4,Spring,2,1,Retreated,Foot Patrol,56.0,Cloudy
EVT_022_00750,SGR_ZONE_022,2024-05-25,5,Spring,23,1,Retreated,Foot Patrol,54.0,Clear
EVT_022_00751,SGR_ZONE_022,2024-05-25,5,Spring,4,1,Retreated,Foot Patrol,7.0,Cloudy
EVT_022_00752,SGR_ZONE_022,2024-05-25,5,Spring,2,1,Alert Triggered,Vehicle,34.0,Snow
EVT_022_00753,SGR_ZONE_022,2024-09-22,9,Autumn,22,0,Undetected,Vehicle,,Clear
EVT_022_00754,SGR_ZONE_022,2024-11-21,11,Autumn,0,0,Undetected,Foot Patrol,,Cloudy
EVT_023_00755,SGR_ZONE_023,2023-03-02,3,Spring,0,1,Retreated,Foot Patrol,57.0,Fog
EVT_023_00756,SGR_ZONE_023,2023-03-02,3,Spring,2,1,Retreated,Foot Patrol,20.0,Clear
EVT_023_00757,SGR_ZONE_023,2024-07-24,7,Monsoon,0,1,Retreated,Unknown,20.0,Clear
EVT_023_00758,SGR_ZONE_023,2024-07-24,7,Monsoon,0,1,Alert Triggered,Foot Patrol,47.0,Snow
EVT_023_00759,SGR_ZONE_023,2024-07-24,7,Monsoon,2,1,Neutralized,Foot Patrol,50.0,Fog
EVT_023_00760,SGR_ZONE_023,2024-11-21,11,Autumn,1,0,Undetected,Foot Patrol,,Clear
EVT_023_00761,SGR_ZONE_023,2024-11-21,11,Autumn,1,0,Undetected,Foot Patrol,,Fog
EVT_024_00762,SGR_ZONE_024,2023-01-01,1,Winter,23,1,Neutralized,Vehicle,22.0,Cloudy
EVT_024_00763,SGR_ZONE_024,2023-01-31,1,Winter,22,1,Neutralized,Unknown,22.0,Snow
EVT_024_00764,SGR_ZONE_024,2023-01-31,1,Winter,1,0,Undetected,Vehicle,,Snow
EVT_024_00765,SGR_ZONE_024,2023-01-31,1,Winter,2,1,Retreated,Foot Patrol,51.0,Cloudy
EVT_024_00766,SGR_ZONE_024,2023-01-31,1,Winter,23,1,Retreated,Unknown,42.0,Snow
EVT_024_00767,SGR_ZONE_024,2023-01-31,1,Winter,4,0,Undetected,Vehicle,,Clear
EVT_024_00768,SGR_ZONE_024,2023-01-31,1,Winter,0,0,Undetected,Foot Patrol,,Clear
EVT_024_00769,SGR_ZONE_024,2023-03-02,3,Spring,2,0,Undetected,Drone (Suspicious),,Snow
EVT_024_00770,SGR_ZONE_024,2023-03-02,3,Spring,23,1,Alert Triggered,Unknown,7.0,Cloudy
EVT_024_00771,SGR_ZONE_024,2023-03-02,3,Spring,22,1,Alert Triggered,Foot Patrol,56.0,Fog
EVT_024_00772,SGR_ZONE_024,2023-03-02,3,Spring,22,1,Retreated,Drone (Suspicious),20.0,Clear
EVT_024_00773,SGR_ZONE_024,2023-03-02,3,Spring,2,1,Retreated,Drone (Suspicious),14.0,Cloudy
EVT_024_00774,SGR_ZONE_024,2023-04-01,4,Spring,2,1,Retreated,Vehicle,38.0,Clear
EVT_024_00775,SGR_ZONE_024,2023-05-01,5,Spring,23,1,Neutralized,Foot Patrol,41.0,Fog
EVT_024_00776,SGR_ZONE_024,2023-05-01,5,Spring,1,0,Undetected,Vehicle,,Clear
EVT_024_00777,SGR_ZONE_024,2023-05-31,5,Spring,23,1,Neutralized,Foot Patrol,31.0,Clear
EVT_024_00778,SGR_ZONE_024,2023-05-31,5,Spring,22,1,Retreated,Unknown,6.0,Fog
EVT_024_00779,SGR_ZONE_024,2023-05-31,5,Spring,22,1,Retreated,Drone (Suspicious),30.0,Fog
EVT_024_00780,SGR_ZONE_024,2023-06-30,6,Monsoon,0,1,Alert Triggered,Vehicle,47.0,Clear
EVT_024_00781,SGR_ZONE_024,2023-06-30,6,Monsoon,23,0,Undetected,Vehicle,,Clear
EVT_024_00782,SGR_ZONE_024,2023-06-30,6,Monsoon,22,1,Alert Triggered,Foot Patrol,21.0,Cloudy
EVT_024_00783,SGR_ZONE_024,2023-07-30,7,Monsoon,0,1,Retreated,Foot Patrol,54.0,Cloudy
EVT_024_00784,SGR_ZONE_024,2023-07-30,7,Monsoon,0,1,Retreated,Foot Patrol,26.0,Clear
EVT_024_00785,SGR_ZONE_024,2023-07-30,7,Monsoon,0,1,Retreated,Foot Patrol,57.0,Clear
EVT_024_00786,SGR_ZONE_024,2023-07-30,7,Monsoon,22,0,Undetected,Foot Patrol,,Clear
EVT_024_00787,SGR_ZONE_024,2023-07-30,7,Monsoon,3,0,Undetected,Foot Patrol,,Clear
EVT_024_00788,SGR_ZONE_024,2023-09-28,9,Autumn,4,1,Retreated,Vehicle,59.0,Clear
EVT_024_00789,SGR_ZONE_024,2023-09-28,9,Autumn,22,1,Retreated,Foot Patrol,49.0,Clear
EVT_024_00790,SGR_ZONE_024,2023-09-28,9,Autumn,0,1,Retreated,Unknown,24.0,Cloudy
EVT_024_00791,SGR_ZONE_024,2023-10-28,10,Autumn,23,1,Neutralized,Unknown,30.0,Snow
EVT_024_00792,SGR_ZONE_024,2023-10-28,10,Autumn,0,1,Alert Triggered,Foot Patrol,57.0,Clear
EVT_024_00793,SGR_ZONE_024,2023-11-27,11,Autumn,0,0,Undetected,Drone (Suspicious),,Fog
EVT_024_00794,SGR_ZONE_024,2023-11-27,11,Autumn,2,1,Retreated,Vehicle,50.0,Fog
EVT_024_00795,SGR_ZONE_024,2023-11-27,11,Autumn,2,1,Retreated,Foot Patrol,14.0,Clear
EVT_024_00796,SGR_ZONE_024,2023-12-27,12,Winter,1,1,Retreated,Foot Patrol,30.0,Clear
EVT_024_00797,SGR_ZONE_024,2023-12-27,12,Winter,23,1,Retreated,Foot Patrol,56.0,Cloudy
EVT_024_00798,SGR_ZONE_024,2023-12-27,12,Winter,0,1,Alert Triggered,Foot Patrol,30.0,Cloudy
EVT_024_00799,SGR_ZONE_024,2024-01-26,1,Winter,0,0,Undetected,Foot Patrol,,Clear
EVT_024_00800,SGR_ZONE_024,2024-01-26,1,Winter,22,1,Neutralized,Vehicle,52.0,Cloudy
EVT_024_00801,SGR_ZONE_024,2024-02-25,2,Winter,1,1,Retreated,Drone (Suspicious),40.0,Cloudy
EVT_024_00802,SGR_ZONE_024,2024-03-26,3,Spring,0,0,Undetected,Foot Patrol,,Fog
EVT_024_00803,SGR_ZONE_024,2024-03-26,3,Spring,1,1,Neutralized,Vehicle,23.0,Clear
EVT_024_00804,SGR_ZONE_024,2024-03-26,3,Spring,2,1,Retreated,Unknown,15.0,Clear
EVT_024_00805,SGR_ZONE_024,2024-04-25,4,Spring,22,1,Retreated,Drone (Suspicious),15.0,Fog
EVT_024_00806,SGR_ZONE_024,2024-04-25,4,Spring,3,1,Retreated,Foot Patrol,14.0,Snow
EVT_024_00807,SGR_ZONE_024,2024-04-25,4,Spring,0,0,Undetected,Foot Patrol,,Fog
EVT_024_00808,SGR_ZONE_024,2024-04-25,4,Spring,22,0,Undetected,Vehicle,,Cloudy
EVT_024_00809,SGR_ZONE_024,2024-05-25,5,Spring,0,1,Alert Triggered,Drone (Suspicious),6.0,Clear
EVT_024_00810,SGR_ZONE_024,2024-05-25,5,Spring,1,0,Undetected,Foot Patrol,,Cloudy
EVT_024_00811,SGR_ZONE_024,2024-09-22,9,Autumn,23,1,Neutralized,Foot Patrol,40.0,Clear
EVT_024_00812,SGR_ZONE_024,2024-11-21,11,Autumn,22,0,Undetected,Vehicle,,Cloudy
EVT_024_00813,SGR_ZONE_024,2024-11-21,11,Autumn,23,0,Undetected,Foot Patrol,,Snow
EVT_025_00814,SGR_ZONE_025,2023-01-01,1,Winter,1,1,Retreated,Foot Patrol,59.0,Clear
EVT_025_00815,SGR_ZONE_025,2023-01-01,1,Winter,22,0,Undetected,Foot Patrol,,Clear
EVT_025_00816,SGR_ZONE_025,2023-01-31,1,Winter,23,1,Retreated,Drone (Suspicious),32.0,Clear
EVT_025_00817,SGR_ZONE_025,2023-01-31,1,Winter,2,1,Neutralized,Vehicle,56.0,Clear
EVT_025_00818,SGR_ZONE_025,2023-01-31,1,Winter,4,0,Undetected,Drone (Suspicious),,Cloudy
EVT_025_00819,SGR_ZONE_025,2023-03-02,3,Spring,1,1,Alert Triggered,Foot Patrol,51.0,Cloudy
EVT_025_00820,SGR_ZONE_025,2023-03-02,3,Spring,22,0,Undetected,Vehicle,,Cloudy
EVT_025_00821,SGR_ZONE_025,2023-04-01,4,Spring,22,0,Undetected,Foot Patrol,,Fog
EVT_025_00822,SGR_ZONE_025,2023-04-01,4,Spring,4,1,Alert Triggered,Vehicle,44.0,Cloudy
EVT_025_00823,SGR_ZONE_025,2023-05-01,5,Spring,23,1,Neutralized,Foot Patrol,38.0,Clear
EVT_025_00824,SGR_ZONE_025,2023-05-01,5,Spring,0,1,Retreated,Vehicle,17.0,Clear
EVT_025_00825,SGR_ZONE_025,2023-05-01,5,Spring,23,1,Neutralized,Drone (Suspicious),6.0,Clear
EVT_025_00826,SGR_ZONE_025,2023-05-31,5,Spring,22,1,Alert Triggered,Vehicle,20.0,Clear
EVT_025_00827,SGR_ZONE_025,2023-05-31,5,Spring,1,1,Neutralized,Vehicle,15.0,Fog
EVT_025_00828,SGR_ZONE_025,2023-05-31,5,Spring,1,1,Retreated,Foot Patrol,11.0,Fog
EVT_025_00829,SGR_ZONE_025,2023-06-30,6,Monsoon,23,0,Undetected,Foot Patrol,,Clear
EVT_025_00830,SGR_ZONE_025,2023-06-30,6,Monsoon,1,0,Undetected,Foot Patrol,,Cloudy
EVT_025_00831,SGR_ZONE_025,2023-07-30,7,Monsoon,4,1,Neutralized,Foot Patrol,8.0,Fog
EVT_025_00832,SGR_ZONE_025,2023-08-29,8,Monsoon,0,1,Neutralized,Vehicle,9.0,Snow
EVT_025_00833,SGR_ZONE_025,2023-08-29,8,Monsoon,0,1,Neutralized,Unknown,17.0,Cloudy
EVT_025_00834,SGR_ZONE_025,2023-08-29,8,Monsoon,0,1,Neutralized,Foot Patrol,57.0,Clear
EVT_025_00835,SGR_ZONE_025,2023-09-28,9,Autumn,1,1,Neutralized,Foot Patrol,55.0,Clear
EVT_025_00836,SGR_ZONE_025,2023-09-28,9,Autumn,4,1,Neutralized,Foot Patrol,27.0,Clear
EVT_025_00837,SGR_ZONE_025,2023-09-28,9,Autumn,2,0,Undetected,Unknown,,Clear
EVT_025_00838,SGR_ZONE_025,2023-09-28,9,Autumn,3,0,Undetected,Foot Patrol,,Fog
EVT_025_00839,SGR_ZONE_025,2023-10-28,10,Autumn,1,1,Neutralized,Foot Patrol,46.0,Clear
EVT_025_00840,SGR_ZONE_025,2023-10-28,10,Autumn,1,1,Alert Triggered,Unknown,50.0,Fog
EVT_025_00841,SGR_ZONE_025,2023-10-28,10,Autumn,23,1,Retreated,Foot Patrol,53.0,Clear
EVT_025_00842,SGR_ZONE_025,2023-11-27,11,Autumn,3,1,Retreated,Vehicle,51.0,Snow
EVT_025_00843,SGR_ZONE_025,2023-11-27,11,Autumn,0,1,Alert Triggered,Drone (Suspicious),20.0,Cloudy
EVT_025_00844,SGR_ZONE_025,2023-12-27,12,Winter,0,1,Retreated,Unknown,54.0,Cloudy
EVT_025_00845,SGR_ZONE_025,2023-12-27,12,Winter,22,1,Retreated,Unknown,35.0,Clear
EVT_025_00846,SGR_ZONE_025,2023-12-27,12,Winter,23,1,Alert Triggered,Foot Patrol,25.0,Clear
EVT_025_00847,SGR_ZONE_025,2023-12-27,12,Winter,0,1,Retreated,Foot Patrol,40.0,Clear
EVT_025_00848,SGR_ZONE_025,2024-01-26,1,Winter,23,1,Alert Triggered,Foot Patrol,14.0,Cloudy
EVT_025_00849,SGR_ZONE_025,2024-01-26,1,Winter,23,1,Retreated,Foot Patrol,31.0,Snow
EVT_025_00850,SGR_ZONE_025,2024-01-26,1,Winter,22,1,Retreated,Foot Patrol,25.0,Fog
EVT_025_00851,SGR_ZONE_025,2024-02-25,2,Winter,22,0,Undetected,Foot Patrol,,Cloudy
EVT_025_00852,SGR_ZONE_025,2024-03-26,3,Spring,0,1,Retreated,Vehicle,47.0,Cloudy
EVT_025_00853,SGR_ZONE_025,2024-03-26,3,Spring,0,0,Undetected,Unknown,,Fog
EVT_025_00854,SGR_ZONE_025,2024-03-26,3,Spring,23,1,Alert Triggered,Unknown,27.0,Clear
EVT_025_00855,SGR_ZONE_025,2024-04-25,4,Spring,0,1,Alert Triggered,Unknown,37.0,Snow
EVT_025_00856,SGR_ZONE_025,2024-04-25,4,Spring,22,1,Neutralized,Foot Patrol,49.0,Cloudy
EVT_025_00857,SGR_ZONE_025,2024-04-25,4,Spring,23,1,Neutralized,Foot Patrol,59.0,Fog
EVT_025_00858,SGR_ZONE_025,2024-05-25,5,Spring,23,1,Retreated,Unknown,11.0,Cloudy
EVT_025_00859,SGR_ZONE_025,2024-05-25,5,Spring,1,1,Retreated,Foot Patrol,6.0,Cloudy
EVT_025_00860,SGR_ZONE_025,2024-06-24,6,Monsoon,0,1,Retreated,Foot Patrol,42.0,Clear
EVT_025_00861,SGR_ZONE_025,2024-06-24,6,Monsoon,22,1,Neutralized,Foot Patrol,28.0,Cloudy
EVT_025_00862,SGR_ZONE_025,2024-06-24,6,Monsoon,0,1,Retreated,Foot Patrol,28.0,Fog
EVT_025_00863,SGR_ZONE_025,2024-06-24,6,Monsoon,22,1,Neutralized,Foot Patrol,32.0,Cloudy
EVT_025_00864,SGR_ZONE_025,2024-09-22,9,Autumn,2,0,Undetected,Foot Patrol,,Cloudy
EVT_025_00865,SGR_ZONE_025,2024-09-22,9,Autumn,23,0,Undetected,Vehicle,,Cloudy
EVT_025_00866,SGR_ZONE_025,2024-09-22,9,Autumn,0,1,Retreated,Unknown,43.0,Fog
EVT_025_00867,SGR_ZONE_025,2024-10-22,10,Autumn,3,1,Retreated,Foot Patrol,13.0,Fog
EVT_025_00868,SGR_ZONE_025,2024-10-22,10,Autumn,23,1,Alert Triggered,Foot Patrol,32.0,Cloudy
EVT_025_00869,SGR_ZONE_025,2024-11-21,11,Autumn,23,1,Neutralized,Foot Patrol,59.0,Clear
EVT_025_00870,SGR_ZONE_025,2024-11-21,11,Autumn,0,0,Undetected,Foot Patrol,,Cloudy
EVT_025_00871,SGR_ZONE_025,2024-11-21,11,Autumn,23,0,Undetected,Foot Patrol,,Snow
EVT_025_00872,SGR_ZONE_025,2024-11-21,11,Autumn,0,1,Retreated,Unknown,8.0,Cloudy
EVT_026_00873,SGR_ZONE_026,2023-01-31,1,Winter,22,1,Alert Triggered,Foot Patrol,38.0,Fog
EVT_026_00874,SGR_ZONE_026,2023-01-31,1,Winter,22,1,Retreated,Foot Patrol,26.0,Cloudy
EVT_026_00875,SGR_ZONE_026,2023-01-31,1,Winter,22,1,Retreated,Foot Patrol,17.0,Cloudy
EVT_026_00876,SGR_ZONE_026,2023-04-01,4,Spring,23,1,Neutralized,Foot Patrol,14.0,Clear
EVT_026_00877,SGR_ZONE_026,2023-10-28,10,Autumn,2,0,Undetected,Foot Patrol,,Cloudy
EVT_026_00878,SGR_ZONE_026,2023-10-28,10,Autumn,23,1,Retreated,Foot Patrol,29.0,Fog
EVT_026_00879,SGR_ZONE_026,2023-12-27,12,Winter,23,0,Undetected,Drone (Suspicious),,Clear
EVT_026_00880,SGR_ZONE_026,2023-12-27,12,Winter,0,1,Retreated,Drone (Suspicious),51.0,Clear
EVT_026_00881,SGR_ZONE_026,2023-12-27,12,Winter,2,0,Undetected,Unknown,,Snow
EVT_026_00882,SGR_ZONE_026,2023-12-27,12,Winter,2,1,Neutralized,Vehicle,17.0,Snow
EVT_026_00883,SGR_ZONE_026,2024-01-26,1,Winter,1,1,Neutralized,Foot Patrol,9.0,Cloudy
EVT_026_00884,SGR_ZONE_026,2024-05-25,5,Spring,0,1,Retreated,Foot Patrol,49.0,Cloudy
EVT_026_00885,SGR_ZONE_026,2024-05-25,5,Spring,23,0,Undetected,Vehicle,,Clear
EVT_026_00886,SGR_ZONE_026,2024-06-24,6,Monsoon,22,1,Alert Triggered,Drone (Suspicious),31.0,Cloudy
EVT_026_00887,SGR_ZONE_026,2024-06-24,6,Monsoon,23,0,Undetected,Vehicle,,Cloudy
EVT_026_00888,SGR_ZONE_026,2024-09-22,9,Autumn,0,1,Neutralized,Unknown,9.0,Clear
EVT_026_00889,SGR_ZONE_026,2024-11-21,11,Autumn,0,0,Undetected,Vehicle,,Clear
EVT_026_00890,SGR_ZONE_026,2024-11-21,11,Autumn,1,1,Neutralized,Foot Patrol,39.0,Cloudy
EVT_027_00891,SGR_ZONE_027,2023-01-01,1,Winter,3,1,Neutralized,Drone (Suspicious),31.0,Clear
EVT_027_00892,SGR_ZONE_027,2023-01-01,1,Winter,1,0,Undetected,Foot Patrol,,Fog
EVT_027_00893,SGR_ZONE_027,2023-01-31,1,Winter,0,1,Alert Triggered,Foot Patrol,52.0,Clear
EVT_027_00894,SGR_ZONE_027,2023-04-01,4,Spring,1,0,Undetected,Unknown,,Clear
EVT_027_00895,SGR_ZONE_027,2023-04-01,4,Spring,23,1,Neutralized,Vehicle,31.0,Clear
EVT_027_00896,SGR_ZONE_027,2023-07-30,7,Monsoon,22,0,Undetected,Vehicle,,Fog
EVT_027_00897,SGR_ZONE_027,2023-07-30,7,Monsoon,0,1,Neutralized,Drone (Suspicious),47.0,Cloudy
EVT_027_00898,SGR_ZONE_027,2023-11-27,11,Autumn,0,1,Retreated,Foot Patrol,9.0,Fog
EVT_027_00899,SGR_ZONE_027,2023-12-27,12,Winter,0,1,Retreated,Unknown,7.0,Cloudy
EVT_027_00900,SGR_ZONE_027,2023-12-27,12,Winter,0,1,Retreated,Drone (Suspicious),48.0,Clear
EVT_027_00901,SGR_ZONE_027,2023-12-27,12,Winter,23,1,Neutralized,Foot Patrol,7.0,Fog
EVT_027_00902,SGR_ZONE_027,2023-12-27,12,Winter,2,1,Retreated,Foot Patrol,58.0,Fog
EVT_027_00903,SGR_ZONE_027,2024-01-26,1,Winter,3,0,Undetected,Foot Patrol,,Cloudy
EVT_027_00904,SGR_ZONE_027,2024-01-26,1,Winter,23,0,Undetected,Vehicle,,Clear
EVT_027_00905,SGR_ZONE_027,2024-01-26,1,Winter,1,1,Retreated,Vehicle,33.0,Cloudy
EVT_027_00906,SGR_ZONE_027,2024-02-25,2,Winter,1,1,Neutralized,Foot Patrol,58.0,Cloudy
EVT_027_00907,SGR_ZONE_027,2024-03-26,3,Spring,0,0,Undetected,Foot Patrol,,Snow
EVT_027_00908,SGR_ZONE_027,2024-03-26,3,Spring,0,0,Undetected,Unknown,,Snow
EVT_027_00909,SGR_ZONE_027,2024-03-26,3,Spring,0,1,Alert Triggered,Drone (Suspicious),33.0,Cloudy
EVT_027_00910,SGR_ZONE_027,2024-04-25,4,Spring,0,1,Neutralized,Vehicle,57.0,Cloudy
EVT_027_00911,SGR_ZONE_027,2024-05-25,5,Spring,0,0,Undetected,Foot Patrol,,Cloudy
EVT_027_00912,SGR_ZONE_027,2024-08-23,8,Monsoon,1,0,Undetected,Vehicle,,Cloudy
EVT_027_00913,SGR_ZONE_027,2024-08-23,8,Monsoon,4,1,Neutralized,Foot Patrol,57.0,Clear
EVT_027_00914,SGR_ZONE_027,2024-08-23,8,Monsoon,0,0,Undetected,Drone (Suspicious),,Clear
EVT_027_00915,SGR_ZONE_027,2024-10-22,10,Autumn,3,1,Neutralized,Drone (Suspicious),32.0,Clear
EVT_027_00916,SGR_ZONE_027,2024-10-22,10,Autumn,23,1,Neutralized,Unknown,19.0,Cloudy
EVT_027_00917,SGR_ZONE_027,2024-11-21,11,Autumn,0,1,Alert Triggered,Foot Patrol,43.0,Snow
EVT_027_00918,SGR_ZONE_027,2024-11-21,11,Autumn,22,1,Retreated,Foot Patrol,53.0,Fog
EVT_027_00919,SGR_ZONE_027,2024-11-21,11,Autumn,22,1,Alert Triggered,Foot Patrol,8.0,Cloudy
EVT_028_00920,SGR_ZONE_028,2023-01-01,1,Winter,0,1,Neutralized,Unknown,40.0,Clear
EVT_028_00921,SGR_ZONE_028,2023-01-31,1,Winter,0,1,Neutralized,Foot Patrol,47.0,Fog
EVT_028_00922,SGR_ZONE_028,2023-03-02,3,Spring,23,1,Neutralized,Foot Patrol,6.0,Cloudy
EVT_028_00923,SGR_ZONE_028,2023-03-02,3,Spring,1,1,Neutralized,Foot Patrol,25.0,Cloudy
EVT_028_00924,SGR_ZONE_028,2023-03-02,3,Spring,0,0,Undetected,Foot Patrol,,Clear
EVT_028_00925,SGR_ZONE_028,2023-04-01,4,Spring,22,1,Retreated,Foot Patrol,51.0,Fog
EVT_028_00926,SGR_ZONE_028,2023-05-01,5,Spring,2,0,Undetected,Foot Patrol,,Cloudy
EVT_028_00927,SGR_ZONE_028,2023-05-01,5,Spring,23,0,Undetected,Vehicle,,Clear
EVT_028_00928,SGR_ZONE_028,2023-05-31,5,Spring,1,1,Alert Triggered,Foot Patrol,33.0,Cloudy
EVT_028_00929,SGR_ZONE_028,2023-05-31,5,Spring,1,0,Undetected,Drone (Suspicious),,Clear
EVT_028_00930,SGR_ZONE_028,2023-05-31,5,Spring,0,0,Undetected,Foot Patrol,,Fog
EVT_028_00931,SGR_ZONE_028,2023-05-31,5,Spring,23,1,Retreated,Vehicle,42.0,Clear
EVT_028_00932,SGR_ZONE_028,2023-07-30,7,Monsoon,4,0,Undetected,Foot Patrol,,Cloudy
EVT_028_00933,SGR_ZONE_028,2023-07-30,7,Monsoon,4,1,Retreated,Drone (Suspicious),58.0,Snow
EVT_028_00934,SGR_ZONE_028,2023-07-30,7,Monsoon,23,0,Undetected,Drone (Suspicious),,Cloudy
EVT_028_00935,SGR_ZONE_028,2023-10-28,10,Autumn,1,1,Neutralized,Foot Patrol,6.0,Snow
EVT_028_00936,SGR_ZONE_028,2023-12-27,12,Winter,4,1,Neutralized,Foot Patrol,45.0,Cloudy
EVT_028_00937,SGR_ZONE_028,2023-12-27,12,Winter,1,1,Neutralized,Foot Patrol,9.0,Cloudy
EVT_028_00938,SGR_ZONE_028,2023-12-27,12,Winter,1,1,Neutralized,Foot Patrol,41.0,Cloudy
EVT_028_00939,SGR_ZONE_028,2024-01-26,1,Winter,0,1,Neutralized,Vehicle,28.0,Cloudy
EVT_028_00940,SGR_ZONE_028,2024-02-25,2,Winter,1,1,Retreated,Foot Patrol,44.0,Clear
EVT_028_00941,SGR_ZONE_028,2024-02-25,2,Winter,1,1,Retreated,Foot Patrol,34.0,Cloudy
EVT_028_00942,SGR_ZONE_028,2024-02-25,2,Winter,23,1,Alert Triggered,Unknown,9.0,Clear
EVT_028_00943,SGR_ZONE_028,2024-02-25,2,Winter,22,1,Alert Triggered,Vehicle,31.0,Cloudy
EVT_028_00944,SGR_ZONE_028,2024-03-26,3,Spring,0,1,Retreated,Drone (Suspicious),51.0,Snow
EVT_028_00945,SGR_ZONE_028,2024-03-26,3,Spring,0,1,Retreated,Foot Patrol,57.0,Fog
EVT_028_00946,SGR_ZONE_028,2024-04-25,4,Spring,2,1,Retreated,Foot Patrol,54.0,Clear
EVT_028_00947,SGR_ZONE_028,2024-04-25,4,Spring,3,1,Retreated,Foot Patrol,53.0,Cloudy
EVT_028_00948,SGR_ZONE_028,2024-05-25,5,Spring,0,1,Retreated,Foot Patrol,10.0,Fog
EVT_028_00949,SGR_ZONE_028,2024-05-25,5,Spring,0,1,Alert Triggered,Vehicle,55.0,Clear
EVT_028_00950,SGR_ZONE_028,2024-05-25,5,Spring,0,1,Retreated,Foot Patrol,57.0,Clear
EVT_028_00951,SGR_ZONE_028,2024-05-25,5,Spring,22,0,Undetected,Unknown,,Snow
EVT_028_00952,SGR_ZONE_028,2024-05-25,5,Spring,3,0,Undetected,Foot Patrol,,Clear
EVT_028_00953,SGR_ZONE_028,2024-08-23,8,Monsoon,1,1,Retreated,Unknown,7.0,Clear
EVT_028_00954,SGR_ZONE_028,2024-08-23,8,Monsoon,1,1,Retreated,Vehicle,22.0,Clear
EVT_028_00955,SGR_ZONE_028,2024-08-23,8,Monsoon,0,0,Undetected,Foot Patrol,,Clear
EVT_028_00956,SGR_ZONE_028,2024-09-22,9,Autumn,23,1,Retreated,Foot Patrol,36.0,Clear
EVT_028_00957,SGR_ZONE_028,2024-09-22,9,Autumn,23,1,Retreated,Unknown,30.0,Snow
EVT_028_00958,SGR_ZONE_028,2024-09-22,9,Autumn,1,1,Neutralized,Foot Patrol,58.0,Clear
EVT_028_00959,SGR_ZONE_028,2024-09-22,9,Autumn,0,1,Alert Triggered,Foot Patrol,46.0,Clear
EVT_028_00960,SGR_ZONE_028,2024-09-22,9,Autumn,0,0,Undetected,Foot Patrol,,Cloudy
EVT_028_00961,SGR_ZONE_028,2024-09-22,9,Autumn,1,1,Neutralized,Unknown,6.0,Clear
EVT_028_00962,SGR_ZONE_028,2024-10-22,10,Autumn,4,1,Neutralized,Vehicle,37.0,Clear
EVT_028_00963,SGR_ZONE_028,2024-10-22,10,Autumn,0,1,Retreated,Vehicle,6.0,Fog
EVT_028_00964,SGR_ZONE_028,2024-10-22,10,Autumn,22,1,Retreated,Foot Patrol,56.0,Cloudy
EVT_028_00965,SGR_ZONE_028,2024-11-21,11,Autumn,1,1,Retreated,Foot Patrol,7.0,Cloudy
EVT_028_00966,SGR_ZONE_028,2024-11-21,11,Autumn,23,1,Retreated,Foot Patrol,55.0,Cloudy
EVT_028_00967,SGR_ZONE_028,2024-11-21,11,Autumn,1,0,Undetected,Foot Patrol,,Clear
EVT_029_00968,SGR_ZONE_029,2023-01-01,1,Winter,1,1,Retreated,Vehicle,20.0,Clear
EVT_029_00969,SGR_ZONE_029,2023-01-01,1,Winter,0,0,Undetected,Unknown,,Clear
EVT_029_00970,SGR_ZONE_029,2023-01-01,1,Winter,22,0,Undetected,Unknown,,Clear
EVT_029_00971,SGR_ZONE_029,2023-01-31,1,Winter,1,1,Retreated,Foot Patrol,9.0,Clear
EVT_029_00972,SGR_ZONE_029,2023-01-31,1,Winter,1,1,Neutralized,Unknown,30.0,Clear
EVT_029_00973,SGR_ZONE_029,2023-03-02,3,Spring,22,1,Alert Triggered,Vehicle,37.0,Fog
EVT_029_00974,SGR_ZONE_029,2023-03-02,3,Spring,3,1,Alert Triggered,Vehicle,24.0,Cloudy
EVT_029_00975,SGR_ZONE_029,2023-05-01,5,Spring,23,1,Retreated,Vehicle,36.0,Cloudy
EVT_029_00976,SGR_ZONE_029,2023-05-01,5,Spring,0,0,Undetected,Drone (Suspicious),,Cloudy
EVT_029_00977,SGR_ZONE_029,2023-05-01,5,Spring,23,0,Undetected,Foot Patrol,,Snow
EVT_029_00978,SGR_ZONE_029,2023-06-30,6,Monsoon,0,1,Neutralized,Foot Patrol,20.0,Cloudy
EVT_029_00979,SGR_ZONE_029,2023-06-30,6,Monsoon,0,1,Alert Triggered,Foot Patrol,21.0,Clear
EVT_029_00980,SGR_ZONE_029,2023-12-27,12,Winter,1,0,Undetected,Vehicle,,Clear
EVT_029_00981,SGR_ZONE_029,2023-12-27,12,Winter,0,0,Undetected,Drone (Suspicious),,Snow
EVT_029_00982,SGR_ZONE_029,2024-01-26,1,Winter,1,1,Alert Triggered,Foot Patrol,35.0,Clear
EVT_029_00983,SGR_ZONE_029,2024-01-26,1,Winter,23,1,Neutralized,Foot Patrol,28.0,Snow
EVT_029_00984,SGR_ZONE_029,2024-01-26,1,Winter,4,1,Alert Triggered,Vehicle,22.0,Snow
EVT_029_00985,SGR_ZONE_029,2024-01-26,1,Winter,0,0,Undetected,Foot Patrol,,Fog
EVT_029_00986,SGR_ZONE_029,2024-02-25,2,Winter,22,0,Undetected,Unknown,,Fog
EVT_029_00987,SGR_ZONE_029,2024-02-25,2,Winter,1,0,Undetected,Foot Patrol,,Cloudy
EVT_029_00988,SGR_ZONE_029,2024-03-26,3,Spring,2,1,Retreated,Vehicle,56.0,Cloudy
EVT_029_00989,SGR_ZONE_029,2024-03-26,3,Spring,3,1,Alert Triggered,Foot Patrol,6.0,Clear
EVT_029_00990,SGR_ZONE_029,2024-07-24,7,Monsoon,0,0,Undetected,Vehicle,,Snow
EVT_029_00991,SGR_ZONE_029,2024-07-24,7,Monsoon,0,0,Undetected,Foot Patrol,,Clear
EVT_029_00992,SGR_ZONE_029,2024-07-24,7,Monsoon,23,1,Retreated,Drone (Suspicious),23.0,Cloudy
EVT_029_00993,SGR_ZONE_029,2024-09-22,9,Autumn,1,1,Neutralized,Foot Patrol,55.0,Cloudy
EVT_029_00994,SGR_ZONE_029,2024-09-22,9,Autumn,1,1,Retreated,Foot Patrol,21.0,Fog
EVT_029_00995,SGR_ZONE_029,2024-09-22,9,Autumn,0,1,Retreated,Foot Patrol,49.0,Clear
EVT_029_00996,SGR_ZONE_029,2024-10-22,10,Autumn,22,0,Undetected,Foot Patrol,,Clear
EVT_029_00997,SGR_ZONE_029,2024-10-22,10,Autumn,0,1,Neutralized,Foot Patrol,28.0,Clear
EVT_029_00998,SGR_ZONE_029,2024-10-22,10,Autumn,4,1,Retreated,Foot Patrol,22.0,Fog
EVT_029_00999,SGR_ZONE_029,2024-11-21,11,Autumn,22,1,Retreated,Unknown,26.0,Clear
EVT_030_01000,SGR_ZONE_030,2023-01-01,1,Winter,1,1,Alert Triggered,Vehicle,8.0,Clear
EVT_030_01001,SGR_ZONE_030,2023-01-01,1,Winter,1,1,Neutralized,Foot Patrol,51.0,Clear
EVT_030_01002,SGR_ZONE_030,2023-01-01,1,Winter,1,0,Undetected,Foot Patrol,,Fog
EVT_030_01003,SGR_ZONE_030,2023-01-31,1,Winter,23,1,Neutralized,Foot Patrol,29.0,Cloudy
EVT_030_01004,SGR_ZONE_030,2023-01-31,1,Winter,3,0,Undetected,Foot Patrol,,Clear
EVT_030_01005,SGR_ZONE_030,2023-03-02,3,Spring,0,1,Retreated,Vehicle,52.0,Clear
EVT_030_01006,SGR_ZONE_030,2023-03-02,3,Spring,22,0,Undetected,Vehicle,,Fog
EVT_030_01007,SGR_ZONE_030,2023-03-02,3,Spring,23,1,Neutralized,Foot Patrol,23.0,Cloudy
EVT_030_01008,SGR_ZONE_030,2023-03-02,3,Spring,1,1,Neutralized,Foot Patrol,34.0,Cloudy
EVT_030_01009,SGR_ZONE_030,2023-03-02,3,Spring,23,1,Alert Triggered,Foot Patrol,10.0,Clear
EVT_030_01010,SGR_ZONE_030,2023-03-02,3,Spring,23,0,Undetected,Foot Patrol,,Snow
EVT_030_01011,SGR_ZONE_030,2023-03-02,3,Spring,22,1,Retreated,Vehicle,41.0,Cloudy
EVT_030_01012,SGR_ZONE_030,2023-04-01,4,Spring,22,1,Retreated,Foot Patrol,21.0,Cloudy
EVT_030_01013,SGR_ZONE_030,2023-04-01,4,Spring,4,1,Neutralized,Foot Patrol,11.0,Fog
EVT_030_01014,SGR_ZONE_030,2023-04-01,4,Spring,4,1,Neutralized,Vehicle,50.0,Fog
EVT_030_01015,SGR_ZONE_030,2023-04-01,4,Spring,23,1,Retreated,Foot Patrol,53.0,Clear
EVT_030_01016,SGR_ZONE_030,2023-04-01,4,Spring,0,1,Neutralized,Foot Patrol,19.0,Fog
EVT_030_01017,SGR_ZONE_030,2023-05-01,5,Spring,1,0,Undetected,Foot Patrol,,Snow
EVT_030_01018,SGR_ZONE_030,2023-05-01,5,Spring,1,0,Undetected,Vehicle,,Clear
EVT_030_01019,SGR_ZONE_030,2023-05-31,5,Spring,0,0,Undetected,Foot Patrol,,Snow
EVT_030_01020,SGR_ZONE_030,2023-05-31,5,Spring,0,1,Neutralized,Foot Patrol,15.0,Clear
EVT_030_01021,SGR_ZONE_030,2023-05-31,5,Spring,23,0,Undetected,Foot Patrol,,Clear
EVT_030_01022,SGR_ZONE_030,2023-09-28,9,Autumn,22,1,Retreated,Unknown,56.0,Clear
EVT_030_01023,SGR_ZONE_030,2023-09-28,9,Autumn,23,1,Retreated,Drone (Suspicious),43.0,Cloudy
EVT_030_01024,SGR_ZONE_030,2023-09-28,9,Autumn,22,1,Alert Triggered,Unknown,44.0,Snow
EVT_030_01025,SGR_ZONE_030,2023-09-28,9,Autumn,3,1,Neutralized,Unknown,48.0,Clear
EVT_030_01026,SGR_ZONE_030,2023-11-27,11,Autumn,0,0,Undetected,Foot Patrol,,Cloudy
EVT_030_01027,SGR_ZONE_030,2023-11-27,11,Autumn,2,1,Retreated,Unknown,52.0,Cloudy
EVT_030_01028,SGR_ZONE_030,2023-12-27,12,Winter,3,0,Undetected,Foot Patrol,,Clear
EVT_030_01029,SGR_ZONE_030,2023-12-27,12,Winter,1,1,Alert Triggered,Drone (Suspicious),36.0,Cloudy
EVT_030_01030,SGR_ZONE_030,2023-12-27,12,Winter,1,1,Retreated,Foot Patrol,21.0,Fog
EVT_030_01031,SGR_ZONE_030,2024-01-26,1,Winter,0,1,Alert Triggered,Foot Patrol,46.0,Cloudy
EVT_030_01032,SGR_ZONE_030,2024-01-26,1,Winter,0,1,Retreated,Unknown,20.0,Fog
EVT_030_01033,SGR_ZONE_030,2024-02-25,2,Winter,0,1,Neutralized,Foot Patrol,16.0,Clear
EVT_030_01034,SGR_ZONE_030,2024-02-25,2,Winter,22,0,Undetected,Unknown,,Fog
EVT_030_01035,SGR_ZONE_030,2024-04-25,4,Spring,2,0,Undetected,Foot Patrol,,Cloudy
EVT_030_01036,SGR_ZONE_030,2024-04-25,4,Spring,22,1,Retreated,Drone (Suspicious),30.0,Clear
EVT_030_01037,SGR_ZONE_030,2024-04-25,4,Spring,1,1,Retreated,Foot Patrol,10.0,Cloudy
EVT_030_01038,SGR_ZONE_030,2024-05-25,5,Spring,22,0,Undetected,Foot Patrol,,Clear
EVT_030_01039,SGR_ZONE_030,2024-05-25,5,Spring,1,1,Retreated,Vehicle,15.0,Cloudy
EVT_030_01040,SGR_ZONE_030,2024-10-22,10,Autumn,1,0,Undetected,Foot Patrol,,Clear
EVT_030_01041,SGR_ZONE_030,2024-10-22,10,Autumn,0,1,Neutralized,Drone (Suspicious),42.0,Cloudy
EVT_030_01042,SGR_ZONE_030,2024-11-21,11,Autumn,2,1,Neutralized,Unknown,27.0,Clear
EVT_030_01043,SGR_ZONE_030,2024-11-21,11,Autumn,0,1,Retreated,Vehicle,40.0,Cloudy
EVT_030_01044,SGR_ZONE_030,2024-11-21,11,Autumn,22,0,Undetected,Foot Patrol,,Cloudy
EVT_030_01045,SGR_ZONE_030,2024-11-21,11,Autumn,0,1,Neutralized,Foot Patrol,12.0,Clear
EVT_030_01046,SGR_ZONE_030,2024-11-21,11,Autumn,0,1,Neutralized,Foot Patrol,49.0,Clear
EVT_030_01047,SGR_ZONE_030,2024-11-21,11,Autumn,0,0,Undetected,Unknown,,Clear
EVT_031_01048,SGR_ZONE_031,2023-01-31,1,Winter,23,1,Neutralized,Foot Patrol,28.0,Clear
EVT_031_01049,SGR_ZONE_031,2023-03-02,3,Spring,2,1,Alert Triggered,Unknown,46.0,Snow
EVT_031_01050,SGR_ZONE_031,2023-05-31,5,Spring,2,1,Neutralized,Unknown,17.0,Fog
EVT_031_01051,SGR_ZONE_031,2023-07-30,7,Monsoon,0,0,Undetected,Vehicle,,Cloudy
EVT_031_01052,SGR_ZONE_031,2023-09-28,9,Autumn,0,0,Undetected,Foot Patrol,,Clear
EVT_031_01053,SGR_ZONE_031,2023-09-28,9,Autumn,23,1,Alert Triggered,Unknown,47.0,Fog
EVT_031_01054,SGR_ZONE_031,2023-09-28,9,Autumn,0,1,Neutralized,Unknown,41.0,Clear
EVT_031_01055,SGR_ZONE_031,2023-09-28,9,Autumn,0,1,Retreated,Vehicle,10.0,Clear
EVT_031_01056,SGR_ZONE_031,2023-09-28,9,Autumn,0,1,Retreated,Vehicle,56.0,Clear
EVT_031_01057,SGR_ZONE_031,2023-09-28,9,Autumn,22,1,Retreated,Foot Patrol,40.0,Snow
EVT_031_01058,SGR_ZONE_031,2023-12-27,12,Winter,23,0,Undetected,Foot Patrol,,Clear
EVT_031_01059,SGR_ZONE_031,2023-12-27,12,Winter,1,1,Retreated,Foot Patrol,59.0,Cloudy
EVT_031_01060,SGR_ZONE_031,2024-01-26,1,Winter,1,1,Alert Triggered,Foot Patrol,33.0,Clear
EVT_031_01061,SGR_ZONE_031,2024-01-26,1,Winter,0,0,Undetected,Unknown,,Fog
EVT_031_01062,SGR_ZONE_031,2024-03-26,3,Spring,1,1,Retreated,Foot Patrol,30.0,Clear
EVT_031_01063,SGR_ZONE_031,2024-08-23,8,Monsoon,1,0,Undetected,Foot Patrol,,Clear
EVT_031_01064,SGR_ZONE_031,2024-08-23,8,Monsoon,3,1,Retreated,Unknown,44.0,Cloudy
EVT_031_01065,SGR_ZONE_031,2024-11-21,11,Autumn,2,0,Undetected,Foot Patrol,,Clear
EVT_031_01066,SGR_ZONE_031,2024-11-21,11,Autumn,0,1,Retreated,Unknown,49.0,Clear
EVT_032_01067,SGR_ZONE_032,2023-01-01,1,Winter,0,1,Retreated,Vehicle,10.0,Cloudy
EVT_032_01068,SGR_ZONE_032,2023-01-01,1,Winter,0,1,Neutralized,Unknown,15.0,Clear
EVT_032_01069,SGR_ZONE_032,2023-01-01,1,Winter,1,1,Alert Triggered,Vehicle,17.0,Cloudy
EVT_032_01070,SGR_ZONE_032,2023-01-31,1,Winter,3,1,Neutralized,Foot Patrol,42.0,Clear
EVT_032_01071,SGR_ZONE_032,2023-01-31,1,Winter,1,1,Neutralized,Foot Patrol,49.0,Fog
EVT_032_01072,SGR_ZONE_032,2023-04-01,4,Spring,2,1,Neutralized,Foot Patrol,38.0,Cloudy
EVT_032_01073,SGR_ZONE_032,2023-04-01,4,Spring,22,0,Undetected,Drone (Suspicious),,Cloudy
EVT_032_01074,SGR_ZONE_032,2023-04-01,4,Spring,0,1,Retreated,Drone (Suspicious),25.0,Fog
EVT_032_01075,SGR_ZONE_032,2023-04-01,4,Spring,23,1,Neutralized,Foot Patrol,37.0,Cloudy
EVT_032_01076,SGR_ZONE_032,2023-05-31,5,Spring,2,1,Retreated,Vehicle,58.0,Cloudy
EVT_032_01077,SGR_ZONE_032,2023-05-31,5,Spring,0,1,Neutralized,Unknown,47.0,Cloudy
EVT_032_01078,SGR_ZONE_032,2023-09-28,9,Autumn,23,1,Neutralized,Drone (Suspicious),46.0,Clear
EVT_032_01079,SGR_ZONE_032,2023-09-28,9,Autumn,1,1,Retreated,Drone (Suspicious),55.0,Clear
EVT_032_01080,SGR_ZONE_032,2023-11-27,11,Autumn,22,1,Neutralized,Foot Patrol,50.0,Fog
EVT_032_01081,SGR_ZONE_032,2023-11-27,11,Autumn,3,1,Retreated,Unknown,8.0,Cloudy
EVT_032_01082,SGR_ZONE_032,2023-11-27,11,Autumn,0,1,Neutralized,Foot Patrol,10.0,Clear
EVT_032_01083,SGR_ZONE_032,2023-12-27,12,Winter,23,1,Neutralized,Unknown,41.0,Clear
EVT_032_01084,SGR_ZONE_032,2023-12-27,12,Winter,0,1,Neutralized,Vehicle,6.0,Fog
EVT_032_01085,SGR_ZONE_032,2024-01-26,1,Winter,3,1,Neutralized,Vehicle,29.0,Clear
EVT_032_01086,SGR_ZONE_032,2024-01-26,1,Winter,2,1,Neutralized,Drone (Suspicious),13.0,Cloudy
EVT_032_01087,SGR_ZONE_032,2024-02-25,2,Winter,4,1,Neutralized,Vehicle,45.0,Cloudy
EVT_032_01088,SGR_ZONE_032,2024-02-25,2,Winter,23,1,Neutralized,Foot Patrol,38.0,Snow
EVT_032_01089,SGR_ZONE_032,2024-02-25,2,Winter,23,0,Undetected,Foot Patrol,,Clear
EVT_032_01090,SGR_ZONE_032,2024-02-25,2,Winter,23,1,Alert Triggered,Unknown,40.0,Cloudy
EVT_032_01091,SGR_ZONE_032,2024-02-25,2,Winter,23,1,Retreated,Unknown,20.0,Clear
EVT_032_01092,SGR_ZONE_032,2024-03-26,3,Spring,1,0,Undetected,Unknown,,Clear
EVT_032_01093,SGR_ZONE_032,2024-03-26,3,Spring,0,0,Undetected,Vehicle,,Clear
EVT_032_01094,SGR_ZONE_032,2024-04-25,4,Spring,23,0,Undetected,Foot Patrol,,Cloudy
EVT_032_01095,SGR_ZONE_032,2024-04-25,4,Spring,23,1,Retreated,Foot Patrol,53.0,Clear
EVT_032_01096,SGR_ZONE_032,2024-04-25,4,Spring,0,1,Retreated,Vehicle,35.0,Fog
EVT_032_01097,SGR_ZONE_032,2024-04-25,4,Spring,4,1,Retreated,Foot Patrol,10.0,Clear
EVT_032_01098,SGR_ZONE_032,2024-04-25,4,Spring,22,1,Retreated,Foot Patrol,8.0,Cloudy
EVT_032_01099,SGR_ZONE_032,2024-04-25,4,Spring,3,0,Undetected,Unknown,,Fog
EVT_032_01100,SGR_ZONE_032,2024-04-25,4,Spring,3,0,Undetected,Drone (Suspicious),,Clear
EVT_032_01101,SGR_ZONE_032,2024-05-25,5,Spring,0,0,Undetected,Unknown,,Clear
EVT_032_01102,SGR_ZONE_032,2024-06-24,6,Monsoon,3,1,Retreated,Foot Patrol,15.0,Clear
EVT_032_01103,SGR_ZONE_032,2024-06-24,6,Monsoon,4,1,Neutralized,Foot Patrol,30.0,Cloudy
EVT_032_01104,SGR_ZONE_032,2024-06-24,6,Monsoon,23,1,Retreated,Vehicle,10.0,Clear
EVT_032_01105,SGR_ZONE_032,2024-09-22,9,Autumn,3,1,Neutralized,Foot Patrol,15.0,Fog
EVT_032_01106,SGR_ZONE_032,2024-09-22,9,Autumn,4,1,Retreated,Foot Patrol,29.0,Snow
EVT_032_01107,SGR_ZONE_032,2024-10-22,10,Autumn,0,1,Retreated,Foot Patrol,20.0,Clear
EVT_033_01108,SGR_ZONE_033,2023-01-01,1,Winter,23,1,Retreated,Foot Patrol,58.0,Fog
EVT_033_01109,SGR_ZONE_033,2023-01-01,1,Winter,23,1,Neutralized,Foot Patrol,39.0,Fog
EVT_033_01110,SGR_ZONE_033,2023-01-01,1,Winter,22,1,Neutralized,Unknown,39.0,Cloudy
EVT_033_01111,SGR_ZONE_033,2023-01-31,1,Winter,0,1,Alert Triggered,Foot Patrol,22.0,Cloudy
EVT_033_01112,SGR_ZONE_033,2023-01-31,1,Winter,23,0,Undetected,Foot Patrol,,Cloudy
EVT_033_01113,SGR_ZONE_033,2023-01-31,1,Winter,23,0,Undetected,Foot Patrol,,Fog
EVT_033_01114,SGR_ZONE_033,2023-01-31,1,Winter,2,1,Retreated,Unknown,15.0,Snow
EVT_033_01115,SGR_ZONE_033,2023-06-30,6,Monsoon,1,1,Neutralized,Unknown,52.0,Clear
EVT_033_01116,SGR_ZONE_033,2023-06-30,6,Monsoon,23,0,Undetected,Vehicle,,Clear
EVT_033_01117,SGR_ZONE_033,2023-06-30,6,Monsoon,0,1,Retreated,Vehicle,42.0,Cloudy
EVT_033_01118,SGR_ZONE_033,2023-08-29,8,Monsoon,22,1,Neutralized,Vehicle,6.0,Cloudy
EVT_033_01119,SGR_ZONE_033,2023-08-29,8,Monsoon,23,1,Alert Triggered,Vehicle,24.0,Clear
EVT_033_01120,SGR_ZONE_033,2023-09-28,9,Autumn,1,1,Retreated,Foot Patrol,47.0,Cloudy
EVT_033_01121,SGR_ZONE_033,2023-09-28,9,Autumn,22,0,Undetected,Foot Patrol,,Cloudy
EVT_033_01122,SGR_ZONE_033,2023-09-28,9,Autumn,1,1,Alert Triggered,Vehicle,37.0,Snow
EVT_033_01123,SGR_ZONE_033,2023-10-28,10,Autumn,2,0,Undetected,Foot Patrol,,Clear
EVT_033_01124,SGR_ZONE_033,2023-10-28,10,Autumn,0,1,Alert Triggered,Foot Patrol,33.0,Fog
EVT_033_01125,SGR_ZONE_033,2023-10-28,10,Autumn,2,1,Neutralized,Foot Patrol,24.0,Fog
EVT_033_01126,SGR_ZONE_033,2023-10-28,10,Autumn,0,0,Undetected,Foot Patrol,,Fog
EVT_033_01127,SGR_ZONE_033,2023-10-28,10,Autumn,22,1,Retreated,Unknown,19.0,Clear
EVT_033_01128,SGR_ZONE_033,2024-01-26,1,Winter,2,0,Undetected,Foot Patrol,,Fog
EVT_033_01129,SGR_ZONE_033,2024-01-26,1,Winter,2,1,Retreated,Foot Patrol,9.0,Fog
EVT_033_01130,SGR_ZONE_033,2024-02-25,2,Winter,0,0,Undetected,Foot Patrol,,Clear
EVT_033_01131,SGR_ZONE_033,2024-02-25,2,Winter,23,1,Neutralized,Foot Patrol,27.0,Clear
EVT_033_01132,SGR_ZONE_033,2024-03-26,3,Spring,3,1,Alert Triggered,Foot Patrol,40.0,Fog
EVT_033_01133,SGR_ZONE_033,2024-04-25,4,Spring,4,1,Neutralized,Vehicle,14.0,Clear
EVT_033_01134,SGR_ZONE_033,2024-04-25,4,Spring,1,1,Alert Triggered,Unknown,34.0,Cloudy
EVT_033_01135,SGR_ZONE_033,2024-04-25,4,Spring,0,1,Retreated,Foot Patrol,13.0,Clear
EVT_033_01136,SGR_ZONE_033,2024-04-25,4,Spring,3,1,Retreated,Foot Patrol,5.0,Clear
EVT_033_01137,SGR_ZONE_033,2024-04-25,4,Spring,0,1,Retreated,Foot Patrol,13.0,Cloudy
EVT_033_01138,SGR_ZONE_033,2024-05-25,5,Spring,2,1,Alert Triggered,Unknown,20.0,Clear
EVT_033_01139,SGR_ZONE_033,2024-08-23,8,Monsoon,1,1,Retreated,Foot Patrol,6.0,Clear
EVT_033_01140,SGR_ZONE_033,2024-08-23,8,Monsoon,23,1,Retreated,Vehicle,57.0,Cloudy
EVT_033_01141,SGR_ZONE_033,2024-11-21,11,Autumn,0,1,Retreated,Drone (Suspicious),27.0,Clear
EVT_034_01142,SGR_ZONE_034,2023-01-01,1,Winter,22,1,Retreated,Foot Patrol,14.0,Clear
EVT_034_01143,SGR_ZONE_034,2023-01-01,1,Winter,22,1,Retreated,Foot Patrol,48.0,Clear
EVT_034_01144,SGR_ZONE_034,2023-01-31,1,Winter,23,1,Retreated,Unknown,59.0,Cloudy
EVT_034_01145,SGR_ZONE_034,2023-01-31,1,Winter,23,1,Neutralized,Foot Patrol,52.0,Snow
EVT_034_01146,SGR_ZONE_034,2023-01-31,1,Winter,1,0,Undetected,Foot Patrol,,Cloudy
EVT_034_01147,SGR_ZONE_034,2023-03-02,3,Spring,1,1,Retreated,Foot Patrol,32.0,Clear
EVT_034_01148,SGR_ZONE_034,2023-04-01,4,Spring,22,1,Neutralized,Foot Patrol,54.0,Snow
EVT_034_01149,SGR_ZONE_034,2023-04-01,4,Spring,23,0,Undetected,Vehicle,,Clear
EVT_034_01150,SGR_ZONE_034,2023-04-01,4,Spring,0,1,Alert Triggered,Vehicle,11.0,Fog
EVT_034_01151,SGR_ZONE_034,2023-04-01,4,Spring,1,1,Retreated,Vehicle,38.0,Snow
EVT_034_01152,SGR_ZONE_034,2023-05-01,5,Spring,0,1,Retreated,Foot Patrol,35.0,Clear
EVT_034_01153,SGR_ZONE_034,2023-05-01,5,Spring,2,1,Retreated,Foot Patrol,10.0,Clear
EVT_034_01154,SGR_ZONE_034,2023-05-01,5,Spring,0,1,Retreated,Vehicle,59.0,Cloudy
EVT_034_01155,SGR_ZONE_034,2023-05-31,5,Spring,1,0,Undetected,Unknown,,Fog
EVT_034_01156,SGR_ZONE_034,2023-05-31,5,Spring,23,1,Retreated,Foot Patrol,49.0,Snow
EVT_034_01157,SGR_ZONE_034,2023-05-31,5,Spring,1,0,Undetected,Vehicle,,Clear
EVT_034_01158,SGR_ZONE_034,2023-06-30,6,Monsoon,3,1,Retreated,Vehicle,30.0,Snow
EVT_034_01159,SGR_ZONE_034,2023-06-30,6,Monsoon,22,1,Retreated,Unknown,7.0,Cloudy
EVT_034_01160,SGR_ZONE_034,2023-06-30,6,Monsoon,22,1,Alert Triggered,Unknown,51.0,Clear
EVT_034_01161,SGR_ZONE_034,2023-06-30,6,Monsoon,0,1,Alert Triggered,Foot Patrol,59.0,Cloudy
EVT_034_01162,SGR_ZONE_034,2023-09-28,9,Autumn,2,1,Neutralized,Foot Patrol,21.0,Snow
EVT_034_01163,SGR_ZONE_034,2023-09-28,9,Autumn,3,1,Neutralized,Foot Patrol,49.0,Snow
EVT_034_01164,SGR_ZONE_034,2023-09-28,9,Autumn,23,1,Retreated,Vehicle,22.0,Cloudy
EVT_034_01165,SGR_ZONE_034,2023-09-28,9,Autumn,22,1,Neutralized,Unknown,32.0,Cloudy
EVT_034_01166,SGR_ZONE_034,2023-09-28,9,Autumn,1,1,Retreated,Foot Patrol,28.0,Fog
EVT_034_01167,SGR_ZONE_034,2023-09-28,9,Autumn,22,1,Retreated,Unknown,34.0,Cloudy
EVT_034_01168,SGR_ZONE_034,2023-12-27,12,Winter,2,1,Alert Triggered,Foot Patrol,26.0,Cloudy
EVT_034_01169,SGR_ZONE_034,2023-12-27,12,Winter,0,0,Undetected,Unknown,,Snow
EVT_034_01170,SGR_ZONE_034,2024-01-26,1,Winter,0,0,Undetected,Drone (Suspicious),,Clear
EVT_034_01171,SGR_ZONE_034,2024-01-26,1,Winter,22,0,Undetected,Foot Patrol,,Fog
EVT_034_01172,SGR_ZONE_034,2024-01-26,1,Winter,22,0,Undetected,Foot Patrol,,Clear
EVT_034_01173,SGR_ZONE_034,2024-01-26,1,Winter,22,1,Retreated,Drone (Suspicious),5.0,Cloudy
EVT_034_01174,SGR_ZONE_034,2024-02-25,2,Winter,22,1,Neutralized,Vehicle,53.0,Snow
EVT_034_01175,SGR_ZONE_034,2024-02-25,2,Winter,3,1,Retreated,Unknown,10.0,Clear
EVT_034_01176,SGR_ZONE_034,2024-04-25,4,Spring,4,0,Undetected,Foot Patrol,,Clear
EVT_034_01177,SGR_ZONE_034,2024-04-25,4,Spring,1,1,Retreated,Foot Patrol,21.0,Cloudy
EVT_034_01178,SGR_ZONE_034,2024-05-25,5,Spring,23,1,Retreated,Foot Patrol,41.0,Snow
EVT_034_01179,SGR_ZONE_034,2024-06-24,6,Monsoon,0,1,Alert Triggered,Foot Patrol,34.0,Clear
EVT_034_01180,SGR_ZONE_034,2024-06-24,6,Monsoon,23,1,Neutralized,Vehicle,32.0,Fog
EVT_034_01181,SGR_ZONE_034,2024-09-22,9,Autumn,23,1,Retreated,Foot Patrol,50.0,Cloudy
EVT_034_01182,SGR_ZONE_034,2024-11-21,11,Autumn,22,1,Alert Triggered,Drone (Suspicious),8.0,Clear
EVT_034_01183,SGR_ZONE_034,2024-11-21,11,Autumn,1,1,Alert Triggered,Foot Patrol,58.0,Clear
EVT_035_01184,SGR_ZONE_035,2023-01-31,1,Winter,22,0,Undetected,Vehicle,,Fog
EVT_035_01185,SGR_ZONE_035,2023-05-31,5,Spring,23,1,Neutralized,Vehicle,21.0,Snow
EVT_035_01186,SGR_ZONE_035,2023-05-31,5,Spring,23,1,Retreated,Foot Patrol,40.0,Clear
EVT_035_01187,SGR_ZONE_035,2023-05-31,5,Spring,23,1,Neutralized,Unknown,15.0,Clear
EVT_035_01188,SGR_ZONE_035,2023-08-29,8,Monsoon,1,0,Undetected,Foot Patrol,,Cloudy
EVT_035_01189,SGR_ZONE_035,2023-08-29,8,Monsoon,0,0,Undetected,Foot Patrol,,Cloudy
EVT_035_01190,SGR_ZONE_035,2023-08-29,8,Monsoon,23,1,Retreated,Vehicle,15.0,Clear
EVT_035_01191,SGR_ZONE_035,2023-08-29,8,Monsoon,2,0,Undetected,Foot Patrol,,Fog
EVT_035_01192,SGR_ZONE_035,2023-10-28,10,Autumn,23,1,Retreated,Drone (Suspicious),20.0,Clear
EVT_035_01193,SGR_ZONE_035,2023-11-27,11,Autumn,22,1,Retreated,Foot Patrol,9.0,Cloudy
EVT_035_01194,SGR_ZONE_035,2023-11-27,11,Autumn,0,1,Retreated,Foot Patrol,43.0,Cloudy
EVT_035_01195,SGR_ZONE_035,2023-11-27,11,Autumn,0,1,Alert Triggered,Foot Patrol,22.0,Fog
EVT_035_01196,SGR_ZONE_035,2023-12-27,12,Winter,22,1,Retreated,Foot Patrol,32.0,Cloudy
EVT_035_01197,SGR_ZONE_035,2023-12-27,12,Winter,0,1,Neutralized,Foot Patrol,51.0,Fog
EVT_035_01198,SGR_ZONE_035,2024-01-26,1,Winter,23,0,Undetected,Unknown,,Fog
EVT_035_01199,SGR_ZONE_035,2024-01-26,1,Winter,0,1,Neutralized,Foot Patrol,33.0,Cloudy
EVT_035_01200,SGR_ZONE_035,2024-02-25,2,Winter,22,1,Retreated,Drone (Suspicious),25.0,Fog
EVT_035_01201,SGR_ZONE_035,2024-03-26,3,Spring,2,0,Undetected,Unknown,,Cloudy
EVT_035_01202,SGR_ZONE_035,2024-04-25,4,Spring,23,1,Alert Triggered,Foot Patrol,50.0,Cloudy
EVT_035_01203,SGR_ZONE_035,2024-04-25,4,Spring,0,1,Retreated,Foot Patrol,17.0,Fog
EVT_035_01204,SGR_ZONE_035,2024-04-25,4,Spring,2,1,Retreated,Foot Patrol,9.0,Clear
EVT_035_01205,SGR_ZONE_035,2024-09-22,9,Autumn,0,1,Neutralized,Unknown,7.0,Clear
EVT_035_01206,SGR_ZONE_035,2024-09-22,9,Autumn,22,1,Neutralized,Drone (Suspicious),17.0,Cloudy
EVT_035_01207,SGR_ZONE_035,2024-09-22,9,Autumn,0,1,Retreated,Unknown,28.0,Fog
EVT_036_01208,SGR_ZONE_036,2023-01-01,1,Winter,23,1,Retreated,Vehicle,53.0,Clear
EVT_036_01209,SGR_ZONE_036,2023-01-31,1,Winter,22,1,Alert Triggered,Foot Patrol,58.0,Fog
EVT_036_01210,SGR_ZONE_036,2023-01-31,1,Winter,0,0,Undetected,Foot Patrol,,Cloudy
EVT_036_01211,SGR_ZONE_036,2023-01-31,1,Winter,4,1,Retreated,Foot Patrol,46.0,Clear
EVT_036_01212,SGR_ZONE_036,2023-01-31,1,Winter,1,1,Retreated,Vehicle,55.0,Snow
EVT_036_01213,SGR_ZONE_036,2023-03-02,3,Spring,2,1,Neutralized,Foot Patrol,29.0,Clear
EVT_036_01214,SGR_ZONE_036,2023-03-02,3,Spring,0,1,Retreated,Drone (Suspicious),24.0,Fog
EVT_036_01215,SGR_ZONE_036,2023-03-02,3,Spring,2,1,Alert Triggered,Drone (Suspicious),24.0,Snow
EVT_036_01216,SGR_ZONE_036,2023-03-02,3,Spring,23,0,Undetected,Drone (Suspicious),,Clear
EVT_036_01217,SGR_ZONE_036,2023-04-01,4,Spring,0,1,Retreated,Foot Patrol,49.0,Clear
EVT_036_01218,SGR_ZONE_036,2023-04-01,4,Spring,0,1,Neutralized,Vehicle,11.0,Fog
EVT_036_01219,SGR_ZONE_036,2023-04-01,4,Spring,0,1,Alert Triggered,Foot Patrol,42.0,Fog
EVT_036_01220,SGR_ZONE_036,2023-04-01,4,Spring,22,1,Retreated,Drone (Suspicious),20.0,Clear
EVT_036_01221,SGR_ZONE_036,2023-04-01,4,Spring,23,1,Retreated,Unknown,56.0,Fog
EVT_036_01222,SGR_ZONE_036,2023-05-01,5,Spring,1,1,Retreated,Foot Patrol,37.0,Clear
EVT_036_01223,SGR_ZONE_036,2023-05-01,5,Spring,23,1,Retreated,Unknown,22.0,Fog
EVT_036_01224,SGR_ZONE_036,2023-05-01,5,Spring,2,1,Neutralized,Drone (Suspicious),59.0,Cloudy
EVT_036_01225,SGR_ZONE_036,2023-05-31,5,Spring,0,1,Retreated,Vehicle,20.0,Fog
EVT_036_01226,SGR_ZONE_036,2023-07-30,7,Monsoon,2,1,Retreated,Foot Patrol,33.0,Clear
EVT_036_01227,SGR_ZONE_036,2023-07-30,7,Monsoon,1,1,Retreated,Unknown,9.0,Clear
EVT_036_01228,SGR_ZONE_036,2023-07-30,7,Monsoon,1,0,Undetected,Vehicle,,Clear
EVT_036_01229,SGR_ZONE_036,2023-07-30,7,Monsoon,22,0,Undetected,Foot Patrol,,Cloudy
EVT_036_01230,SGR_ZONE_036,2023-08-29,8,Monsoon,0,1,Alert Triggered,Unknown,43.0,Clear
EVT_036_01231,SGR_ZONE_036,2023-11-27,11,Autumn,22,0,Undetected,Foot Patrol,,Cloudy
EVT_036_01232,SGR_ZONE_036,2023-11-27,11,Autumn,23,1,Retreated,Vehicle,40.0,Cloudy
EVT_036_01233,SGR_ZONE_036,2023-12-27,12,Winter,2,1,Alert Triggered,Unknown,16.0,Fog
EVT_036_01234,SGR_ZONE_036,2023-12-27,12,Winter,1,1,Retreated,Foot Patrol,28.0,Fog
EVT_036_01235,SGR_ZONE_036,2023-12-27,12,Winter,23,0,Undetected,Vehicle,,Clear
EVT_036_01236,SGR_ZONE_036,2024-01-26,1,Winter,23,0,Undetected,Unknown,,Snow
EVT_036_01237,SGR_ZONE_036,2024-01-26,1,Winter,0,1,Retreated,Foot Patrol,5.0,Clear
EVT_036_01238,SGR_ZONE_036,2024-01-26,1,Winter,3,1,Retreated,Foot Patrol,33.0,Cloudy
EVT_036_01239,SGR_ZONE_036,2024-01-26,1,Winter,23,1,Retreated,Drone (Suspicious),33.0,Clear
EVT_036_01240,SGR_ZONE_036,2024-02-25,2,Winter,3,1,Retreated,Vehicle,40.0,Clear
EVT_036_01241,SGR_ZONE_036,2024-02-25,2,Winter,1,1,Neutralized,Vehicle,44.0,Clear
EVT_036_01242,SGR_ZONE_036,2024-02-25,2,Winter,22,0,Undetected,Drone (Suspicious),,Cloudy
EVT_036_01243,SGR_ZONE_036,2024-07-24,7,Monsoon,0,1,Retreated,Foot Patrol,41.0,Clear
EVT_036_01244,SGR_ZONE_036,2024-07-24,7,Monsoon,1,1,Retreated,Foot Patrol,23.0,Clear
EVT_036_01245,SGR_ZONE_036,2024-08-23,8,Monsoon,0,1,Neutralized,Foot Patrol,21.0,Snow
EVT_036_01246,SGR_ZONE_036,2024-09-22,9,Autumn,22,1,Neutralized,Vehicle,25.0,Cloudy
EVT_036_01247,SGR_ZONE_036,2024-09-22,9,Autumn,1,0,Undetected,Foot Patrol,,Cloudy
EVT_036_01248,SGR_ZONE_036,2024-09-22,9,Autumn,22,1,Alert Triggered,Foot Patrol,6.0,Clear
EVT_036_01249,SGR_ZONE_036,2024-10-22,10,Autumn,23,0,Undetected,Foot Patrol,,Cloudy
EVT_036_01250,SGR_ZONE_036,2024-10-22,10,Autumn,23,1,Neutralized,Unknown,10.0,Cloudy
EVT_036_01251,SGR_ZONE_036,2024-10-22,10,Autumn,22,1,Retreated,Unknown,11.0,Cloudy
EVT_037_01252,SGR_ZONE_037,2023-01-01,1,Winter,1,1,Retreated,Foot Patrol,52.0,Snow
EVT_037_01253,SGR_ZONE_037,2023-01-01,1,Winter,23,1,Retreated,Drone (Suspicious),49.0,Cloudy
EVT_037_01254,SGR_ZONE_037,2023-03-02,3,Spring,2,0,Undetected,Unknown,,Cloudy
EVT_037_01255,SGR_ZONE_037,2023-03-02,3,Spring,23,1,Neutralized,Vehicle,23.0,Clear
EVT_037_01256,SGR_ZONE_037,2023-04-01,4,Spring,22,1,Retreated,Foot Patrol,37.0,Clear
EVT_037_01257,SGR_ZONE_037,2023-04-01,4,Spring,22,1,Retreated,Foot Patrol,41.0,Snow
EVT_037_01258,SGR_ZONE_037,2023-04-01,4,Spring,23,1,Alert Triggered,Foot Patrol,43.0,Clear
EVT_037_01259,SGR_ZONE_037,2023-04-01,4,Spring,22,1,Neutralized,Vehicle,6.0,Snow
EVT_037_01260,SGR_ZONE_037,2023-05-01,5,Spring,0,1,Retreated,Foot Patrol,34.0,Snow
EVT_037_01261,SGR_ZONE_037,2023-05-01,5,Spring,23,1,Retreated,Foot Patrol,24.0,Cloudy
EVT_037_01262,SGR_ZONE_037,2023-05-01,5,Spring,23,1,Neutralized,Foot Patrol,41.0,Snow
EVT_037_01263,SGR_ZONE_037,2023-05-31,5,Spring,23,0,Undetected,Foot Patrol,,Cloudy
EVT_037_01264,SGR_ZONE_037,2023-05-31,5,Spring,2,1,Alert Triggered,Foot Patrol,49.0,Clear
EVT_037_01265,SGR_ZONE_037,2023-05-31,5,Spring,23,1,Retreated,Foot Patrol,47.0,Clear
EVT_037_01266,SGR_ZONE_037,2023-09-28,9,Autumn,2,1,Neutralized,Foot Patrol,48.0,Cloudy
EVT_037_01267,SGR_ZONE_037,2023-09-28,9,Autumn,0,1,Retreated,Unknown,13.0,Clear
EVT_037_01268,SGR_ZONE_037,2023-09-28,9,Autumn,2,1,Alert Triggered,Unknown,6.0,Fog
EVT_037_01269,SGR_ZONE_037,2023-10-28,10,Autumn,0,1,Retreated,Foot Patrol,30.0,Cloudy
EVT_037_01270,SGR_ZONE_037,2023-12-27,12,Winter,2,1,Retreated,Foot Patrol,52.0,Cloudy
EVT_037_01271,SGR_ZONE_037,2023-12-27,12,Winter,2,1,Neutralized,Drone (Suspicious),39.0,Fog
EVT_037_01272,SGR_ZONE_037,2023-12-27,12,Winter,1,1,Neutralized,Unknown,46.0,Clear
EVT_037_01273,SGR_ZONE_037,2024-01-26,1,Winter,23,1,Alert Triggered,Foot Patrol,20.0,Fog
EVT_037_01274,SGR_ZONE_037,2024-01-26,1,Winter,0,1,Neutralized,Foot Patrol,36.0,Fog
EVT_037_01275,SGR_ZONE_037,2024-01-26,1,Winter,0,0,Undetected,Vehicle,,Clear
EVT_037_01276,SGR_ZONE_037,2024-01-26,1,Winter,0,1,Neutralized,Foot Patrol,21.0,Clear
EVT_037_01277,SGR_ZONE_037,2024-02-25,2,Winter,2,0,Undetected,Vehicle,,Clear
EVT_037_01278,SGR_ZONE_037,2024-02-25,2,Winter,23,1,Retreated,Vehicle,10.0,Fog
EVT_037_01279,SGR_ZONE_037,2024-02-25,2,Winter,22,1,Retreated,Foot Patrol,21.0,Clear
EVT_037_01280,SGR_ZONE_037,2024-02-25,2,Winter,22,1,Retreated,Unknown,33.0,Clear
EVT_037_01281,SGR_ZONE_037,2024-03-26,3,Spring,22,1,Retreated,Unknown,20.0,Cloudy
EVT_037_01282,SGR_ZONE_037,2024-04-25,4,Spring,22,1,Retreated,Foot Patrol,8.0,Fog
EVT_037_01283,SGR_ZONE_037,2024-04-25,4,Spring,22,0,Undetected,Vehicle,,Cloudy
EVT_037_01284,SGR_ZONE_037,2024-07-24,7,Monsoon,22,1,Neutralized,Foot Patrol,11.0,Clear
EVT_037_01285,SGR_ZONE_037,2024-07-24,7,Monsoon,3,1,Retreated,Drone (Suspicious),9.0,Clear
EVT_037_01286,SGR_ZONE_037,2024-09-22,9,Autumn,0,1,Retreated,Foot Patrol,58.0,Cloudy
EVT_037_01287,SGR_ZONE_037,2024-09-22,9,Autumn,22,1,Alert Triggered,Vehicle,54.0,Clear
EVT_037_01288,SGR_ZONE_037,2024-11-21,11,Autumn,0,1,Neutralized,Drone (Suspicious),46.0,Clear
EVT_037_01289,SGR_ZONE_037,2024-11-21,11,Autumn,4,1,Retreated,Foot Patrol,24.0,Clear
EVT_038_01290,SGR_ZONE_038,2023-01-01,1,Winter,2,0,Undetected,Vehicle,,Clear
EVT_038_01291,SGR_ZONE_038,2023-01-31,1,Winter,0,1,Retreated,Unknown,24.0,Cloudy
EVT_038_01292,SGR_ZONE_038,2023-01-31,1,Winter,0,1,Neutralized,Foot Patrol,12.0,Fog
EVT_038_01293,SGR_ZONE_038,2023-01-31,1,Winter,22,0,Undetected,Foot Patrol,,Fog
EVT_038_01294,SGR_ZONE_038,2023-01-31,1,Winter,2,1,Retreated,Foot Patrol,42.0,Clear
EVT_038_01295,SGR_ZONE_038,2023-03-02,3,Spring,1,1,Neutralized,Drone (Suspicious),39.0,Cloudy
EVT_038_01296,SGR_ZONE_038,2023-03-02,3,Spring,1,1,Neutralized,Drone (Suspicious),16.0,Cloudy
EVT_038_01297,SGR_ZONE_038,2023-03-02,3,Spring,1,0,Undetected,Foot Patrol,,Cloudy
EVT_038_01298,SGR_ZONE_038,2023-03-02,3,Spring,23,1,Neutralized,Foot Patrol,51.0,Clear
EVT_038_01299,SGR_ZONE_038,2023-04-01,4,Spring,0,1,Retreated,Vehicle,38.0,Clear
EVT_038_01300,SGR_ZONE_038,2023-04-01,4,Spring,1,0,Undetected,Foot Patrol,,Clear
EVT_038_01301,SGR_ZONE_038,2023-05-31,5,Spring,3,1,Retreated,Drone (Suspicious),54.0,Clear
EVT_038_01302,SGR_ZONE_038,2023-05-31,5,Spring,1,1,Alert Triggered,Drone (Suspicious),14.0,Clear
EVT_038_01303,SGR_ZONE_038,2023-05-31,5,Spring,23,1,Neutralized,Vehicle,30.0,Cloudy
EVT_038_01304,SGR_ZONE_038,2023-09-28,9,Autumn,23,1,Retreated,Unknown,16.0,Clear
EVT_038_01305,SGR_ZONE_038,2023-09-28,9,Autumn,22,1,Retreated,Foot Patrol,40.0,Fog
EVT_038_01306,SGR_ZONE_038,2023-10-28,10,Autumn,4,1,Retreated,Foot Patrol,43.0,Clear
EVT_038_01307,SGR_ZONE_038,2023-10-28,10,Autumn,2,1,Retreated,Unknown,25.0,Clear
EVT_038_01308,SGR_ZONE_038,2023-10-28,10,Autumn,1,1,Neutralized,Foot Patrol,30.0,Fog
EVT_038_01309,SGR_ZONE_038,2023-11-27,11,Autumn,0,1,Retreated,Foot Patrol,56.0,Cloudy
EVT_038_01310,SGR_ZONE_038,2023-12-27,12,Winter,0,1,Retreated,Foot Patrol,46.0,Cloudy
EVT_038_01311,SGR_ZONE_038,2024-01-26,1,Winter,0,1,Neutralized,Foot Patrol,51.0,Clear
EVT_038_01312,SGR_ZONE_038,2024-01-26,1,Winter,0,1,Neutralized,Unknown,55.0,Clear
EVT_038_01313,SGR_ZONE_038,2024-02-25,2,Winter,1,1,Neutralized,Foot Patrol,45.0,Snow
EVT_038_01314,SGR_ZONE_038,2024-02-25,2,Winter,22,1,Alert Triggered,Foot Patrol,33.0,Clear
EVT_038_01315,SGR_ZONE_038,2024-02-25,2,Winter,2,1,Retreated,Foot Patrol,10.0,Snow
EVT_038_01316,SGR_ZONE_038,2024-03-26,3,Spring,22,1,Alert Triggered,Foot Patrol,47.0,Clear
EVT_038_01317,SGR_ZONE_038,2024-04-25,4,Spring,23,1,Retreated,Foot Patrol,10.0,Clear
EVT_038_01318,SGR_ZONE_038,2024-04-25,4,Spring,23,1,Retreated,Foot Patrol,28.0,Cloudy
EVT_038_01319,SGR_ZONE_038,2024-04-25,4,Spring,1,1,Retreated,Foot Patrol,37.0,Snow
EVT_038_01320,SGR_ZONE_038,2024-05-25,5,Spring,22,1,Retreated,Foot Patrol,24.0,Snow
EVT_038_01321,SGR_ZONE_038,2024-05-25,5,Spring,3,1,Retreated,Foot Patrol,30.0,Cloudy
EVT_038_01322,SGR_ZONE_038,2024-05-25,5,Spring,23,0,Undetected,Drone (Suspicious),,Fog
EVT_038_01323,SGR_ZONE_038,2024-11-21,11,Autumn,22,1,Retreated,Vehicle,46.0,Snow
EVT_039_01324,SGR_ZONE_039,2023-01-01,1,Winter,23,1,Retreated,Foot Patrol,36.0,Cloudy
EVT_039_01325,SGR_ZONE_039,2023-01-01,1,Winter,1,1,Retreated,Foot Patrol,21.0,Clear
EVT_039_01326,SGR_ZONE_039,2023-01-31,1,Winter,1,1,Retreated,Foot Patrol,39.0,Fog
EVT_039_01327,SGR_ZONE_039,2023-01-31,1,Winter,3,1,Neutralized,Vehicle,37.0,Snow
EVT_039_01328,SGR_ZONE_039,2023-01-31,1,Winter,22,0,Undetected,Foot Patrol,,Clear
EVT_039_01329,SGR_ZONE_039,2023-03-02,3,Spring,0,0,Undetected,Unknown,,Clear
EVT_039_01330,SGR_ZONE_039,2023-04-01,4,Spring,1,1,Alert Triggered,Foot Patrol,18.0,Cloudy
EVT_039_01331,SGR_ZONE_039,2023-04-01,4,Spring,22,1,Retreated,Foot Patrol,35.0,Clear
EVT_039_01332,SGR_ZONE_039,2023-05-01,5,Spring,23,1,Retreated,Unknown,55.0,Fog
EVT_039_01333,SGR_ZONE_039,2023-05-01,5,Spring,0,0,Undetected,Foot Patrol,,Cloudy
EVT_039_01334,SGR_ZONE_039,2023-07-30,7,Monsoon,23,1,Alert Triggered,Vehicle,44.0,Cloudy
EVT_039_01335,SGR_ZONE_039,2023-07-30,7,Monsoon,23,0,Undetected,Foot Patrol,,Cloudy
EVT_039_01336,SGR_ZONE_039,2023-07-30,7,Monsoon,23,1,Retreated,Drone (Suspicious),55.0,Clear
EVT_039_01337,SGR_ZONE_039,2023-09-28,9,Autumn,0,0,Undetected,Foot Patrol,,Cloudy
EVT_039_01338,SGR_ZONE_039,2023-09-28,9,Autumn,0,1,Alert Triggered,Drone (Suspicious),48.0,Clear
EVT_039_01339,SGR_ZONE_039,2023-11-27,11,Autumn,23,0,Undetected,Vehicle,,Fog
EVT_039_01340,SGR_ZONE_039,2023-12-27,12,Winter,1,0,Undetected,Vehicle,,Snow
EVT_039_01341,SGR_ZONE_039,2024-01-26,1,Winter,23,0,Undetected,Foot Patrol,,Cloudy
EVT_039_01342,SGR_ZONE_039,2024-02-25,2,Winter,23,1,Retreated,Vehicle,52.0,Cloudy
EVT_039_01343,SGR_ZONE_039,2024-02-25,2,Winter,23,1,Alert Triggered,Drone (Suspicious),51.0,Fog
EVT_039_01344,SGR_ZONE_039,2024-03-26,3,Spring,0,1,Alert Triggered,Foot Patrol,21.0,Clear
EVT_039_01345,SGR_ZONE_039,2024-03-26,3,Spring,23,0,Undetected,Vehicle,,Clear
EVT_039_01346,SGR_ZONE_039,2024-04-25,4,Spring,2,1,Neutralized,Foot Patrol,25.0,Fog
EVT_039_01347,SGR_ZONE_039,2024-05-25,5,Spring,0,1,Retreated,Vehicle,54.0,Clear
EVT_039_01348,SGR_ZONE_039,2024-05-25,5,Spring,23,0,Undetected,Vehicle,,Cloudy
EVT_039_01349,SGR_ZONE_039,2024-05-25,5,Spring,0,1,Retreated,Unknown,34.0,Cloudy
EVT_039_01350,SGR_ZONE_039,2024-05-25,5,Spring,1,1,Neutralized,Foot Patrol,50.0,Cloudy
EVT_039_01351,SGR_ZONE_039,2024-05-25,5,Spring,22,1,Retreated,Drone (Suspicious),40.0,Cloudy
EVT_039_01352,SGR_ZONE_039,2024-06-24,6,Monsoon,3,1,Retreated,Foot Patrol,56.0,Fog
EVT_039_01353,SGR_ZONE_039,2024-06-24,6,Monsoon,0,0,Undetected,Foot Patrol,,Cloudy
EVT_039_01354,SGR_ZONE_039,2024-06-24,6,Monsoon,23,1,Retreated,Drone (Suspicious),30.0,Clear
EVT_039_01355,SGR_ZONE_039,2024-06-24,6,Monsoon,1,1,Retreated,Foot Patrol,9.0,Cloudy
EVT_039_01356,SGR_ZONE_039,2024-07-24,7,Monsoon,23,1,Neutralized,Unknown,17.0,Clear
EVT_039_01357,SGR_ZONE_039,2024-07-24,7,Monsoon,0,0,Undetected,Unknown,,Snow
EVT_039_01358,SGR_ZONE_039,2024-07-24,7,Monsoon,23,0,Undetected,Foot Patrol,,Cloudy
EVT_039_01359,SGR_ZONE_039,2024-07-24,7,Monsoon,0,1,Neutralized,Vehicle,29.0,Clear
EVT_039_01360,SGR_ZONE_039,2024-10-22,10,Autumn,4,0,Undetected,Foot Patrol,,Clear
EVT_039_01361,SGR_ZONE_039,2024-10-22,10,Autumn,2,1,Retreated,Unknown,19.0,Cloudy
EVT_039_01362,SGR_ZONE_039,2024-11-21,11,Autumn,4,1,Neutralized,Unknown,57.0,Clear
EVT_039_01363,SGR_ZONE_039,2024-11-21,11,Autumn,0,0,Undetected,Foot Patrol,,Clear
EVT_039_01364,SGR_ZONE_039,2024-11-21,11,Autumn,23,1,Retreated,Foot Patrol,44.0,Fog
EVT_040_01365,SGR_ZONE_040,2023-01-01,1,Winter,0,0,Undetected,Foot Patrol,,Cloudy
EVT_040_01366,SGR_ZONE_040,2023-01-01,1,Winter,23,1,Neutralized,Drone (Suspicious),45.0,Clear
EVT_040_01367,SGR_ZONE_040,2023-01-01,1,Winter,23,1,Neutralized,Foot Patrol,33.0,Fog
EVT_040_01368,SGR_ZONE_040,2023-01-31,1,Winter,0,0,Undetected,Foot Patrol,,Fog
EVT_040_01369,SGR_ZONE_040,2023-01-31,1,Winter,0,0,Undetected,Unknown,,Cloudy
EVT_040_01370,SGR_ZONE_040,2023-03-02,3,Spring,0,1,Alert Triggered,Unknown,15.0,Fog
EVT_040_01371,SGR_ZONE_040,2023-03-02,3,Spring,1,1,Neutralized,Unknown,22.0,Clear
EVT_040_01372,SGR_ZONE_040,2023-03-02,3,Spring,0,1,Retreated,Drone (Suspicious),41.0,Cloudy
EVT_040_01373,SGR_ZONE_040,2023-04-01,4,Spring,0,1,Retreated,Vehicle,43.0,Clear
EVT_040_01374,SGR_ZONE_040,2023-04-01,4,Spring,0,1,Retreated,Foot Patrol,32.0,Clear
EVT_040_01375,SGR_ZONE_040,2023-05-01,5,Spring,1,1,Retreated,Foot Patrol,42.0,Fog
EVT_040_01376,SGR_ZONE_040,2023-05-01,5,Spring,2,1,Neutralized,Unknown,33.0,Clear
EVT_040_01377,SGR_ZONE_040,2023-05-01,5,Spring,1,1,Retreated,Vehicle,19.0,Clear
EVT_040_01378,SGR_ZONE_040,2023-05-01,5,Spring,23,1,Retreated,Foot Patrol,13.0,Cloudy
EVT_040_01379,SGR_ZONE_040,2023-05-31,5,Spring,2,1,Neutralized,Foot Patrol,58.0,Clear
EVT_040_01380,SGR_ZONE_040,2023-05-31,5,Spring,23,0,Undetected,Unknown,,Clear
EVT_040_01381,SGR_ZONE_040,2023-05-31,5,Spring,23,1,Neutralized,Foot Patrol,22.0,Fog
EVT_040_01382,SGR_ZONE_040,2023-05-31,5,Spring,2,0,Undetected,Foot Patrol,,Cloudy
EVT_040_01383,SGR_ZONE_040,2023-07-30,7,Monsoon,22,1,Alert Triggered,Drone (Suspicious),15.0,Cloudy
EVT_040_01384,SGR_ZONE_040,2023-07-30,7,Monsoon,23,0,Undetected,Vehicle,,Cloudy
EVT_040_01385,SGR_ZONE_040,2023-07-30,7,Monsoon,1,1,Neutralized,Foot Patrol,26.0,Cloudy
EVT_040_01386,SGR_ZONE_040,2023-07-30,7,Monsoon,23,0,Undetected,Unknown,,Cloudy
EVT_040_01387,SGR_ZONE_040,2023-07-30,7,Monsoon,3,1,Neutralized,Foot Patrol,12.0,Snow
EVT_040_01388,SGR_ZONE_040,2023-11-27,11,Autumn,2,1,Alert Triggered,Vehicle,38.0,Fog
EVT_040_01389,SGR_ZONE_040,2023-11-27,11,Autumn,23,1,Retreated,Foot Patrol,46.0,Clear
EVT_040_01390,SGR_ZONE_040,2023-11-27,11,Autumn,22,1,Neutralized,Unknown,7.0,Snow
EVT_040_01391,SGR_ZONE_040,2023-11-27,11,Autumn,0,1,Retreated,Foot Patrol,36.0,Clear
EVT_040_01392,SGR_ZONE_040,2023-12-27,12,Winter,0,1,Neutralized,Drone (Suspicious),16.0,Cloudy
EVT_040_01393,SGR_ZONE_040,2023-12-27,12,Winter,1,1,Retreated,Foot Patrol,29.0,Cloudy
EVT_040_01394,SGR_ZONE_040,2024-01-26,1,Winter,23,1,Retreated,Foot Patrol,57.0,Cloudy
EVT_040_01395,SGR_ZONE_040,2024-01-26,1,Winter,0,1,Retreated,Foot Patrol,27.0,Clear
EVT_040_01396,SGR_ZONE_040,2024-02-25,2,Winter,23,1,Retreated,Foot Patrol,59.0,Clear
EVT_040_01397,SGR_ZONE_040,2024-04-25,4,Spring,1,1,Neutralized,Foot Patrol,17.0,Snow
EVT_040_01398,SGR_ZONE_040,2024-05-25,5,Spring,1,1,Retreated,Vehicle,46.0,Cloudy
EVT_040_01399,SGR_ZONE_040,2024-05-25,5,Spring,23,1,Retreated,Vehicle,7.0,Clear
EVT_040_01400,SGR_ZONE_040,2024-05-25,5,Spring,3,0,Undetected,Foot Patrol,,Clear
EVT_040_01401,SGR_ZONE_040,2024-05-25,5,Spring,1,1,Retreated,Drone (Suspicious),17.0,Fog
EVT_040_01402,SGR_ZONE_040,2024-06-24,6,Monsoon,1,1,Neutralized,Vehicle,57.0,Fog
EVT_040_01403,SGR_ZONE_040,2024-06-24,6,Monsoon,2,0,Undetected,Foot Patrol,,Clear
EVT_040_01404,SGR_ZONE_040,2024-07-24,7,Monsoon,1,1,Neutralized,Vehicle,15.0,Clear
EVT_040_01405,SGR_ZONE_040,2024-07-24,7,Monsoon,1,1,Retreated,Foot Patrol,11.0,Cloudy
EVT_040_01406,SGR_ZONE_040,2024-07-24,7,Monsoon,0,0,Undetected,Foot Patrol,,Clear
EVT_040_01407,SGR_ZONE_040,2024-07-24,7,Monsoon,23,1,Neutralized,Drone (Suspicious),16.0,Cloudy
EVT_040_01408,SGR_ZONE_040,2024-07-24,7,Monsoon,22,1,Neutralized,Foot Patrol,6.0,Fog
EVT_040_01409,SGR_ZONE_040,2024-07-24,7,Monsoon,23,1,Alert Triggered,Foot Patrol,7.0,Clear
EVT_040_01410,SGR_ZONE_040,2024-07-24,7,Monsoon,23,1,Retreated,Foot Patrol,25.0,Fog
EVT_040_01411,SGR_ZONE_040,2024-10-22,10,Autumn,0,1,Neutralized,Foot Patrol,13.0,Clear
EVT_040_01412,SGR_ZONE_040,2024-10-22,10,Autumn,23,1,Retreated,Foot Patrol,59.0,Fog
EVT_041_01413,SGR_ZONE_041,2023-03-02,3,Spring,23,1,Retreated,Unknown,56.0,Clear
EVT_041_01414,SGR_ZONE_041,2023-04-01,4,Spring,0,1,Neutralized,Vehicle,9.0,Snow
EVT_041_01415,SGR_ZONE_041,2023-04-01,4,Spring,0,1,Retreated,Foot Patrol,6.0,Cloudy
EVT_041_01416,SGR_ZONE_041,2023-04-01,4,Spring,0,0,Undetected,Drone (Suspicious),,Cloudy
EVT_041_01417,SGR_ZONE_041,2023-05-01,5,Spring,0,1,Neutralized,Foot Patrol,45.0,Clear
EVT_041_01418,SGR_ZONE_041,2023-05-01,5,Spring,22,0,Undetected,Foot Patrol,,Fog
EVT_041_01419,SGR_ZONE_041,2023-10-28,10,Autumn,0,0,Undetected,Vehicle,,Clear
EVT_041_01420,SGR_ZONE_041,2023-10-28,10,Autumn,22,1,Neutralized,Foot Patrol,58.0,Clear
EVT_041_01421,SGR_ZONE_041,2023-10-28,10,Autumn,0,0,Undetected,Vehicle,,Fog
EVT_041_01422,SGR_ZONE_041,2023-12-27,12,Winter,1,1,Retreated,Vehicle,59.0,Clear
EVT_041_01423,SGR_ZONE_041,2023-12-27,12,Winter,1,1,Retreated,Foot Patrol,40.0,Clear
EVT_041_01424,SGR_ZONE_041,2024-01-26,1,Winter,1,1,Retreated,Foot Patrol,25.0,Clear
EVT_041_01425,SGR_ZONE_041,2024-01-26,1,Winter,0,1,Neutralized,Unknown,18.0,Clear
EVT_041_01426,SGR_ZONE_041,2024-02-25,2,Winter,22,1,Retreated,Vehicle,30.0,Fog
EVT_041_01427,SGR_ZONE_041,2024-04-25,4,Spring,1,1,Retreated,Vehicle,27.0,Cloudy
EVT_041_01428,SGR_ZONE_041,2024-04-25,4,Spring,1,0,Undetected,Foot Patrol,,Snow
EVT_041_01429,SGR_ZONE_041,2024-05-25,5,Spring,1,1,Neutralized,Unknown,49.0,Cloudy
EVT_041_01430,SGR_ZONE_041,2024-05-25,5,Spring,22,1,Alert Triggered,Vehicle,42.0,Clear
EVT_042_01431,SGR_ZONE_042,2023-01-01,1,Winter,0,0,Undetected,Unknown,,Clear
EVT_042_01432,SGR_ZONE_042,2023-01-01,1,Winter,0,1,Neutralized,Unknown,25.0,Snow
EVT_042_01433,SGR_ZONE_042,2023-04-01,4,Spring,1,1,Retreated,Vehicle,45.0,Clear
EVT_042_01434,SGR_ZONE_042,2023-04-01,4,Spring,0,1,Neutralized,Unknown,44.0,Fog
EVT_042_01435,SGR_ZONE_042,2023-04-01,4,Spring,22,1,Retreated,Drone (Suspicious),48.0,Cloudy
EVT_042_01436,SGR_ZONE_042,2023-04-01,4,Spring,22,1,Alert Triggered,Foot Patrol,53.0,Clear
EVT_042_01437,SGR_ZONE_042,2023-05-01,5,Spring,22,0,Undetected,Drone (Suspicious),,Clear
EVT_042_01438,SGR_ZONE_042,2023-05-01,5,Spring,23,0,Undetected,Drone (Suspicious),,Clear
EVT_042_01439,SGR_ZONE_042,2023-05-01,5,Spring,1,0,Undetected,Drone (Suspicious),,Snow
EVT_042_01440,SGR_ZONE_042,2023-07-30,7,Monsoon,23,1,Neutralized,Foot Patrol,9.0,Snow
EVT_042_01441,SGR_ZONE_042,2023-10-28,10,Autumn,23,1,Neutralized,Vehicle,41.0,Fog
EVT_042_01442,SGR_ZONE_042,2023-10-28,10,Autumn,22,1,Neutralized,Foot Patrol,58.0,Clear
EVT_042_01443,SGR_ZONE_042,2023-11-27,11,Autumn,0,1,Retreated,Drone (Suspicious),42.0,Cloudy
EVT_042_01444,SGR_ZONE_042,2023-11-27,11,Autumn,0,1,Retreated,Foot Patrol,33.0,Cloudy
EVT_042_01445,SGR_ZONE_042,2023-11-27,11,Autumn,0,1,Retreated,Vehicle,32.0,Clear
EVT_042_01446,SGR_ZONE_042,2023-12-27,12,Winter,0,1,Alert Triggered,Vehicle,57.0,Cloudy
EVT_042_01447,SGR_ZONE_042,2023-12-27,12,Winter,23,1,Retreated,Foot Patrol,20.0,Clear
EVT_042_01448,SGR_ZONE_042,2023-12-27,12,Winter,4,1,Retreated,Vehicle,36.0,Snow
EVT_042_01449,SGR_ZONE_042,2023-12-27,12,Winter,0,1,Retreated,Vehicle,21.0,Cloudy
EVT_042_01450,SGR_ZONE_042,2024-01-26,1,Winter,22,1,Alert Triggered,Foot Patrol,23.0,Clear
EVT_042_01451,SGR_ZONE_042,2024-01-26,1,Winter,23,1,Neutralized,Unknown,50.0,Clear
EVT_042_01452,SGR_ZONE_042,2024-02-25,2,Winter,0,1,Alert Triggered,Vehicle,42.0,Clear
EVT_042_01453,SGR_ZONE_042,2024-02-25,2,Winter,22,0,Undetected,Foot Patrol,,Clear
EVT_042_01454,SGR_ZONE_042,2024-02-25,2,Winter,0,1,Retreated,Foot Patrol,58.0,Fog
EVT_042_01455,SGR_ZONE_042,2024-04-25,4,Spring,22,1,Alert Triggered,Foot Patrol,48.0,Cloudy
EVT_042_01456,SGR_ZONE_042,2024-04-25,4,Spring,0,0,Undetected,Foot Patrol,,Snow
EVT_042_01457,SGR_ZONE_042,2024-07-24,7,Monsoon,2,1,Neutralized,Foot Patrol,36.0,Clear
EVT_042_01458,SGR_ZONE_042,2024-07-24,7,Monsoon,23,1,Alert Triggered,Unknown,32.0,Fog
EVT_042_01459,SGR_ZONE_042,2024-07-24,7,Monsoon,23,1,Neutralized,Unknown,13.0,Fog
EVT_042_01460,SGR_ZONE_042,2024-11-21,11,Autumn,22,1,Alert Triggered,Drone (Suspicious),16.0,Fog
EVT_042_01461,SGR_ZONE_042,2024-11-21,11,Autumn,1,1,Retreated,Foot Patrol,54.0,Fog
EVT_043_01462,SGR_ZONE_043,2023-01-01,1,Winter,0,0,Undetected,Foot Patrol,,Cloudy
EVT_043_01463,SGR_ZONE_043,2023-01-01,1,Winter,2,0,Undetected,Foot Patrol,,Snow
EVT_043_01464,SGR_ZONE_043,2023-01-01,1,Winter,2,0,Undetected,Drone (Suspicious),,Cloudy
EVT_043_01465,SGR_ZONE_043,2023-01-01,1,Winter,23,1,Neutralized,Foot Patrol,28.0,Clear
EVT_043_01466,SGR_ZONE_043,2023-01-01,1,Winter,2,1,Retreated,Unknown,33.0,Fog
EVT_043_01467,SGR_ZONE_043,2023-01-31,1,Winter,1,0,Undetected,Foot Patrol,,Cloudy
EVT_043_01468,SGR_ZONE_043,2023-01-31,1,Winter,0,1,Retreated,Foot Patrol,43.0,Fog
EVT_043_01469,SGR_ZONE_043,2023-03-02,3,Spring,1,0,Undetected,Unknown,,Clear
EVT_043_01470,SGR_ZONE_043,2023-03-02,3,Spring,1,1,Neutralized,Drone (Suspicious),37.0,Fog
EVT_043_01471,SGR_ZONE_043,2023-03-02,3,Spring,0,1,Retreated,Unknown,14.0,Clear
EVT_043_01472,SGR_ZONE_043,2023-04-01,4,Spring,0,1,Retreated,Vehicle,53.0,Clear
EVT_043_01473,SGR_ZONE_043,2023-04-01,4,Spring,1,1,Retreated,Foot Patrol,46.0,Clear
EVT_043_01474,SGR_ZONE_043,2023-04-01,4,Spring,23,1,Retreated,Foot Patrol,18.0,Fog
EVT_043_01475,SGR_ZONE_043,2023-04-01,4,Spring,0,1,Alert Triggered,Unknown,47.0,Clear
EVT_043_01476,SGR_ZONE_043,2023-05-01,5,Spring,23,0,Undetected,Foot Patrol,,Fog
EVT_043_01477,SGR_ZONE_043,2023-05-31,5,Spring,0,1,Neutralized,Foot Patrol,13.0,Cloudy
EVT_043_01478,SGR_ZONE_043,2023-05-31,5,Spring,22,1,Retreated,Drone (Suspicious),55.0,Clear
EVT_043_01479,SGR_ZONE_043,2023-05-31,5,Spring,23,1,Alert Triggered,Foot Patrol,56.0,Fog
EVT_043_01480,SGR_ZONE_043,2023-06-30,6,Monsoon,2,1,Neutralized,Vehicle,14.0,Snow
EVT_043_01481,SGR_ZONE_043,2023-06-30,6,Monsoon,0,1,Retreated,Unknown,57.0,Clear
EVT_043_01482,SGR_ZONE_043,2023-08-29,8,Monsoon,0,1,Neutralized,Vehicle,15.0,Clear
EVT_043_01483,SGR_ZONE_043,2023-08-29,8,Monsoon,0,1,Alert Triggered,Foot Patrol,46.0,Cloudy
EVT_043_01484,SGR_ZONE_043,2023-08-29,8,Monsoon,0,0,Undetected,Unknown,,Snow
EVT_043_01485,SGR_ZONE_043,2023-08-29,8,Monsoon,0,1,Retreated,Drone (Suspicious),46.0,Clear
EVT_043_01486,SGR_ZONE_043,2023-09-28,9,Autumn,22,1,Neutralized,Vehicle,36.0,Cloudy
EVT_043_01487,SGR_ZONE_043,2023-09-28,9,Autumn,1,0,Undetected,Vehicle,,Cloudy
EVT_043_01488,SGR_ZONE_043,2023-10-28,10,Autumn,0,0,Undetected,Foot Patrol,,Clear
EVT_043_01489,SGR_ZONE_043,2023-10-28,10,Autumn,1,1,Retreated,Drone (Suspicious),55.0,Fog
EVT_043_01490,SGR_ZONE_043,2023-10-28,10,Autumn,0,1,Neutralized,Foot Patrol,33.0,Cloudy
EVT_043_01491,SGR_ZONE_043,2023-10-28,10,Autumn,1,1,Alert Triggered,Foot Patrol,15.0,Cloudy
EVT_043_01492,SGR_ZONE_043,2023-11-27,11,Autumn,1,1,Neutralized,Foot Patrol,45.0,Snow
EVT_043_01493,SGR_ZONE_043,2023-11-27,11,Autumn,1,1,Alert Triggered,Unknown,40.0,Snow
EVT_043_01494,SGR_ZONE_043,2023-11-27,11,Autumn,1,1,Alert Triggered,Drone (Suspicious),18.0,Cloudy
EVT_043_01495,SGR_ZONE_043,2023-12-27,12,Winter,0,0,Undetected,Vehicle,,Cloudy
EVT_043_01496,SGR_ZONE_043,2023-12-27,12,Winter,22,1,Neutralized,Foot Patrol,37.0,Cloudy
EVT_043_01497,SGR_ZONE_043,2023-12-27,12,Winter,2,0,Undetected,Drone (Suspicious),,Clear
EVT_043_01498,SGR_ZONE_043,2023-12-27,12,Winter,23,1,Neutralized,Foot Patrol,41.0,Clear
EVT_043_01499,SGR_ZONE_043,2023-12-27,12,Winter,1,1,Retreated,Foot Patrol,21.0,Snow
EVT_043_01500,SGR_ZONE_043,2024-01-26,1,Winter,1,1,Alert Triggered,Foot Patrol,58.0,Snow
EVT_043_01501,SGR_ZONE_043,2024-01-26,1,Winter,1,0,Undetected,Foot Patrol,,Fog
EVT_043_01502,SGR_ZONE_043,2024-02-25,2,Winter,0,1,Retreated,Unknown,6.0,Cloudy
EVT_043_01503,SGR_ZONE_043,2024-02-25,2,Winter,23,1,Alert Triggered,Foot Patrol,7.0,Clear
EVT_043_01504,SGR_ZONE_043,2024-02-25,2,Winter,4,1,Alert Triggered,Vehicle,20.0,Cloudy
EVT_043_01505,SGR_ZONE_043,2024-02-25,2,Winter,0,0,Undetected,Unknown,,Clear
EVT_043_01506,SGR_ZONE_043,2024-04-25,4,Spring,23,1,Neutralized,Foot Patrol,29.0,Cloudy
EVT_043_01507,SGR_ZONE_043,2024-04-25,4,Spring,23,1,Retreated,Vehicle,18.0,Clear
EVT_043_01508,SGR_ZONE_043,2024-04-25,4,Spring,1,1,Retreated,Unknown,44.0,Fog
EVT_043_01509,SGR_ZONE_043,2024-05-25,5,Spring,23,1,Retreated,Unknown,40.0,Clear
EVT_043_01510,SGR_ZONE_043,2024-10-22,10,Autumn,4,1,Retreated,Foot Patrol,11.0,Snow
EVT_044_01511,SGR_ZONE_044,2023-01-31,1,Winter,1,1,Neutralized,Foot Patrol,53.0,Clear
EVT_044_01512,SGR_ZONE_044,2023-01-31,1,Winter,0,0,Undetected,Foot Patrol,,Fog
EVT_044_01513,SGR_ZONE_044,2023-01-31,1,Winter,22,0,Undetected,Foot Patrol,,Clear
EVT_044_01514,SGR_ZONE_044,2023-01-31,1,Winter,23,1,Retreated,Foot Patrol,58.0,Cloudy
EVT_044_01515,SGR_ZONE_044,2023-01-31,1,Winter,1,0,Undetected,Foot Patrol,,Clear
EVT_044_01516,SGR_ZONE_044,2023-04-01,4,Spring,0,1,Alert Triggered,Vehicle,36.0,Cloudy
EVT_044_01517,SGR_ZONE_044,2023-04-01,4,Spring,3,1,Neutralized,Unknown,24.0,Fog
EVT_044_01518,SGR_ZONE_044,2023-05-01,5,Spring,1,1,Neutralized,Foot Patrol,41.0,Cloudy
EVT_044_01519,SGR_ZONE_044,2023-05-01,5,Spring,23,1,Retreated,Foot Patrol,18.0,Clear
EVT_044_01520,SGR_ZONE_044,2023-10-28,10,Autumn,1,1,Neutralized,Foot Patrol,40.0,Fog
EVT_044_01521,SGR_ZONE_044,2023-10-28,10,Autumn,23,1,Retreated,Foot Patrol,14.0,Clear
EVT_044_01522,SGR_ZONE_044,2023-12-27,12,Winter,1,1,Retreated,Foot Patrol,8.0,Clear
EVT_044_01523,SGR_ZONE_044,2023-12-27,12,Winter,1,0,Undetected,Foot Patrol,,Fog
EVT_044_01524,SGR_ZONE_044,2023-12-27,12,Winter,23,0,Undetected,Foot Patrol,,Clear
EVT_044_01525,SGR_ZONE_044,2024-02-25,2,Winter,1,1,Neutralized,Foot Patrol,51.0,Cloudy
EVT_044_01526,SGR_ZONE_044,2024-02-25,2,Winter,23,0,Undetected,Drone (Suspicious),,Clear
EVT_044_01527,SGR_ZONE_044,2024-03-26,3,Spring,22,0,Undetected,Vehicle,,Cloudy
EVT_044_01528,SGR_ZONE_044,2024-04-25,4,Spring,23,1,Retreated,Vehicle,42.0,Cloudy
EVT_044_01529,SGR_ZONE_044,2024-04-25,4,Spring,4,1,Retreated,Drone (Suspicious),52.0,Snow
EVT_044_01530,SGR_ZONE_044,2024-06-24,6,Monsoon,22,1,Retreated,Foot Patrol,47.0,Cloudy
EVT_044_01531,SGR_ZONE_044,2024-06-24,6,Monsoon,22,1,Retreated,Foot Patrol,14.0,Cloudy
EVT_044_01532,SGR_ZONE_044,2024-06-24,6,Monsoon,23,0,Undetected,Foot Patrol,,Cloudy
EVT_044_01533,SGR_ZONE_044,2024-08-23,8,Monsoon,0,1,Neutralized,Foot Patrol,38.0,Clear
EVT_044_01534,SGR_ZONE_044,2024-08-23,8,Monsoon,3,0,Undetected,Unknown,,Cloudy
EVT_044_01535,SGR_ZONE_044,2024-08-23,8,Monsoon,0,1,Retreated,Foot Patrol,7.0,Clear
EVT_044_01536,SGR_ZONE_044,2024-08-23,8,Monsoon,23,1,Retreated,Foot Patrol,9.0,Clear
EVT_044_01537,SGR_ZONE_044,2024-09-22,9,Autumn,0,1,Neutralized,Unknown,22.0,Clear
EVT_044_01538,SGR_ZONE_044,2024-11-21,11,Autumn,23,1,Retreated,Unknown,24.0,Clear
EVT_044_01539,SGR_ZONE_044,2024-11-21,11,Autumn,1,1,Retreated,Foot Patrol,37.0,Cloudy
EVT_044_01540,SGR_ZONE_044,2024-11-21,11,Autumn,2,1,Retreated,Unknown,59.0,Clear
EVT_045_01541,SGR_ZONE_045,2023-01-31,1,Winter,1,1,Neutralized,Foot Patrol,25.0,Cloudy
EVT_045_01542,SGR_ZONE_045,2023-01-31,1,Winter,23,0,Undetected,Foot Patrol,,Cloudy
EVT_045_01543,SGR_ZONE_045,2024-03-26,3,Spring,0,1,Retreated,Vehicle,6.0,Clear
EVT_045_01544,SGR_ZONE_045,2024-05-25,5,Spring,0,1,Retreated,Foot Patrol,17.0,Snow
EVT_045_01545,SGR_ZONE_045,2024-05-25,5,Spring,0,1,Neutralized,Foot Patrol,45.0,Fog
EVT_045_01546,SGR_ZONE_045,2024-05-25,5,Spring,2,1,Neutralized,Drone (Suspicious),53.0,Cloudy
EVT_045_01547,SGR_ZONE_045,2024-09-22,9,Autumn,4,1,Retreated,Foot Patrol,30.0,Fog
EVT_045_01548,SGR_ZONE_045,2024-09-22,9,Autumn,23,1,Neutralized,Foot Patrol,17.0,Clear
EVT_046_01549,SGR_ZONE_046,2023-01-01,1,Winter,4,1,Alert Triggered,Vehicle,6.0,Cloudy
EVT_046_01550,SGR_ZONE_046,2023-01-01,1,Winter,23,0,Undetected,Unknown,,Clear
EVT_046_01551,SGR_ZONE_046,2023-01-01,1,Winter,0,1,Retreated,Vehicle,14.0,Clear
EVT_046_01552,SGR_ZONE_046,2023-03-02,3,Spring,0,1,Alert Triggered,Foot Patrol,41.0,Clear
EVT_046_01553,SGR_ZONE_046,2023-03-02,3,Spring,23,1,Neutralized,Vehicle,30.0,Clear
EVT_046_01554,SGR_ZONE_046,2023-04-01,4,Spring,0,1,Retreated,Vehicle,53.0,Fog
EVT_046_01555,SGR_ZONE_046,2023-04-01,4,Spring,22,1,Retreated,Drone (Suspicious),23.0,Cloudy
EVT_046_01556,SGR_ZONE_046,2023-04-01,4,Spring,1,0,Undetected,Foot Patrol,,Cloudy
EVT_046_01557,SGR_ZONE_046,2023-04-01,4,Spring,22,1,Retreated,Foot Patrol,35.0,Cloudy
EVT_046_01558,SGR_ZONE_046,2023-05-31,5,Spring,23,0,Undetected,Vehicle,,Cloudy
EVT_046_01559,SGR_ZONE_046,2023-10-28,10,Autumn,0,1,Alert Triggered,Foot Patrol,17.0,Clear
EVT_046_01560,SGR_ZONE_046,2023-10-28,10,Autumn,1,0,Undetected,Unknown,,Cloudy
EVT_046_01561,SGR_ZONE_046,2023-11-27,11,Autumn,0,0,Undetected,Foot Patrol,,Cloudy
EVT_046_01562,SGR_ZONE_046,2023-12-27,12,Winter,22,1,Retreated,Foot Patrol,17.0,Cloudy
EVT_046_01563,SGR_ZONE_046,2023-12-27,12,Winter,22,1,Neutralized,Vehicle,48.0,Fog
EVT_046_01564,SGR_ZONE_046,2023-12-27,12,Winter,0,1,Retreated,Foot Patrol,28.0,Cloudy
EVT_046_01565,SGR_ZONE_046,2023-12-27,12,Winter,0,0,Undetected,Foot Patrol,,Clear
EVT_046_01566,SGR_ZONE_046,2023-12-27,12,Winter,2,0,Undetected,Unknown,,Cloudy
EVT_046_01567,SGR_ZONE_046,2023-12-27,12,Winter,1,1,Retreated,Foot Patrol,12.0,Cloudy
EVT_046_01568,SGR_ZONE_046,2023-12-27,12,Winter,0,1,Alert Triggered,Vehicle,58.0,Cloudy
EVT_046_01569,SGR_ZONE_046,2024-01-26,1,Winter,1,1,Alert Triggered,Foot Patrol,5.0,Clear
EVT_046_01570,SGR_ZONE_046,2024-01-26,1,Winter,1,1,Neutralized,Drone (Suspicious),59.0,Snow
EVT_046_01571,SGR_ZONE_046,2024-01-26,1,Winter,2,1,Retreated,Drone (Suspicious),24.0,Clear
EVT_046_01572,SGR_ZONE_046,2024-01-26,1,Winter,0,1,Neutralized,Foot Patrol,23.0,Cloudy
EVT_046_01573,SGR_ZONE_046,2024-01-26,1,Winter,0,1,Neutralized,Foot Patrol,40.0,Clear
EVT_046_01574,SGR_ZONE_046,2024-02-25,2,Winter,1,0,Undetected,Foot Patrol,,Cloudy
EVT_046_01575,SGR_ZONE_046,2024-02-25,2,Winter,22,1,Retreated,Foot Patrol,49.0,Cloudy
EVT_046_01576,SGR_ZONE_046,2024-02-25,2,Winter,1,1,Alert Triggered,Foot Patrol,39.0,Snow
EVT_046_01577,SGR_ZONE_046,2024-02-25,2,Winter,1,1,Neutralized,Vehicle,8.0,Cloudy
EVT_046_01578,SGR_ZONE_046,2024-03-26,3,Spring,0,1,Neutralized,Vehicle,22.0,Clear
EVT_046_01579,SGR_ZONE_046,2024-03-26,3,Spring,1,1,Retreated,Vehicle,7.0,Cloudy
EVT_046_01580,SGR_ZONE_046,2024-04-25,4,Spring,1,1,Retreated,Unknown,33.0,Fog
EVT_046_01581,SGR_ZONE_046,2024-04-25,4,Spring,0,1,Retreated,Vehicle,19.0,Fog
EVT_046_01582,SGR_ZONE_046,2024-05-25,5,Spring,4,0,Undetected,Foot Patrol,,Fog
EVT_046_01583,SGR_ZONE_046,2024-07-24,7,Monsoon,2,1,Alert Triggered,Foot Patrol,57.0,Cloudy
EVT_046_01584,SGR_ZONE_046,2024-07-24,7,Monsoon,1,1,Neutralized,Vehicle,54.0,Clear
EVT_046_01585,SGR_ZONE_046,2024-09-22,9,Autumn,23,1,Retreated,Foot Patrol,45.0,Cloudy
EVT_046_01586,SGR_ZONE_046,2024-09-22,9,Autumn,4,1,Retreated,Foot Patrol,43.0,Snow
EVT_046_01587,SGR_ZONE_046,2024-09-22,9,Autumn,23,0,Undetected,Vehicle,,Clear
EVT_046_01588,SGR_ZONE_046,2024-09-22,9,Autumn,23,1,Neutralized,Foot Patrol,15.0,Fog
EVT_046_01589,SGR_ZONE_046,2024-09-22,9,Autumn,0,1,Retreated,Foot Patrol,9.0,Clear
EVT_046_01590,SGR_ZONE_046,2024-09-22,9,Autumn,1,0,Undetected,Foot Patrol,,Clear
EVT_046_01591,SGR_ZONE_046,2024-09-22,9,Autumn,0,0,Undetected,Foot Patrol,,Snow
EVT_046_01592,SGR_ZONE_046,2024-10-22,10,Autumn,2,1,Retreated,Foot Patrol,16.0,Cloudy
EVT_046_01593,SGR_ZONE_046,2024-10-22,10,Autumn,3,0,Undetected,Unknown,,Clear
EVT_046_01594,SGR_ZONE_046,2024-10-22,10,Autumn,23,0,Undetected,Foot Patrol,,Snow
EVT_046_01595,SGR_ZONE_046,2024-10-22,10,Autumn,22,1,Retreated,Unknown,26.0,Snow
EVT_046_01596,SGR_ZONE_046,2024-10-22,10,Autumn,0,0,Undetected,Foot Patrol,,Cloudy
EVT_046_01597,SGR_ZONE_046,2024-10-22,10,Autumn,22,1,Retreated,Foot Patrol,20.0,Cloudy
EVT_047_01598,SGR_ZONE_047,2023-01-01,1,Winter,23,0,Undetected,Foot Patrol,,Clear
EVT_047_01599,SGR_ZONE_047,2023-01-01,1,Winter,0,1,Alert Triggered,Drone (Suspicious),21.0,Clear
EVT_047_01600,SGR_ZONE_047,2023-01-01,1,Winter,22,0,Undetected,Foot Patrol,,Clear
EVT_047_01601,SGR_ZONE_047,2023-01-01,1,Winter,0,0,Undetected,Unknown,,Cloudy
EVT_047_01602,SGR_ZONE_047,2023-01-31,1,Winter,1,1,Retreated,Drone (Suspicious),27.0,Cloudy
EVT_047_01603,SGR_ZONE_047,2023-01-31,1,Winter,23,1,Retreated,Foot Patrol,6.0,Clear
EVT_047_01604,SGR_ZONE_047,2023-01-31,1,Winter,0,1,Retreated,Foot Patrol,50.0,Clear
EVT_047_01605,SGR_ZONE_047,2023-01-31,1,Winter,22,1,Alert Triggered,Foot Patrol,41.0,Fog
EVT_047_01606,SGR_ZONE_047,2023-03-02,3,Spring,0,1,Neutralized,Vehicle,43.0,Clear
EVT_047_01607,SGR_ZONE_047,2023-03-02,3,Spring,3,1,Retreated,Foot Patrol,50.0,Cloudy
EVT_047_01608,SGR_ZONE_047,2023-04-01,4,Spring,0,1,Retreated,Unknown,21.0,Fog
EVT_047_01609,SGR_ZONE_047,2023-04-01,4,Spring,2,1,Retreated,Foot Patrol,59.0,Fog
EVT_047_01610,SGR_ZONE_047,2023-05-01,5,Spring,3,1,Alert Triggered,Foot Patrol,42.0,Cloudy
EVT_047_01611,SGR_ZONE_047,2023-05-31,5,Spring,0,1,Neutralized,Foot Patrol,25.0,Snow
EVT_047_01612,SGR_ZONE_047,2023-05-31,5,Spring,1,1,Alert Triggered,Vehicle,59.0,Fog
EVT_047_01613,SGR_ZONE_047,2023-05-31,5,Spring,23,1,Alert Triggered,Vehicle,26.0,Clear
EVT_047_01614,SGR_ZONE_047,2023-05-31,5,Spring,0,1,Retreated,Unknown,30.0,Clear
EVT_047_01615,SGR_ZONE_047,2023-05-31,5,Spring,2,0,Undetected,Vehicle,,Clear
EVT_047_01616,SGR_ZONE_047,2023-05-31,5,Spring,3,1,Neutralized,Vehicle,12.0,Cloudy
EVT_047_01617,SGR_ZONE_047,2023-06-30,6,Monsoon,0,0,Undetected,Vehicle,,Fog
EVT_047_01618,SGR_ZONE_047,2023-08-29,8,Monsoon,22,1,Neutralized,Unknown,23.0,Clear
EVT_047_01619,SGR_ZONE_047,2023-08-29,8,Monsoon,23,0,Undetected,Vehicle,,Clear
EVT_047_01620,SGR_ZONE_047,2023-08-29,8,Monsoon,22,1,Retreated,Drone (Suspicious),6.0,Fog
EVT_047_01621,SGR_ZONE_047,2023-08-29,8,Monsoon,2,1,Neutralized,Foot Patrol,8.0,Snow
EVT_047_01622,SGR_ZONE_047,2023-09-28,9,Autumn,0,1,Alert Triggered,Vehicle,29.0,Clear
EVT_047_01623,SGR_ZONE_047,2023-09-28,9,Autumn,1,1,Retreated,Foot Patrol,21.0,Cloudy
EVT_047_01624,SGR_ZONE_047,2023-10-28,10,Autumn,23,1,Retreated,Unknown,50.0,Snow
EVT_047_01625,SGR_ZONE_047,2023-10-28,10,Autumn,0,1,Retreated,Foot Patrol,22.0,Snow
EVT_047_01626,SGR_ZONE_047,2023-11-27,11,Autumn,1,1,Neutralized,Vehicle,7.0,Cloudy
EVT_047_01627,SGR_ZONE_047,2023-11-27,11,Autumn,0,1,Neutralized,Foot Patrol,18.0,Clear
EVT_047_01628,SGR_ZONE_047,2023-11-27,11,Autumn,1,1,Alert Triggered,Unknown,32.0,Clear
EVT_047_01629,SGR_ZONE_047,2023-12-27,12,Winter,1,1,Alert Triggered,Foot Patrol,18.0,Clear
EVT_047_01630,SGR_ZONE_047,2023-12-27,12,Winter,1,1,Neutralized,Foot Patrol,59.0,Cloudy
EVT_047_01631,SGR_ZONE_047,2024-01-26,1,Winter,22,0,Undetected,Vehicle,,Cloudy
EVT_047_01632,SGR_ZONE_047,2024-02-25,2,Winter,0,1,Retreated,Vehicle,18.0,Fog
EVT_047_01633,SGR_ZONE_047,2024-02-25,2,Winter,2,1,Alert Triggered,Foot Patrol,43.0,Clear
EVT_047_01634,SGR_ZONE_047,2024-03-26,3,Spring,1,1,Neutralized,Foot Patrol,21.0,Clear
EVT_047_01635,SGR_ZONE_047,2024-03-26,3,Spring,0,1,Alert Triggered,Foot Patrol,26.0,Snow
EVT_047_01636,SGR_ZONE_047,2024-04-25,4,Spring,0,0,Undetected,Foot Patrol,,Cloudy
EVT_047_01637,SGR_ZONE_047,2024-05-25,5,Spring,0,0,Undetected,Foot Patrol,,Clear
EVT_047_01638,SGR_ZONE_047,2024-05-25,5,Spring,1,1,Retreated,Drone (Suspicious),55.0,Cloudy
EVT_047_01639,SGR_ZONE_047,2024-08-23,8,Monsoon,2,0,Undetected,Foot Patrol,,Clear
EVT_047_01640,SGR_ZONE_047,2024-08-23,8,Monsoon,22,1,Neutralized,Foot Patrol,5.0,Clear
EVT_047_01641,SGR_ZONE_047,2024-09-22,9,Autumn,3,1,Retreated,Foot Patrol,55.0,Fog
EVT_047_01642,SGR_ZONE_047,2024-09-22,9,Autumn,0,1,Alert Triggered,Foot Patrol,56.0,Clear
EVT_047_01643,SGR_ZONE_047,2024-10-22,10,Autumn,22,1,Alert Triggered,Foot Patrol,12.0,Fog
EVT_047_01644,SGR_ZONE_047,2024-10-22,10,Autumn,2,1,Retreated,Vehicle,24.0,Cloudy
EVT_047_01645,SGR_ZONE_047,2024-11-21,11,Autumn,1,1,Alert Triggered,Foot Patrol,26.0,Cloudy
EVT_048_01646,SGR_ZONE_048,2023-01-31,1,Winter,0,1,Retreated,Vehicle,39.0,Fog
EVT_048_01647,SGR_ZONE_048,2023-01-31,1,Winter,0,0,Undetected,Foot Patrol,,Fog
EVT_048_01648,SGR_ZONE_048,2023-01-31,1,Winter,23,1,Neutralized,Foot Patrol,40.0,Fog
EVT_048_01649,SGR_ZONE_048,2023-03-02,3,Spring,1,0,Undetected,Unknown,,Snow
EVT_048_01650,SGR_ZONE_048,2023-03-02,3,Spring,23,1,Retreated,Unknown,13.0,Clear
EVT_048_01651,SGR_ZONE_048,2023-04-01,4,Spring,1,1,Retreated,Unknown,10.0,Clear
EVT_048_01652,SGR_ZONE_048,2023-04-01,4,Spring,4,1,Neutralized,Foot Patrol,34.0,Clear
EVT_048_01653,SGR_ZONE_048,2023-04-01,4,Spring,0,1,Neutralized,Unknown,30.0,Cloudy
EVT_048_01654,SGR_ZONE_048,2023-04-01,4,Spring,22,1,Alert Triggered,Vehicle,19.0,Cloudy
EVT_048_01655,SGR_ZONE_048,2023-05-31,5,Spring,4,1,Neutralized,Vehicle,15.0,Clear
EVT_048_01656,SGR_ZONE_048,2023-05-31,5,Spring,1,1,Alert Triggered,Unknown,32.0,Clear
EVT_048_01657,SGR_ZONE_048,2023-05-31,5,Spring,23,1,Alert Triggered,Foot Patrol,34.0,Snow
EVT_048_01658,SGR_ZONE_048,2023-05-31,5,Spring,23,1,Alert Triggered,Foot Patrol,17.0,Clear
EVT_048_01659,SGR_ZONE_048,2023-05-31,5,Spring,4,1,Alert Triggered,Foot Patrol,44.0,Cloudy
EVT_048_01660,SGR_ZONE_048,2023-07-30,7,Monsoon,1,1,Retreated,Foot Patrol,18.0,Cloudy
EVT_048_01661,SGR_ZONE_048,2023-07-30,7,Monsoon,1,1,Neutralized,Unknown,19.0,Cloudy
EVT_048_01662,SGR_ZONE_048,2023-12-27,12,Winter,0,1,Neutralized,Foot Patrol,29.0,Clear
EVT_048_01663,SGR_ZONE_048,2023-12-27,12,Winter,0,1,Alert Triggered,Foot Patrol,34.0,Snow
EVT_048_01664,SGR_ZONE_048,2024-01-26,1,Winter,22,0,Undetected,Vehicle,,Clear
EVT_048_01665,SGR_ZONE_048,2024-01-26,1,Winter,23,1,Retreated,Foot Patrol,9.0,Fog
EVT_048_01666,SGR_ZONE_048,2024-01-26,1,Winter,0,1,Retreated,Unknown,23.0,Snow
EVT_048_01667,SGR_ZONE_048,2024-01-26,1,Winter,2,0,Undetected,Foot Patrol,,Fog
EVT_048_01668,SGR_ZONE_048,2024-01-26,1,Winter,0,1,Retreated,Foot Patrol,37.0,Cloudy
EVT_048_01669,SGR_ZONE_048,2024-02-25,2,Winter,22,1,Retreated,Foot Patrol,8.0,Fog
EVT_048_01670,SGR_ZONE_048,2024-07-24,7,Monsoon,2,1,Neutralized,Foot Patrol,25.0,Clear
EVT_048_01671,SGR_ZONE_048,2024-07-24,7,Monsoon,0,0,Undetected,Foot Patrol,,Fog
EVT_048_01672,SGR_ZONE_048,2024-07-24,7,Monsoon,0,1,Alert Triggered,Foot Patrol,28.0,Cloudy
EVT_048_01673,SGR_ZONE_048,2024-07-24,7,Monsoon,1,1,Alert Triggered,Vehicle,55.0,Clear
EVT_048_01674,SGR_ZONE_048,2024-09-22,9,Autumn,23,1,Retreated,Foot Patrol,51.0,Cloudy
EVT_048_01675,SGR_ZONE_048,2024-09-22,9,Autumn,4,1,Neutralized,Foot Patrol,49.0,Cloudy
EVT_048_01676,SGR_ZONE_048,2024-10-22,10,Autumn,0,1,Neutralized,Foot Patrol,40.0,Fog
EVT_048_01677,SGR_ZONE_048,2024-11-21,11,Autumn,23,1,Retreated,Unknown,8.0,Fog
EVT_049_01678,SGR_ZONE_049,2023-01-31,1,Winter,1,1,Alert Triggered,Foot Patrol,28.0,Clear
EVT_049_01679,SGR_ZONE_049,2023-04-01,4,Spring,2,1,Retreated,Foot Patrol,12.0,Clear
EVT_049_01680,SGR_ZONE_049,2023-04-01,4,Spring,23,1,Alert Triggered,Foot Patrol,26.0,Fog
EVT_049_01681,SGR_ZONE_049,2023-09-28,9,Autumn,0,1,Retreated,Vehicle,18.0,Clear
EVT_049_01682,SGR_ZONE_049,2023-09-28,9,Autumn,22,1,Retreated,Unknown,44.0,Clear
EVT_049_01683,SGR_ZONE_049,2023-09-28,9,Autumn,1,1,Retreated,Unknown,23.0,Clear
EVT_049_01684,SGR_ZONE_049,2023-09-28,9,Autumn,0,1,Retreated,Foot Patrol,52.0,Clear
EVT_049_01685,SGR_ZONE_049,2023-09-28,9,Autumn,23,1,Retreated,Foot Patrol,34.0,Cloudy
EVT_049_01686,SGR_ZONE_049,2023-09-28,9,Autumn,22,0,Undetected,Unknown,,Cloudy
EVT_049_01687,SGR_ZONE_049,2023-11-27,11,Autumn,22,1,Retreated,Drone (Suspicious),31.0,Clear
EVT_049_01688,SGR_ZONE_049,2024-04-25,4,Spring,22,1,Neutralized,Drone (Suspicious),27.0,Clear
EVT_049_01689,SGR_ZONE_049,2024-04-25,4,Spring,1,1,Alert Triggered,Vehicle,59.0,Fog
EVT_049_01690,SGR_ZONE_049,2024-04-25,4,Spring,23,0,Undetected,Drone (Suspicious),,Clear
EVT_049_01691,SGR_ZONE_049,2024-06-24,6,Monsoon,2,0,Undetected,Unknown,,Cloudy
EVT_049_01692,SGR_ZONE_049,2024-06-24,6,Monsoon,4,0,Undetected,Foot Patrol,,Fog
EVT_049_01693,SGR_ZONE_049,2024-07-24,7,Monsoon,0,1,Retreated,Foot Patrol,42.0,Cloudy
EVT_049_01694,SGR_ZONE_049,2024-07-24,7,Monsoon,23,0,Undetected,Vehicle,,Cloudy
EVT_049_01695,SGR_ZONE_049,2024-07-24,7,Monsoon,22,0,Undetected,Drone (Suspicious),,Fog
EVT_049_01696,SGR_ZONE_049,2024-07-24,7,Monsoon,3,1,Alert Triggered,Unknown,58.0,Clear
EVT_049_01697,SGR_ZONE_049,2024-07-24,7,Monsoon,0,1,Retreated,Foot Patrol,31.0,Fog
EVT_050_01698,SGR_ZONE_050,2023-01-01,1,Winter,2,1,Alert Triggered,Foot Patrol,39.0,Clear
EVT_050_01699,SGR_ZONE_050,2023-01-31,1,Winter,0,1,Neutralized,Foot Patrol,42.0,Clear
EVT_050_01700,SGR_ZONE_050,2023-01-31,1,Winter,23,0,Undetected,Foot Patrol,,Cloudy
EVT_050_01701,SGR_ZONE_050,2023-01-31,1,Winter,2,0,Undetected,Foot Patrol,,Clear
EVT_050_01702,SGR_ZONE_050,2023-01-31,1,Winter,2,1,Retreated,Foot Patrol,48.0,Clear
EVT_050_01703,SGR_ZONE_050,2023-01-31,1,Winter,2,0,Undetected,Foot Patrol,,Fog
EVT_050_01704,SGR_ZONE_050,2023-03-02,3,Spring,2,1,Retreated,Vehicle,6.0,Clear
EVT_050_01705,SGR_ZONE_050,2023-03-02,3,Spring,0,0,Undetected,Unknown,,Clear
EVT_050_01706,SGR_ZONE_050,2023-03-02,3,Spring,23,1,Retreated,Unknown,58.0,Fog
EVT_050_01707,SGR_ZONE_050,2023-05-01,5,Spring,23,0,Undetected,Vehicle,,Snow
EVT_050_01708,SGR_ZONE_050,2023-05-01,5,Spring,2,0,Undetected,Foot Patrol,,Clear
EVT_050_01709,SGR_ZONE_050,2023-05-01,5,Spring,23,1,Alert Triggered,Unknown,21.0,Fog
EVT_050_01710,SGR_ZONE_050,2023-05-01,5,Spring,0,1,Retreated,Vehicle,19.0,Clear
EVT_050_01711,SGR_ZONE_050,2023-05-31,5,Spring,4,1,Retreated,Drone (Suspicious),51.0,Clear
EVT_050_01712,SGR_ZONE_050,2023-05-31,5,Spring,0,1,Neutralized,Vehicle,26.0,Clear
EVT_050_01713,SGR_ZONE_050,2023-09-28,9,Autumn,0,1,Retreated,Vehicle,30.0,Fog
EVT_050_01714,SGR_ZONE_050,2023-09-28,9,Autumn,2,1,Retreated,Vehicle,52.0,Cloudy
EVT_050_01715,SGR_ZONE_050,2023-09-28,9,Autumn,22,1,Neutralized,Drone (Suspicious),27.0,Cloudy
EVT_050_01716,SGR_ZONE_050,2023-09-28,9,Autumn,23,1,Neutralized,Foot Patrol,44.0,Fog
EVT_050_01717,SGR_ZONE_050,2023-09-28,9,Autumn,2,1,Neutralized,Foot Patrol,29.0,Clear
EVT_050_01718,SGR_ZONE_050,2023-09-28,9,Autumn,0,0,Undetected,Unknown,,Clear
EVT_050_01719,SGR_ZONE_050,2023-09-28,9,Autumn,0,1,Alert Triggered,Foot Patrol,58.0,Clear
EVT_050_01720,SGR_ZONE_050,2023-09-28,9,Autumn,22,1,Alert Triggered,Unknown,16.0,Clear
EVT_050_01721,SGR_ZONE_050,2023-12-27,12,Winter,22,1,Neutralized,Foot Patrol,52.0,Clear
EVT_050_01722,SGR_ZONE_050,2023-12-27,12,Winter,2,1,Retreated,Foot Patrol,54.0,Cloudy
EVT_050_01723,SGR_ZONE_050,2024-01-26,1,Winter,4,0,Undetected,Foot Patrol,,Clear
EVT_050_01724,SGR_ZONE_050,2024-01-26,1,Winter,22,1,Retreated,Foot Patrol,24.0,Fog
EVT_050_01725,SGR_ZONE_050,2024-01-26,1,Winter,1,1,Retreated,Foot Patrol,37.0,Cloudy
EVT_050_01726,SGR_ZONE_050,2024-02-25,2,Winter,0,0,Undetected,Drone (Suspicious),,Cloudy
EVT_050_01727,SGR_ZONE_050,2024-02-25,2,Winter,23,1,Neutralized,Drone (Suspicious),46.0,Fog
EVT_050_01728,SGR_ZONE_050,2024-02-25,2,Winter,22,1,Neutralized,Unknown,52.0,Cloudy
EVT_050_01729,SGR_ZONE_050,2024-02-25,2,Winter,22,1,Retreated,Vehicle,33.0,Clear
EVT_050_01730,SGR_ZONE_050,2024-09-22,9,Autumn,23,1,Neutralized,Foot Patrol,25.0,Cloudy
EVT_050_01731,SGR_ZONE_050,2024-09-22,9,Autumn,1,1,Retreated,Vehicle,5.0,Clear
EVT_050_01732,SGR_ZONE_050,2024-10-22,10,Autumn,4,1,Retreated,Foot Patrol,39.0,Clear
EVT_050_01733,SGR_ZONE_050,2024-10-22,10,Autumn,22,1,Retreated,Drone (Suspicious),46.0,Cloudy
EVT_050_01734,SGR_ZONE_050,2024-11-21,11,Autumn,23,1,Retreated,Vehicle,13.0,Clear
EVT_050_01735,SGR_ZONE_050,2024-11-21,11,Autumn,1,0,Undetected,Drone (Suspicious),,Clear
EVT_051_01736,SGR_ZONE_051,2023-01-01,1,Winter,23,0,Undetected,Foot Patrol,,Clear
EVT_051_01737,SGR_ZONE_051,2023-01-31,1,Winter,0,0,Undetected,Foot Patrol,,Snow
EVT_051_01738,SGR_ZONE_051,2023-01-31,1,Winter,4,1,Neutralized,Foot Patrol,42.0,Cloudy
EVT_051_01739,SGR_ZONE_051,2023-03-02,3,Spring,23,1,Alert Triggered,Vehicle,35.0,Fog
EVT_051_01740,SGR_ZONE_051,2023-03-02,3,Spring,23,1,Retreated,Foot Patrol,8.0,Clear
EVT_051_01741,SGR_ZONE_051,2023-03-02,3,Spring,2,1,Retreated,Foot Patrol,49.0,Fog
EVT_051_01742,SGR_ZONE_051,2023-04-01,4,Spring,22,1,Neutralized,Vehicle,18.0,Clear
EVT_051_01743,SGR_ZONE_051,2023-04-01,4,Spring,0,1,Retreated,Foot Patrol,44.0,Cloudy
EVT_051_01744,SGR_ZONE_051,2023-05-01,5,Spring,2,0,Undetected,Unknown,,Snow
EVT_051_01745,SGR_ZONE_051,2023-05-01,5,Spring,22,0,Undetected,Foot Patrol,,Cloudy
EVT_051_01746,SGR_ZONE_051,2023-05-01,5,Spring,1,1,Retreated,Drone (Suspicious),36.0,Cloudy
EVT_051_01747,SGR_ZONE_051,2023-05-31,5,Spring,22,1,Retreated,Unknown,22.0,Clear
EVT_051_01748,SGR_ZONE_051,2023-05-31,5,Spring,1,1,Retreated,Foot Patrol,20.0,Snow
EVT_051_01749,SGR_ZONE_051,2023-05-31,5,Spring,4,0,Undetected,Drone (Suspicious),,Clear
EVT_051_01750,SGR_ZONE_051,2023-09-28,9,Autumn,0,0,Undetected,Foot Patrol,,Clear
EVT_051_01751,SGR_ZONE_051,2023-09-28,9,Autumn,0,1,Retreated,Foot Patrol,17.0,Clear
EVT_051_01752,SGR_ZONE_051,2023-09-28,9,Autumn,2,0,Undetected,Unknown,,Clear
EVT_051_01753,SGR_ZONE_051,2023-09-28,9,Autumn,1,1,Neutralized,Foot Patrol,23.0,Snow
EVT_051_01754,SGR_ZONE_051,2023-10-28,10,Autumn,23,1,Retreated,Unknown,15.0,Clear
EVT_051_01755,SGR_ZONE_051,2023-10-28,10,Autumn,0,1,Neutralized,Foot Patrol,55.0,Clear
EVT_051_01756,SGR_ZONE_051,2023-10-28,10,Autumn,22,1,Retreated,Foot Patrol,20.0,Snow
EVT_051_01757,SGR_ZONE_051,2023-10-28,10,Autumn,1,1,Retreated,Foot Patrol,54.0,Fog
EVT_051_01758,SGR_ZONE_051,2023-10-28,10,Autumn,0,0,Undetected,Unknown,,Fog
EVT_051_01759,SGR_ZONE_051,2023-11-27,11,Autumn,1,1,Neutralized,Unknown,32.0,Fog
EVT_051_01760,SGR_ZONE_051,2023-11-27,11,Autumn,0,1,Neutralized,Foot Patrol,27.0,Clear
EVT_051_01761,SGR_ZONE_051,2023-12-27,12,Winter,3,0,Undetected,Unknown,,Clear
EVT_051_01762,SGR_ZONE_051,2023-12-27,12,Winter,1,1,Neutralized,Unknown,32.0,Snow
EVT_051_01763,SGR_ZONE_051,2023-12-27,12,Winter,23,1,Alert Triggered,Vehicle,17.0,Cloudy
EVT_051_01764,SGR_ZONE_051,2024-01-26,1,Winter,2,1,Neutralized,Vehicle,59.0,Fog
EVT_051_01765,SGR_ZONE_051,2024-01-26,1,Winter,22,1,Retreated,Foot Patrol,40.0,Fog
EVT_051_01766,SGR_ZONE_051,2024-02-25,2,Winter,0,0,Undetected,Vehicle,,Fog
EVT_051_01767,SGR_ZONE_051,2024-02-25,2,Winter,0,1,Neutralized,Foot Patrol,31.0,Cloudy
EVT_051_01768,SGR_ZONE_051,2024-02-25,2,Winter,23,1,Neutralized,Vehicle,19.0,Cloudy
EVT_051_01769,SGR_ZONE_051,2024-02-25,2,Winter,2,0,Undetected,Unknown,,Cloudy
EVT_051_01770,SGR_ZONE_051,2024-03-26,3,Spring,0,0,Undetected,Vehicle,,Clear
EVT_051_01771,SGR_ZONE_051,2024-03-26,3,Spring,22,1,Retreated,Unknown,7.0,Snow
EVT_051_01772,SGR_ZONE_051,2024-04-25,4,Spring,23,1,Retreated,Foot Patrol,25.0,Snow
EVT_051_01773,SGR_ZONE_051,2024-05-25,5,Spring,22,1,Retreated,Foot Patrol,6.0,Fog
EVT_051_01774,SGR_ZONE_051,2024-05-25,5,Spring,0,1,Retreated,Foot Patrol,5.0,Clear
EVT_051_01775,SGR_ZONE_051,2024-05-25,5,Spring,0,1,Retreated,Unknown,26.0,Cloudy
EVT_051_01776,SGR_ZONE_051,2024-05-25,5,Spring,0,1,Alert Triggered,Unknown,45.0,Clear
EVT_051_01777,SGR_ZONE_051,2024-05-25,5,Spring,1,1,Retreated,Foot Patrol,12.0,Fog
EVT_051_01778,SGR_ZONE_051,2024-07-24,7,Monsoon,0,1,Retreated,Foot Patrol,38.0,Fog
EVT_051_01779,SGR_ZONE_051,2024-07-24,7,Monsoon,1,1,Alert Triggered,Unknown,41.0,Cloudy
EVT_051_01780,SGR_ZONE_051,2024-07-24,7,Monsoon,23,1,Retreated,Foot Patrol,53.0,Clear
EVT_051_01781,SGR_ZONE_051,2024-07-24,7,Monsoon,3,0,Undetected,Foot Patrol,,Clear
EVT_051_01782,SGR_ZONE_051,2024-09-22,9,Autumn,23,0,Undetected,Unknown,,Snow
EVT_051_01783,SGR_ZONE_051,2024-09-22,9,Autumn,23,1,Retreated,Drone (Suspicious),40.0,Cloudy
EVT_051_01784,SGR_ZONE_051,2024-10-22,10,Autumn,1,1,Retreated,Drone (Suspicious),18.0,Clear
EVT_051_01785,SGR_ZONE_051,2024-10-22,10,Autumn,0,0,Undetected,Drone (Suspicious),,Fog
EVT_051_01786,SGR_ZONE_051,2024-11-21,11,Autumn,2,1,Retreated,Drone (Suspicious),19.0,Cloudy
EVT_051_01787,SGR_ZONE_051,2024-11-21,11,Autumn,1,0,Undetected,Unknown,,Cloudy
EVT_051_01788,SGR_ZONE_051,2024-11-21,11,Autumn,0,1,Alert Triggered,Foot Patrol,48.0,Fog
EVT_052_01789,SGR_ZONE_052,2023-01-01,1,Winter,1,0,Undetected,Foot Patrol,,Cloudy
EVT_052_01790,SGR_ZONE_052,2023-01-01,1,Winter,22,1,Alert Triggered,Foot Patrol,18.0,Fog
EVT_052_01791,SGR_ZONE_052,2023-01-01,1,Winter,1,1,Retreated,Vehicle,10.0,Clear
EVT_052_01792,SGR_ZONE_052,2023-01-31,1,Winter,1,1,Retreated,Foot Patrol,32.0,Clear
EVT_052_01793,SGR_ZONE_052,2023-01-31,1,Winter,1,0,Undetected,Vehicle,,Cloudy
EVT_052_01794,SGR_ZONE_052,2023-03-02,3,Spring,1,1,Retreated,Unknown,19.0,Clear
EVT_052_01795,SGR_ZONE_052,2023-03-02,3,Spring,1,1,Alert Triggered,Foot Patrol,27.0,Clear
EVT_052_01796,SGR_ZONE_052,2023-03-02,3,Spring,2,1,Retreated,Vehicle,21.0,Clear
EVT_052_01797,SGR_ZONE_052,2023-03-02,3,Spring,0,1,Alert Triggered,Drone (Suspicious),59.0,Clear
EVT_052_01798,SGR_ZONE_052,2023-05-01,5,Spring,23,1,Neutralized,Foot Patrol,35.0,Snow
EVT_052_01799,SGR_ZONE_052,2023-05-01,5,Spring,1,0,Undetected,Vehicle,,Snow
EVT_052_01800,SGR_ZONE_052,2023-05-01,5,Spring,22,1,Neutralized,Vehicle,48.0,Clear
EVT_052_01801,SGR_ZONE_052,2023-05-31,5,Spring,1,0,Undetected,Vehicle,,Fog
EVT_052_01802,SGR_ZONE_052,2023-06-30,6,Monsoon,1,1,Retreated,Unknown,9.0,Snow
EVT_052_01803,SGR_ZONE_052,2023-06-30,6,Monsoon,1,1,Neutralized,Foot Patrol,57.0,Clear
EVT_052_01804,SGR_ZONE_052,2023-06-30,6,Monsoon,22,0,Undetected,Unknown,,Clear
EVT_052_01805,SGR_ZONE_052,2023-08-29,8,Monsoon,22,1,Alert Triggered,Foot Patrol,54.0,Clear
EVT_052_01806,SGR_ZONE_052,2023-09-28,9,Autumn,23,1,Neutralized,Vehicle,36.0,Fog
EVT_052_01807,SGR_ZONE_052,2023-09-28,9,Autumn,1,0,Undetected,Vehicle,,Clear
EVT_052_01808,SGR_ZONE_052,2023-09-28,9,Autumn,0,0,Undetected,Unknown,,Cloudy
EVT_052_01809,SGR_ZONE_052,2023-10-28,10,Autumn,2,0,Undetected,Foot Patrol,,Clear
EVT_052_01810,SGR_ZONE_052,2023-10-28,10,Autumn,1,0,Undetected,Foot Patrol,,Clear
EVT_052_01811,SGR_ZONE_052,2023-11-27,11,Autumn,4,0,Undetected,Foot Patrol,,Fog
EVT_052_01812,SGR_ZONE_052,2023-11-27,11,Autumn,23,1,Retreated,Vehicle,59.0,Clear
EVT_052_01813,SGR_ZONE_052,2023-11-27,11,Autumn,0,1,Retreated,Vehicle,52.0,Clear
EVT_052_01814,SGR_ZONE_052,2023-11-27,11,Autumn,22,0,Undetected,Vehicle,,Clear
EVT_052_01815,SGR_ZONE_052,2023-11-27,11,Autumn,22,1,Neutralized,Vehicle,39.0,Fog
EVT_052_01816,SGR_ZONE_052,2023-11-27,11,Autumn,22,0,Undetected,Vehicle,,Fog
EVT_052_01817,SGR_ZONE_052,2023-12-27,12,Winter,22,1,Neutralized,Vehicle,55.0,Cloudy
EVT_052_01818,SGR_ZONE_052,2023-12-27,12,Winter,23,1,Retreated,Foot Patrol,45.0,Fog
EVT_052_01819,SGR_ZONE_052,2024-01-26,1,Winter,23,1,Neutralized,Drone (Suspicious),55.0,Clear
EVT_052_01820,SGR_ZONE_052,2024-01-26,1,Winter,22,1,Neutralized,Drone (Suspicious),25.0,Fog
EVT_052_01821,SGR_ZONE_052,2024-02-25,2,Winter,22,0,Undetected,Unknown,,Fog
EVT_052_01822,SGR_ZONE_052,2024-02-25,2,Winter,1,0,Undetected,Vehicle,,Fog
EVT_052_01823,SGR_ZONE_052,2024-03-26,3,Spring,1,1,Retreated,Vehicle,7.0,Fog
EVT_052_01824,SGR_ZONE_052,2024-03-26,3,Spring,22,1,Neutralized,Vehicle,8.0,Fog
EVT_052_01825,SGR_ZONE_052,2024-04-25,4,Spring,0,1,Neutralized,Unknown,31.0,Snow
EVT_052_01826,SGR_ZONE_052,2024-05-25,5,Spring,22,1,Alert Triggered,Vehicle,41.0,Clear
EVT_052_01827,SGR_ZONE_052,2024-05-25,5,Spring,22,0,Undetected,Vehicle,,Fog
EVT_052_01828,SGR_ZONE_052,2024-05-25,5,Spring,22,1,Alert Triggered,Drone (Suspicious),34.0,Clear
EVT_052_01829,SGR_ZONE_052,2024-05-25,5,Spring,0,0,Undetected,Foot Patrol,,Fog
EVT_052_01830,SGR_ZONE_052,2024-05-25,5,Spring,3,0,Undetected,Vehicle,,Clear
EVT_052_01831,SGR_ZONE_052,2024-07-24,7,Monsoon,23,1,Neutralized,Foot Patrol,32.0,Snow
EVT_052_01832,SGR_ZONE_052,2024-09-22,9,Autumn,23,0,Undetected,Foot Patrol,,Fog
EVT_052_01833,SGR_ZONE_052,2024-09-22,9,Autumn,1,1,Neutralized,Foot Patrol,40.0,Cloudy
EVT_052_01834,SGR_ZONE_052,2024-09-22,9,Autumn,0,1,Retreated,Vehicle,14.0,Cloudy
EVT_053_01835,SGR_ZONE_053,2023-01-01,1,Winter,1,1,Retreated,Vehicle,43.0,Cloudy
EVT_053_01836,SGR_ZONE_053,2023-01-01,1,Winter,2,1,Alert Triggered,Vehicle,9.0,Cloudy
EVT_053_01837,SGR_ZONE_053,2023-01-31,1,Winter,22,1,Retreated,Foot Patrol,31.0,Snow
EVT_053_01838,SGR_ZONE_053,2023-01-31,1,Winter,0,1,Retreated,Drone (Suspicious),14.0,Clear
EVT_053_01839,SGR_ZONE_053,2023-01-31,1,Winter,0,1,Neutralized,Vehicle,8.0,Cloudy
EVT_053_01840,SGR_ZONE_053,2023-01-31,1,Winter,0,1,Retreated,Unknown,49.0,Cloudy
EVT_053_01841,SGR_ZONE_053,2023-03-02,3,Spring,3,1,Retreated,Foot Patrol,55.0,Clear
EVT_053_01842,SGR_ZONE_053,2023-03-02,3,Spring,4,1,Retreated,Drone (Suspicious),11.0,Cloudy
EVT_053_01843,SGR_ZONE_053,2023-03-02,3,Spring,22,1,Neutralized,Vehicle,43.0,Cloudy
EVT_053_01844,SGR_ZONE_053,2023-04-01,4,Spring,23,1,Retreated,Foot Patrol,43.0,Clear
EVT_053_01845,SGR_ZONE_053,2023-04-01,4,Spring,1,1,Retreated,Foot Patrol,27.0,Clear
EVT_053_01846,SGR_ZONE_053,2023-04-01,4,Spring,1,0,Undetected,Foot Patrol,,Fog
EVT_053_01847,SGR_ZONE_053,2023-05-31,5,Spring,2,1,Neutralized,Foot Patrol,21.0,Fog
EVT_053_01848,SGR_ZONE_053,2023-08-29,8,Monsoon,0,1,Retreated,Foot Patrol,39.0,Cloudy
EVT_053_01849,SGR_ZONE_053,2023-08-29,8,Monsoon,23,1,Alert Triggered,Drone (Suspicious),33.0,Clear
EVT_053_01850,SGR_ZONE_053,2023-08-29,8,Monsoon,0,0,Undetected,Vehicle,,Cloudy
EVT_053_01851,SGR_ZONE_053,2023-11-27,11,Autumn,0,0,Undetected,Unknown,,Clear
EVT_053_01852,SGR_ZONE_053,2023-12-27,12,Winter,0,1,Alert Triggered,Foot Patrol,45.0,Cloudy
EVT_053_01853,SGR_ZONE_053,2023-12-27,12,Winter,1,0,Undetected,Unknown,,Clear
EVT_053_01854,SGR_ZONE_053,2023-12-27,12,Winter,0,0,Undetected,Foot Patrol,,Fog
EVT_053_01855,SGR_ZONE_053,2024-01-26,1,Winter,0,1,Retreated,Foot Patrol,44.0,Clear
EVT_053_01856,SGR_ZONE_053,2024-01-26,1,Winter,0,1,Neutralized,Foot Patrol,10.0,Snow
EVT_053_01857,SGR_ZONE_053,2024-01-26,1,Winter,22,0,Undetected,Unknown,,Snow
EVT_053_01858,SGR_ZONE_053,2024-01-26,1,Winter,0,1,Retreated,Unknown,40.0,Clear
EVT_053_01859,SGR_ZONE_053,2024-02-25,2,Winter,0,0,Undetected,Vehicle,,Clear
EVT_053_01860,SGR_ZONE_053,2024-03-26,3,Spring,2,1,Retreated,Unknown,56.0,Cloudy
EVT_053_01861,SGR_ZONE_053,2024-04-25,4,Spring,2,1,Neutralized,Unknown,58.0,Clear
EVT_053_01862,SGR_ZONE_053,2024-04-25,4,Spring,22,1,Retreated,Foot Patrol,51.0,Fog
EVT_053_01863,SGR_ZONE_053,2024-04-25,4,Spring,23,0,Undetected,Foot Patrol,,Clear
EVT_053_01864,SGR_ZONE_053,2024-04-25,4,Spring,1,1,Retreated,Unknown,56.0,Clear
EVT_053_01865,SGR_ZONE_053,2024-04-25,4,Spring,0,1,Neutralized,Foot Patrol,9.0,Cloudy
EVT_053_01866,SGR_ZONE_053,2024-05-25,5,Spring,1,1,Retreated,Unknown,12.0,Cloudy
EVT_053_01867,SGR_ZONE_053,2024-05-25,5,Spring,2,1,Neutralized,Foot Patrol,34.0,Clear
EVT_053_01868,SGR_ZONE_053,2024-05-25,5,Spring,1,1,Alert Triggered,Unknown,38.0,Fog
EVT_053_01869,SGR_ZONE_053,2024-08-23,8,Monsoon,22,1,Alert Triggered,Unknown,29.0,Clear
EVT_053_01870,SGR_ZONE_053,2024-08-23,8,Monsoon,23,1,Retreated,Foot Patrol,36.0,Clear
EVT_053_01871,SGR_ZONE_053,2024-08-23,8,Monsoon,0,1,Neutralized,Foot Patrol,43.0,Cloudy
EVT_053_01872,SGR_ZONE_053,2024-08-23,8,Monsoon,0,1,Retreated,Foot Patrol,20.0,Snow
EVT_053_01873,SGR_ZONE_053,2024-09-22,9,Autumn,0,1,Retreated,Foot Patrol,21.0,Clear
EVT_053_01874,SGR_ZONE_053,2024-09-22,9,Autumn,2,1,Alert Triggered,Unknown,14.0,Clear
EVT_053_01875,SGR_ZONE_053,2024-09-22,9,Autumn,0,0,Undetected,Foot Patrol,,Fog
EVT_053_01876,SGR_ZONE_053,2024-09-22,9,Autumn,0,0,Undetected,Foot Patrol,,Clear
EVT_053_01877,SGR_ZONE_053,2024-10-22,10,Autumn,23,1,Alert Triggered,Vehicle,45.0,Clear
EVT_053_01878,SGR_ZONE_053,2024-10-22,10,Autumn,22,1,Retreated,Unknown,7.0,Clear
EVT_053_01879,SGR_ZONE_053,2024-10-22,10,Autumn,23,1,Neutralized,Unknown,54.0,Cloudy
EVT_053_01880,SGR_ZONE_053,2024-10-22,10,Autumn,23,1,Retreated,Foot Patrol,6.0,Fog
EVT_053_01881,SGR_ZONE_053,2024-10-22,10,Autumn,23,1,Neutralized,Unknown,42.0,Clear
EVT_054_01882,SGR_ZONE_054,2023-01-01,1,Winter,23,1,Retreated,Unknown,13.0,Clear
EVT_054_01883,SGR_ZONE_054,2023-01-01,1,Winter,23,1,Neutralized,Unknown,25.0,Clear
EVT_054_01884,SGR_ZONE_054,2023-01-31,1,Winter,23,0,Undetected,Vehicle,,Snow
EVT_054_01885,SGR_ZONE_054,2023-01-31,1,Winter,4,0,Undetected,Vehicle,,Fog
EVT_054_01886,SGR_ZONE_054,2023-03-02,3,Spring,1,0,Undetected,Foot Patrol,,Cloudy
EVT_054_01887,SGR_ZONE_054,2023-04-01,4,Spring,1,0,Undetected,Foot Patrol,,Clear
EVT_054_01888,SGR_ZONE_054,2023-05-01,5,Spring,0,0,Undetected,Drone (Suspicious),,Clear
EVT_054_01889,SGR_ZONE_054,2023-05-01,5,Spring,22,1,Neutralized,Foot Patrol,25.0,Snow
EVT_054_01890,SGR_ZONE_054,2023-05-01,5,Spring,2,0,Undetected,Unknown,,Fog
EVT_054_01891,SGR_ZONE_054,2023-05-01,5,Spring,3,1,Retreated,Vehicle,42.0,Snow
EVT_054_01892,SGR_ZONE_054,2023-05-31,5,Spring,22,1,Neutralized,Foot Patrol,8.0,Clear
EVT_054_01893,SGR_ZONE_054,2023-05-31,5,Spring,0,1,Retreated,Unknown,20.0,Fog
EVT_054_01894,SGR_ZONE_054,2023-06-30,6,Monsoon,0,0,Undetected,Foot Patrol,,Cloudy
EVT_054_01895,SGR_ZONE_054,2023-06-30,6,Monsoon,23,1,Neutralized,Foot Patrol,9.0,Fog
EVT_054_01896,SGR_ZONE_054,2023-06-30,6,Monsoon,4,1,Neutralized,Unknown,9.0,Clear
EVT_054_01897,SGR_ZONE_054,2023-06-30,6,Monsoon,23,1,Neutralized,Foot Patrol,53.0,Fog
EVT_054_01898,SGR_ZONE_054,2023-06-30,6,Monsoon,1,1,Alert Triggered,Unknown,52.0,Cloudy
EVT_054_01899,SGR_ZONE_054,2023-07-30,7,Monsoon,4,0,Undetected,Foot Patrol,,Fog
EVT_054_01900,SGR_ZONE_054,2023-07-30,7,Monsoon,23,1,Neutralized,Foot Patrol,21.0,Clear
EVT_054_01901,SGR_ZONE_054,2023-07-30,7,Monsoon,23,1,Alert Triggered,Vehicle,33.0,Fog
EVT_054_01902,SGR_ZONE_054,2023-10-28,10,Autumn,22,1,Alert Triggered,Unknown,48.0,Clear
EVT_054_01903,SGR_ZONE_054,2023-11-27,11,Autumn,0,1,Retreated,Foot Patrol,52.0,Cloudy
EVT_054_01904,SGR_ZONE_054,2023-11-27,11,Autumn,0,1,Neutralized,Unknown,51.0,Clear
EVT_054_01905,SGR_ZONE_054,2023-12-27,12,Winter,22,1,Alert Triggered,Drone (Suspicious),50.0,Fog
EVT_054_01906,SGR_ZONE_054,2023-12-27,12,Winter,1,1,Retreated,Unknown,17.0,Clear
EVT_054_01907,SGR_ZONE_054,2024-01-26,1,Winter,0,1,Retreated,Unknown,44.0,Cloudy
EVT_054_01908,SGR_ZONE_054,2024-02-25,2,Winter,4,1,Alert Triggered,Foot Patrol,51.0,Fog
EVT_054_01909,SGR_ZONE_054,2024-03-26,3,Spring,0,1,Retreated,Drone (Suspicious),5.0,Clear
EVT_054_01910,SGR_ZONE_054,2024-03-26,3,Spring,2,1,Retreated,Foot Patrol,8.0,Fog
EVT_054_01911,SGR_ZONE_054,2024-03-26,3,Spring,1,0,Undetected,Drone (Suspicious),,Cloudy
EVT_054_01912,SGR_ZONE_054,2024-04-25,4,Spring,22,0,Undetected,Foot Patrol,,Fog
EVT_054_01913,SGR_ZONE_054,2024-04-25,4,Spring,23,1,Neutralized,Vehicle,8.0,Clear
EVT_054_01914,SGR_ZONE_054,2024-05-25,5,Spring,1,0,Undetected,Foot Patrol,,Clear
EVT_054_01915,SGR_ZONE_054,2024-09-22,9,Autumn,1,1,Neutralized,Foot Patrol,21.0,Clear
EVT_054_01916,SGR_ZONE_054,2024-09-22,9,Autumn,0,1,Retreated,Unknown,15.0,Clear
EVT_054_01917,SGR_ZONE_054,2024-10-22,10,Autumn,1,1,Retreated,Foot Patrol,34.0,Cloudy
EVT_054_01918,SGR_ZONE_054,2024-10-22,10,Autumn,2,1,Alert Triggered,Vehicle,22.0,Snow
EVT_054_01919,SGR_ZONE_054,2024-10-22,10,Autumn,2,1,Neutralized,Unknown,42.0,Clear
EVT_054_01920,SGR_ZONE_054,2024-10-22,10,Autumn,22,1,Neutralized,Unknown,53.0,Clear
EVT_054_01921,SGR_ZONE_054,2024-11-21,11,Autumn,2,0,Undetected,Foot Patrol,,Clear
EVT_054_01922,SGR_ZONE_054,2024-11-21,11,Autumn,1,0,Undetected,Drone (Suspicious),,Fog
EVT_054_01923,SGR_ZONE_054,2024-11-21,11,Autumn,3,1,Neutralized,Foot Patrol,56.0,Clear
EVT_054_01924,SGR_ZONE_054,2024-11-21,11,Autumn,23,0,Undetected,Foot Patrol,,Clear
EVT_055_01925,SGR_ZONE_055,2023-05-01,5,Spring,22,1,Alert Triggered,Foot Patrol,14.0,Snow
EVT_055_01926,SGR_ZONE_055,2023-05-01,5,Spring,0,1,Alert Triggered,Unknown,27.0,Cloudy
EVT_055_01927,SGR_ZONE_055,2023-06-30,6,Monsoon,1,1,Neutralized,Vehicle,35.0,Clear
EVT_055_01928,SGR_ZONE_055,2023-06-30,6,Monsoon,1,0,Undetected,Unknown,,Cloudy
EVT_055_01929,SGR_ZONE_055,2023-06-30,6,Monsoon,3,0,Undetected,Foot Patrol,,Clear
EVT_055_01930,SGR_ZONE_055,2023-06-30,6,Monsoon,22,1,Neutralized,Foot Patrol,32.0,Snow
EVT_055_01931,SGR_ZONE_055,2023-10-28,10,Autumn,22,0,Undetected,Unknown,,Fog
EVT_055_01932,SGR_ZONE_055,2023-10-28,10,Autumn,0,1,Alert Triggered,Unknown,54.0,Snow
EVT_055_01933,SGR_ZONE_055,2023-10-28,10,Autumn,23,1,Neutralized,Foot Patrol,19.0,Clear
EVT_055_01934,SGR_ZONE_055,2023-11-27,11,Autumn,22,1,Retreated,Drone (Suspicious),17.0,Snow
EVT_055_01935,SGR_ZONE_055,2024-01-26,1,Winter,1,1,Alert Triggered,Foot Patrol,18.0,Clear
EVT_055_01936,SGR_ZONE_055,2024-01-26,1,Winter,1,1,Alert Triggered,Foot Patrol,10.0,Clear
EVT_055_01937,SGR_ZONE_055,2024-01-26,1,Winter,1,1,Retreated,Foot Patrol,35.0,Snow
EVT_055_01938,SGR_ZONE_055,2024-01-26,1,Winter,22,1,Neutralized,Foot Patrol,31.0,Clear
EVT_055_01939,SGR_ZONE_055,2024-02-25,2,Winter,1,1,Alert Triggered,Foot Patrol,7.0,Cloudy
EVT_055_01940,SGR_ZONE_055,2024-02-25,2,Winter,1,1,Retreated,Foot Patrol,51.0,Cloudy
EVT_055_01941,SGR_ZONE_055,2024-02-25,2,Winter,0,1,Retreated,Vehicle,50.0,Fog
EVT_055_01942,SGR_ZONE_055,2024-05-25,5,Spring,0,1,Retreated,Vehicle,13.0,Clear
EVT_055_01943,SGR_ZONE_055,2024-05-25,5,Spring,22,1,Retreated,Vehicle,11.0,Clear
EVT_055_01944,SGR_ZONE_055,2024-09-22,9,Autumn,22,1,Retreated,Unknown,28.0,Cloudy
EVT_055_01945,SGR_ZONE_055,2024-09-22,9,Autumn,0,1,Neutralized,Vehicle,21.0,Clear
EVT_056_01946,SGR_ZONE_056,2023-01-01,1,Winter,23,1,Retreated,Vehicle,50.0,Fog
EVT_056_01947,SGR_ZONE_056,2023-01-31,1,Winter,1,1,Retreated,Foot Patrol,21.0,Fog
EVT_056_01948,SGR_ZONE_056,2023-01-31,1,Winter,1,1,Neutralized,Unknown,12.0,Cloudy
EVT_056_01949,SGR_ZONE_056,2023-01-31,1,Winter,1,0,Undetected,Unknown,,Cloudy
EVT_056_01950,SGR_ZONE_056,2023-03-02,3,Spring,23,1,Retreated,Unknown,56.0,Clear
EVT_056_01951,SGR_ZONE_056,2023-03-02,3,Spring,0,1,Alert Triggered,Foot Patrol,39.0,Clear
EVT_056_01952,SGR_ZONE_056,2023-03-02,3,Spring,0,1,Neutralized,Drone (Suspicious),26.0,Clear
EVT_056_01953,SGR_ZONE_056,2023-03-02,3,Spring,23,0,Undetected,Foot Patrol,,Clear
EVT_056_01954,SGR_ZONE_056,2023-03-02,3,Spring,1,1,Neutralized,Unknown,9.0,Cloudy
EVT_056_01955,SGR_ZONE_056,2023-03-02,3,Spring,0,1,Neutralized,Foot Patrol,29.0,Clear
EVT_056_01956,SGR_ZONE_056,2023-03-02,3,Spring,22,0,Undetected,Foot Patrol,,Cloudy
EVT_056_01957,SGR_ZONE_056,2023-04-01,4,Spring,1,0,Undetected,Foot Patrol,,Clear
EVT_056_01958,SGR_ZONE_056,2023-04-01,4,Spring,22,1,Neutralized,Foot Patrol,37.0,Snow
EVT_056_01959,SGR_ZONE_056,2023-05-01,5,Spring,1,1,Neutralized,Foot Patrol,42.0,Clear
EVT_056_01960,SGR_ZONE_056,2023-05-01,5,Spring,0,1,Neutralized,Unknown,30.0,Clear
EVT_056_01961,SGR_ZONE_056,2023-05-31,5,Spring,0,1,Retreated,Unknown,26.0,Cloudy
EVT_056_01962,SGR_ZONE_056,2023-05-31,5,Spring,0,0,Undetected,Drone (Suspicious),,Fog
EVT_056_01963,SGR_ZONE_056,2023-09-28,9,Autumn,0,1,Alert Triggered,Vehicle,16.0,Fog
EVT_056_01964,SGR_ZONE_056,2023-09-28,9,Autumn,3,1,Retreated,Unknown,47.0,Clear
EVT_056_01965,SGR_ZONE_056,2023-09-28,9,Autumn,1,0,Undetected,Drone (Suspicious),,Clear
EVT_056_01966,SGR_ZONE_056,2024-02-25,2,Winter,2,1,Retreated,Foot Patrol,35.0,Clear
EVT_056_01967,SGR_ZONE_056,2024-03-26,3,Spring,22,1,Retreated,Vehicle,42.0,Clear
EVT_056_01968,SGR_ZONE_056,2024-03-26,3,Spring,22,1,Retreated,Drone (Suspicious),52.0,Clear
EVT_056_01969,SGR_ZONE_056,2024-03-26,3,Spring,22,1,Neutralized,Vehicle,29.0,Clear
EVT_056_01970,SGR_ZONE_056,2024-03-26,3,Spring,23,1,Neutralized,Vehicle,50.0,Fog
EVT_056_01971,SGR_ZONE_056,2024-05-25,5,Spring,22,0,Undetected,Unknown,,Clear
EVT_056_01972,SGR_ZONE_056,2024-05-25,5,Spring,22,0,Undetected,Foot Patrol,,Clear
EVT_056_01973,SGR_ZONE_056,2024-05-25,5,Spring,4,1,Retreated,Drone (Suspicious),49.0,Clear
EVT_056_01974,SGR_ZONE_056,2024-10-22,10,Autumn,4,1,Alert Triggered,Vehicle,19.0,Fog
EVT_056_01975,SGR_ZONE_056,2024-10-22,10,Autumn,22,1,Retreated,Foot Patrol,22.0,Fog
EVT_056_01976,SGR_ZONE_056,2024-10-22,10,Autumn,1,1,Neutralized,Unknown,35.0,Fog
EVT_057_01977,SGR_ZONE_057,2023-01-01,1,Winter,1,0,Undetected,Foot Patrol,,Snow
EVT_057_01978,SGR_ZONE_057,2023-01-01,1,Winter,23,1,Neutralized,Drone (Suspicious),14.0,Fog
EVT_057_01979,SGR_ZONE_057,2023-01-01,1,Winter,23,1,Alert Triggered,Foot Patrol,57.0,Fog
EVT_057_01980,SGR_ZONE_057,2023-01-31,1,Winter,4,1,Retreated,Foot Patrol,16.0,Clear
EVT_057_01981,SGR_ZONE_057,2023-03-02,3,Spring,1,1,Neutralized,Vehicle,45.0,Cloudy
EVT_057_01982,SGR_ZONE_057,2023-03-02,3,Spring,1,0,Undetected,Unknown,,Fog
EVT_057_01983,SGR_ZONE_057,2023-03-02,3,Spring,2,1,Retreated,Foot Patrol,27.0,Clear
EVT_057_01984,SGR_ZONE_057,2023-05-01,5,Spring,4,1,Alert Triggered,Foot Patrol,12.0,Cloudy
EVT_057_01985,SGR_ZONE_057,2023-05-31,5,Spring,23,1,Retreated,Vehicle,33.0,Cloudy
EVT_057_01986,SGR_ZONE_057,2023-06-30,6,Monsoon,23,1,Retreated,Foot Patrol,28.0,Clear
EVT_057_01987,SGR_ZONE_057,2023-06-30,6,Monsoon,23,1,Retreated,Unknown,36.0,Clear
EVT_057_01988,SGR_ZONE_057,2023-06-30,6,Monsoon,22,0,Undetected,Unknown,,Snow
EVT_057_01989,SGR_ZONE_057,2023-06-30,6,Monsoon,23,0,Undetected,Unknown,,Cloudy
EVT_057_01990,SGR_ZONE_057,2023-06-30,6,Monsoon,0,1,Retreated,Foot Patrol,30.0,Fog
EVT_057_01991,SGR_ZONE_057,2024-04-25,4,Spring,22,1,Neutralized,Unknown,45.0,Cloudy
EVT_057_01992,SGR_ZONE_057,2024-04-25,4,Spring,1,1,Alert Triggered,Unknown,8.0,Clear
EVT_057_01993,SGR_ZONE_057,2024-05-25,5,Spring,1,1,Alert Triggered,Foot Patrol,46.0,Clear
EVT_057_01994,SGR_ZONE_057,2024-05-25,5,Spring,23,1,Retreated,Foot Patrol,5.0,Cloudy
EVT_057_01995,SGR_ZONE_057,2024-05-25,5,Spring,4,0,Undetected,Vehicle,,Snow
EVT_057_01996,SGR_ZONE_057,2024-06-24,6,Monsoon,1,1,Retreated,Foot Patrol,21.0,Cloudy
EVT_057_01997,SGR_ZONE_057,2024-06-24,6,Monsoon,0,0,Undetected,Unknown,,Clear
EVT_057_01998,SGR_ZONE_057,2024-06-24,6,Monsoon,22,1,Alert Triggered,Unknown,16.0,Cloudy
EVT_057_01999,SGR_ZONE_057,2024-06-24,6,Monsoon,23,0,Undetected,Foot Patrol,,Clear
EVT_057_02000,SGR_ZONE_057,2024-08-23,8,Monsoon,2,1,Retreated,Vehicle,33.0,Cloudy
EVT_057_02001,SGR_ZONE_057,2024-11-21,11,Autumn,0,1,Alert Triggered,Foot Patrol,37.0,Cloudy
EVT_058_02002,SGR_ZONE_058,2023-01-01,1,Winter,22,1,Neutralized,Foot Patrol,51.0,Cloudy
EVT_058_02003,SGR_ZONE_058,2023-01-01,1,Winter,23,1,Neutralized,Unknown,8.0,Snow
EVT_058_02004,SGR_ZONE_058,2023-01-31,1,Winter,22,1,Alert Triggered,Vehicle,54.0,Cloudy
EVT_058_02005,SGR_ZONE_058,2023-01-31,1,Winter,1,1,Retreated,Drone (Suspicious),24.0,Clear
EVT_058_02006,SGR_ZONE_058,2023-03-02,3,Spring,1,0,Undetected,Unknown,,Snow
EVT_058_02007,SGR_ZONE_058,2023-04-01,4,Spring,0,1,Retreated,Drone (Suspicious),27.0,Fog
EVT_058_02008,SGR_ZONE_058,2023-04-01,4,Spring,1,0,Undetected,Foot Patrol,,Cloudy
EVT_058_02009,SGR_ZONE_058,2023-04-01,4,Spring,23,0,Undetected,Foot Patrol,,Clear
EVT_058_02010,SGR_ZONE_058,2023-04-01,4,Spring,22,1,Alert Triggered,Foot Patrol,40.0,Cloudy
EVT_058_02011,SGR_ZONE_058,2023-05-01,5,Spring,0,0,Undetected,Unknown,,Cloudy
EVT_058_02012,SGR_ZONE_058,2023-05-31,5,Spring,1,1,Retreated,Unknown,29.0,Cloudy
EVT_058_02013,SGR_ZONE_058,2023-05-31,5,Spring,0,1,Alert Triggered,Unknown,43.0,Clear
EVT_058_02014,SGR_ZONE_058,2023-06-30,6,Monsoon,0,1,Neutralized,Foot Patrol,55.0,Snow
EVT_058_02015,SGR_ZONE_058,2023-06-30,6,Monsoon,23,1,Retreated,Foot Patrol,57.0,Clear
EVT_058_02016,SGR_ZONE_058,2023-06-30,6,Monsoon,2,1,Alert Triggered,Foot Patrol,18.0,Cloudy
EVT_058_02017,SGR_ZONE_058,2023-06-30,6,Monsoon,0,1,Retreated,Foot Patrol,34.0,Clear
EVT_058_02018,SGR_ZONE_058,2023-07-30,7,Monsoon,4,1,Retreated,Foot Patrol,40.0,Cloudy
EVT_058_02019,SGR_ZONE_058,2023-07-30,7,Monsoon,1,1,Neutralized,Foot Patrol,59.0,Cloudy
EVT_058_02020,SGR_ZONE_058,2023-10-28,10,Autumn,0,0,Undetected,Foot Patrol,,Cloudy
EVT_058_02021,SGR_ZONE_058,2023-10-28,10,Autumn,22,1,Retreated,Vehicle,24.0,Cloudy
EVT_058_02022,SGR_ZONE_058,2023-10-28,10,Autumn,0,1,Retreated,Unknown,34.0,Fog
EVT_058_02023,SGR_ZONE_058,2023-12-27,12,Winter,1,1,Retreated,Unknown,58.0,Clear
EVT_058_02024,SGR_ZONE_058,2023-12-27,12,Winter,0,1,Alert Triggered,Unknown,12.0,Clear
EVT_058_02025,SGR_ZONE_058,2024-01-26,1,Winter,22,1,Retreated,Foot Patrol,41.0,Clear
EVT_058_02026,SGR_ZONE_058,2024-01-26,1,Winter,0,1,Alert Triggered,Foot Patrol,9.0,Clear
EVT_058_02027,SGR_ZONE_058,2024-02-25,2,Winter,0,1,Neutralized,Vehicle,52.0,Fog
EVT_058_02028,SGR_ZONE_058,2024-02-25,2,Winter,2,1,Retreated,Vehicle,8.0,Clear
EVT_058_02029,SGR_ZONE_058,2024-02-25,2,Winter,2,1,Retreated,Unknown,18.0,Fog
EVT_058_02030,SGR_ZONE_058,2024-02-25,2,Winter,23,1,Neutralized,Drone (Suspicious),14.0,Snow
EVT_058_02031,SGR_ZONE_058,2024-02-25,2,Winter,0,1,Retreated,Unknown,48.0,Cloudy
EVT_058_02032,SGR_ZONE_058,2024-02-25,2,Winter,0,1,Retreated,Foot Patrol,13.0,Cloudy
EVT_058_02033,SGR_ZONE_058,2024-03-26,3,Spring,23,1,Retreated,Foot Patrol,47.0,Fog
EVT_058_02034,SGR_ZONE_058,2024-03-26,3,Spring,23,1,Alert Triggered,Foot Patrol,45.0,Cloudy
EVT_058_02035,SGR_ZONE_058,2024-04-25,4,Spring,22,1,Retreated,Foot Patrol,49.0,Cloudy
EVT_058_02036,SGR_ZONE_058,2024-04-25,4,Spring,3,1,Neutralized,Foot Patrol,37.0,Snow
EVT_058_02037,SGR_ZONE_058,2024-04-25,4,Spring,2,1,Alert Triggered,Vehicle,51.0,Fog
EVT_058_02038,SGR_ZONE_058,2024-05-25,5,Spring,1,1,Retreated,Foot Patrol,47.0,Fog
EVT_058_02039,SGR_ZONE_058,2024-05-25,5,Spring,23,1,Neutralized,Foot Patrol,42.0,Clear
EVT_058_02040,SGR_ZONE_058,2024-09-22,9,Autumn,2,0,Undetected,Foot Patrol,,Clear
EVT_058_02041,SGR_ZONE_058,2024-09-22,9,Autumn,0,1,Neutralized,Foot Patrol,26.0,Cloudy
EVT_058_02042,SGR_ZONE_058,2024-09-22,9,Autumn,23,0,Undetected,Foot Patrol,,Cloudy
EVT_058_02043,SGR_ZONE_058,2024-09-22,9,Autumn,1,1,Alert Triggered,Drone (Suspicious),13.0,Clear
EVT_059_02044,SGR_ZONE_059,2023-01-01,1,Winter,1,1,Retreated,Foot Patrol,22.0,Fog
EVT_059_02045,SGR_ZONE_059,2023-01-01,1,Winter,1,1,Neutralized,Vehicle,10.0,Clear
EVT_059_02046,SGR_ZONE_059,2023-01-31,1,Winter,3,1,Neutralized,Vehicle,30.0,Fog
EVT_059_02047,SGR_ZONE_059,2023-01-31,1,Winter,1,1,Neutralized,Foot Patrol,35.0,Snow
EVT_059_02048,SGR_ZONE_059,2023-01-31,1,Winter,2,1,Retreated,Foot Patrol,15.0,Clear
EVT_059_02049,SGR_ZONE_059,2023-03-02,3,Spring,1,1,Neutralized,Foot Patrol,11.0,Cloudy
EVT_059_02050,SGR_ZONE_059,2023-03-02,3,Spring,0,0,Undetected,Unknown,,Clear
EVT_059_02051,SGR_ZONE_059,2023-03-02,3,Spring,22,1,Neutralized,Foot Patrol,35.0,Fog
EVT_059_02052,SGR_ZONE_059,2023-03-02,3,Spring,2,1,Retreated,Drone (Suspicious),57.0,Clear
EVT_059_02053,SGR_ZONE_059,2023-03-02,3,Spring,2,1,Retreated,Foot Patrol,55.0,Clear
EVT_059_02054,SGR_ZONE_059,2023-04-01,4,Spring,4,0,Undetected,Foot Patrol,,Clear
EVT_059_02055,SGR_ZONE_059,2023-04-01,4,Spring,2,1,Retreated,Unknown,58.0,Cloudy
EVT_059_02056,SGR_ZONE_059,2023-04-01,4,Spring,0,1,Alert Triggered,Drone (Suspicious),25.0,Clear
EVT_059_02057,SGR_ZONE_059,2023-05-01,5,Spring,1,1,Neutralized,Foot Patrol,21.0,Clear
EVT_059_02058,SGR_ZONE_059,2023-05-31,5,Spring,23,1,Retreated,Unknown,37.0,Clear
EVT_059_02059,SGR_ZONE_059,2023-05-31,5,Spring,1,0,Undetected,Foot Patrol,,Clear
EVT_059_02060,SGR_ZONE_059,2023-05-31,5,Spring,23,1,Retreated,Drone (Suspicious),58.0,Fog
EVT_059_02061,SGR_ZONE_059,2023-09-28,9,Autumn,0,1,Neutralized,Vehicle,35.0,Clear
EVT_059_02062,SGR_ZONE_059,2023-09-28,9,Autumn,0,1,Neutralized,Unknown,56.0,Cloudy
EVT_059_02063,SGR_ZONE_059,2024-11-21,11,Autumn,0,1,Retreated,Unknown,48.0,Clear
EVT_059_02064,SGR_ZONE_059,2024-11-21,11,Autumn,22,1,Retreated,Foot Patrol,48.0,Clear
EVT_060_02065,SGR_ZONE_060,2023-01-01,1,Winter,1,1,Retreated,Foot Patrol,14.0,Clear
EVT_060_02066,SGR_ZONE_060,2023-01-01,1,Winter,2,1,Retreated,Vehicle,57.0,Snow
EVT_060_02067,SGR_ZONE_060,2023-01-31,1,Winter,0,1,Retreated,Unknown,7.0,Clear
EVT_060_02068,SGR_ZONE_060,2023-01-31,1,Winter,23,1,Neutralized,Foot Patrol,21.0,Clear
EVT_060_02069,SGR_ZONE_060,2023-03-02,3,Spring,0,1,Retreated,Foot Patrol,47.0,Cloudy
EVT_060_02070,SGR_ZONE_060,2023-03-02,3,Spring,2,1,Neutralized,Vehicle,37.0,Clear
EVT_060_02071,SGR_ZONE_060,2023-03-02,3,Spring,4,1,Retreated,Vehicle,19.0,Clear
EVT_060_02072,SGR_ZONE_060,2023-05-01,5,Spring,2,1,Alert Triggered,Foot Patrol,14.0,Clear
EVT_060_02073,SGR_ZONE_060,2023-05-01,5,Spring,1,1,Neutralized,Vehicle,54.0,Clear
EVT_060_02074,SGR_ZONE_060,2023-09-28,9,Autumn,0,1,Alert Triggered,Foot Patrol,41.0,Clear
EVT_060_02075,SGR_ZONE_060,2023-09-28,9,Autumn,2,1,Alert Triggered,Foot Patrol,29.0,Cloudy
EVT_060_02076,SGR_ZONE_060,2023-09-28,9,Autumn,2,1,Alert Triggered,Vehicle,16.0,Clear
EVT_060_02077,SGR_ZONE_060,2023-12-27,12,Winter,2,1,Retreated,Unknown,33.0,Fog
EVT_060_02078,SGR_ZONE_060,2023-12-27,12,Winter,23,1,Alert Triggered,Foot Patrol,56.0,Cloudy
EVT_060_02079,SGR_ZONE_060,2023-12-27,12,Winter,22,1,Retreated,Vehicle,50.0,Fog
EVT_060_02080,SGR_ZONE_060,2024-01-26,1,Winter,1,1,Retreated,Foot Patrol,46.0,Cloudy
EVT_060_02081,SGR_ZONE_060,2024-01-26,1,Winter,3,1,Retreated,Vehicle,48.0,Clear
EVT_060_02082,SGR_ZONE_060,2024-03-26,3,Spring,23,1,Neutralized,Foot Patrol,42.0,Clear
EVT_060_02083,SGR_ZONE_060,2024-03-26,3,Spring,23,1,Neutralized,Foot Patrol,53.0,Fog
EVT_060_02084,SGR_ZONE_060,2024-04-25,4,Spring,22,0,Undetected,Foot Patrol,,Clear
EVT_060_02085,SGR_ZONE_060,2024-04-25,4,Spring,23,1,Retreated,Vehicle,51.0,Snow
EVT_060_02086,SGR_ZONE_060,2024-04-25,4,Spring,22,1,Neutralized,Vehicle,36.0,Fog
EVT_060_02087,SGR_ZONE_060,2024-09-22,9,Autumn,22,1,Retreated,Foot Patrol,24.0,Clear
EVT_060_02088,SGR_ZONE_060,2024-11-21,11,Autumn,0,1,Neutralized,Foot Patrol,39.0,Snow
EVT_060_02089,SGR_ZONE_060,2024-11-21,11,Autumn,0,1,Neutralized,Foot Patrol,38.0,Clear
EVT_060_02090,SGR_ZONE_060,2024-11-21,11,Autumn,22,1,Retreated,Vehicle,20.0,Clear
EVT_061_02091,SGR_ZONE_061,2023-01-01,1,Winter,1,1,Alert Triggered,Foot Patrol,12.0,Fog
EVT_061_02092,SGR_ZONE_061,2023-01-01,1,Winter,23,1,Retreated,Foot Patrol,45.0,Cloudy
EVT_061_02093,SGR_ZONE_061,2023-01-31,1,Winter,4,1,Alert Triggered,Unknown,50.0,Cloudy
EVT_061_02094,SGR_ZONE_061,2023-01-31,1,Winter,23,1,Neutralized,Unknown,27.0,Clear
EVT_061_02095,SGR_ZONE_061,2023-01-31,1,Winter,23,0,Undetected,Foot Patrol,,Clear
EVT_061_02096,SGR_ZONE_061,2023-03-02,3,Spring,1,1,Retreated,Vehicle,37.0,Cloudy
EVT_061_02097,SGR_ZONE_061,2023-04-01,4,Spring,23,1,Neutralized,Unknown,42.0,Snow
EVT_061_02098,SGR_ZONE_061,2023-04-01,4,Spring,0,1,Retreated,Unknown,58.0,Clear
EVT_061_02099,SGR_ZONE_061,2023-04-01,4,Spring,0,1,Retreated,Foot Patrol,25.0,Clear
EVT_061_02100,SGR_ZONE_061,2023-05-01,5,Spring,4,1,Retreated,Vehicle,47.0,Clear
EVT_061_02101,SGR_ZONE_061,2023-05-01,5,Spring,0,0,Undetected,Vehicle,,Fog
EVT_061_02102,SGR_ZONE_061,2023-05-01,5,Spring,3,0,Undetected,Foot Patrol,,Snow
EVT_061_02103,SGR_ZONE_061,2023-05-31,5,Spring,23,1,Neutralized,Unknown,19.0,Clear
EVT_061_02104,SGR_ZONE_061,2023-05-31,5,Spring,2,0,Undetected,Foot Patrol,,Fog
EVT_061_02105,SGR_ZONE_061,2023-06-30,6,Monsoon,23,1,Alert Triggered,Unknown,6.0,Clear
EVT_061_02106,SGR_ZONE_061,2023-06-30,6,Monsoon,22,1,Retreated,Foot Patrol,6.0,Fog
EVT_061_02107,SGR_ZONE_061,2023-10-28,10,Autumn,2,0,Undetected,Unknown,,Snow
EVT_061_02108,SGR_ZONE_061,2023-10-28,10,Autumn,22,0,Undetected,Foot Patrol,,Clear
EVT_061_02109,SGR_ZONE_061,2023-10-28,10,Autumn,0,1,Retreated,Foot Patrol,14.0,Snow
EVT_061_02110,SGR_ZONE_061,2023-11-27,11,Autumn,1,1,Neutralized,Vehicle,21.0,Clear
EVT_061_02111,SGR_ZONE_061,2023-12-27,12,Winter,2,1,Alert Triggered,Unknown,30.0,Cloudy
EVT_061_02112,SGR_ZONE_061,2024-01-26,1,Winter,23,1,Retreated,Foot Patrol,23.0,Fog
EVT_061_02113,SGR_ZONE_061,2024-02-25,2,Winter,4,0,Undetected,Foot Patrol,,Clear
EVT_061_02114,SGR_ZONE_061,2024-03-26,3,Spring,1,1,Retreated,Drone (Suspicious),53.0,Snow
EVT_061_02115,SGR_ZONE_061,2024-04-25,4,Spring,22,1,Retreated,Vehicle,10.0,Snow
EVT_061_02116,SGR_ZONE_061,2024-04-25,4,Spring,22,1,Retreated,Vehicle,53.0,Clear
EVT_061_02117,SGR_ZONE_061,2024-04-25,4,Spring,22,1,Neutralized,Vehicle,17.0,Cloudy
EVT_061_02118,SGR_ZONE_061,2024-05-25,5,Spring,0,1,Retreated,Unknown,18.0,Clear
EVT_061_02119,SGR_ZONE_061,2024-05-25,5,Spring,22,0,Undetected,Foot Patrol,,Cloudy
EVT_061_02120,SGR_ZONE_061,2024-05-25,5,Spring,2,1,Alert Triggered,Unknown,51.0,Cloudy
EVT_061_02121,SGR_ZONE_061,2024-05-25,5,Spring,23,1,Retreated,Unknown,5.0,Fog
EVT_061_02122,SGR_ZONE_061,2024-05-25,5,Spring,4,1,Retreated,Foot Patrol,59.0,Cloudy
EVT_061_02123,SGR_ZONE_061,2024-07-24,7,Monsoon,23,1,Neutralized,Vehicle,58.0,Fog
EVT_061_02124,SGR_ZONE_061,2024-08-23,8,Monsoon,2,1,Neutralized,Foot Patrol,16.0,Clear
EVT_061_02125,SGR_ZONE_061,2024-09-22,9,Autumn,23,1,Retreated,Vehicle,25.0,Snow
EVT_061_02126,SGR_ZONE_061,2024-09-22,9,Autumn,1,1,Retreated,Foot Patrol,8.0,Cloudy
EVT_062_02127,SGR_ZONE_062,2023-01-01,1,Winter,22,1,Neutralized,Foot Patrol,28.0,Clear
EVT_062_02128,SGR_ZONE_062,2023-01-01,1,Winter,1,1,Alert Triggered,Foot Patrol,23.0,Clear
EVT_062_02129,SGR_ZONE_062,2023-01-01,1,Winter,23,0,Undetected,Foot Patrol,,Cloudy
EVT_062_02130,SGR_ZONE_062,2023-01-31,1,Winter,23,0,Undetected,Foot Patrol,,Snow
EVT_062_02131,SGR_ZONE_062,2023-01-31,1,Winter,0,1,Alert Triggered,Unknown,59.0,Clear
EVT_062_02132,SGR_ZONE_062,2023-04-01,4,Spring,23,1,Retreated,Vehicle,8.0,Cloudy
EVT_062_02133,SGR_ZONE_062,2023-05-31,5,Spring,1,1,Alert Triggered,Foot Patrol,28.0,Snow
EVT_062_02134,SGR_ZONE_062,2023-05-31,5,Spring,22,1,Alert Triggered,Unknown,54.0,Cloudy
EVT_062_02135,SGR_ZONE_062,2023-06-30,6,Monsoon,1,0,Undetected,Vehicle,,Snow
EVT_062_02136,SGR_ZONE_062,2023-06-30,6,Monsoon,2,1,Neutralized,Foot Patrol,54.0,Snow
EVT_062_02137,SGR_ZONE_062,2023-06-30,6,Monsoon,2,0,Undetected,Foot Patrol,,Cloudy
EVT_062_02138,SGR_ZONE_062,2023-06-30,6,Monsoon,3,1,Alert Triggered,Foot Patrol,14.0,Cloudy
EVT_062_02139,SGR_ZONE_062,2024-01-26,1,Winter,0,1,Retreated,Vehicle,8.0,Clear
EVT_062_02140,SGR_ZONE_062,2024-06-24,6,Monsoon,22,1,Retreated,Foot Patrol,5.0,Cloudy
EVT_062_02141,SGR_ZONE_062,2024-06-24,6,Monsoon,22,1,Retreated,Unknown,52.0,Cloudy
EVT_062_02142,SGR_ZONE_062,2024-10-22,10,Autumn,3,1,Retreated,Vehicle,45.0,Cloudy
EVT_062_02143,SGR_ZONE_062,2024-10-22,10,Autumn,2,1,Retreated,Vehicle,46.0,Fog
EVT_062_02144,SGR_ZONE_062,2024-11-21,11,Autumn,0,1,Alert Triggered,Foot Patrol,45.0,Fog
EVT_062_02145,SGR_ZONE_062,2024-11-21,11,Autumn,4,1,Retreated,Foot Patrol,53.0,Cloudy
EVT_062_02146,SGR_ZONE_062,2024-11-21,11,Autumn,0,1,Neutralized,Unknown,56.0,Clear
EVT_062_02147,SGR_ZONE_062,2024-11-21,11,Autumn,22,1,Neutralized,Drone (Suspicious),15.0,Clear
EVT_063_02148,SGR_ZONE_063,2023-01-01,1,Winter,0,1,Retreated,Foot Patrol,42.0,Clear
EVT_063_02149,SGR_ZONE_063,2023-01-01,1,Winter,1,1,Retreated,Drone (Suspicious),45.0,Cloudy
EVT_063_02150,SGR_ZONE_063,2023-04-01,4,Spring,1,1,Neutralized,Drone (Suspicious),42.0,Cloudy
EVT_063_02151,SGR_ZONE_063,2023-04-01,4,Spring,0,1,Alert Triggered,Drone (Suspicious),57.0,Fog
EVT_063_02152,SGR_ZONE_063,2023-04-01,4,Spring,0,0,Undetected,Vehicle,,Snow
EVT_063_02153,SGR_ZONE_063,2023-04-01,4,Spring,1,0,Undetected,Drone (Suspicious),,Clear
EVT_063_02154,SGR_ZONE_063,2023-04-01,4,Spring,1,1,Neutralized,Vehicle,40.0,Cloudy
EVT_063_02155,SGR_ZONE_063,2023-05-01,5,Spring,1,1,Neutralized,Unknown,25.0,Cloudy
EVT_063_02156,SGR_ZONE_063,2023-05-01,5,Spring,1,1,Neutralized,Foot Patrol,57.0,Cloudy
EVT_063_02157,SGR_ZONE_063,2023-05-31,5,Spring,23,1,Neutralized,Drone (Suspicious),54.0,Fog
EVT_063_02158,SGR_ZONE_063,2023-05-31,5,Spring,23,1,Neutralized,Foot Patrol,26.0,Clear
EVT_063_02159,SGR_ZONE_063,2023-05-31,5,Spring,3,1,Retreated,Foot Patrol,49.0,Clear
EVT_063_02160,SGR_ZONE_063,2023-09-28,9,Autumn,1,1,Retreated,Foot Patrol,43.0,Clear
EVT_063_02161,SGR_ZONE_063,2023-09-28,9,Autumn,0,1,Neutralized,Drone (Suspicious),32.0,Clear
EVT_063_02162,SGR_ZONE_063,2023-09-28,9,Autumn,0,1,Neutralized,Drone (Suspicious),15.0,Clear
EVT_063_02163,SGR_ZONE_063,2023-09-28,9,Autumn,4,1,Alert Triggered,Foot Patrol,39.0,Fog
EVT_063_02164,SGR_ZONE_063,2023-11-27,11,Autumn,23,1,Neutralized,Foot Patrol,50.0,Cloudy
EVT_063_02165,SGR_ZONE_063,2023-11-27,11,Autumn,4,1,Retreated,Vehicle,57.0,Clear
EVT_063_02166,SGR_ZONE_063,2023-12-27,12,Winter,22,0,Undetected,Foot Patrol,,Fog
EVT_063_02167,SGR_ZONE_063,2023-12-27,12,Winter,4,0,Undetected,Vehicle,,Clear
EVT_063_02168,SGR_ZONE_063,2023-12-27,12,Winter,0,1,Neutralized,Foot Patrol,57.0,Fog
EVT_063_02169,SGR_ZONE_063,2023-12-27,12,Winter,22,1,Retreated,Unknown,19.0,Fog
EVT_063_02170,SGR_ZONE_063,2024-01-26,1,Winter,23,0,Undetected,Foot Patrol,,Snow
EVT_063_02171,SGR_ZONE_063,2024-01-26,1,Winter,0,1,Retreated,Vehicle,22.0,Fog
EVT_063_02172,SGR_ZONE_063,2024-04-25,4,Spring,23,0,Undetected,Vehicle,,Clear
EVT_063_02173,SGR_ZONE_063,2024-05-25,5,Spring,3,1,Alert Triggered,Vehicle,43.0,Fog
EVT_063_02174,SGR_ZONE_063,2024-05-25,5,Spring,2,1,Retreated,Foot Patrol,17.0,Cloudy
EVT_063_02175,SGR_ZONE_063,2024-05-25,5,Spring,22,1,Alert Triggered,Foot Patrol,21.0,Clear
EVT_063_02176,SGR_ZONE_063,2024-05-25,5,Spring,1,1,Retreated,Foot Patrol,54.0,Clear
EVT_063_02177,SGR_ZONE_063,2024-10-22,10,Autumn,3,1,Retreated,Foot Patrol,32.0,Fog
EVT_063_02178,SGR_ZONE_063,2024-10-22,10,Autumn,23,1,Retreated,Foot Patrol,49.0,Cloudy
EVT_063_02179,SGR_ZONE_063,2024-10-22,10,Autumn,22,1,Retreated,Drone (Suspicious),57.0,Cloudy
EVT_063_02180,SGR_ZONE_063,2024-10-22,10,Autumn,0,1,Neutralized,Foot Patrol,24.0,Snow
EVT_063_02181,SGR_ZONE_063,2024-10-22,10,Autumn,0,0,Undetected,Vehicle,,Clear
EVT_063_02182,SGR_ZONE_063,2024-11-21,11,Autumn,4,1,Retreated,Unknown,50.0,Clear
EVT_063_02183,SGR_ZONE_063,2024-11-21,11,Autumn,1,1,Neutralized,Unknown,45.0,Clear
EVT_063_02184,SGR_ZONE_063,2024-11-21,11,Autumn,22,1,Alert Triggered,Unknown,35.0,Fog
EVT_063_02185,SGR_ZONE_063,2024-11-21,11,Autumn,0,0,Undetected,Vehicle,,Clear
EVT_064_02186,SGR_ZONE_064,2023-01-31,1,Winter,23,1,Retreated,Foot Patrol,19.0,Fog
EVT_064_02187,SGR_ZONE_064,2023-01-31,1,Winter,0,1,Retreated,Unknown,49.0,Fog
EVT_064_02188,SGR_ZONE_064,2023-04-01,4,Spring,23,1,Neutralized,Unknown,40.0,Cloudy
EVT_064_02189,SGR_ZONE_064,2023-04-01,4,Spring,0,1,Retreated,Foot Patrol,52.0,Fog
EVT_064_02190,SGR_ZONE_064,2023-04-01,4,Spring,0,1,Neutralized,Unknown,51.0,Cloudy
EVT_064_02191,SGR_ZONE_064,2023-04-01,4,Spring,2,0,Undetected,Foot Patrol,,Cloudy
EVT_064_02192,SGR_ZONE_064,2023-04-01,4,Spring,1,1,Retreated,Vehicle,47.0,Clear
EVT_064_02193,SGR_ZONE_064,2023-04-01,4,Spring,23,1,Retreated,Foot Patrol,53.0,Cloudy
EVT_064_02194,SGR_ZONE_064,2023-05-01,5,Spring,22,0,Undetected,Vehicle,,Snow
EVT_064_02195,SGR_ZONE_064,2023-05-01,5,Spring,0,1,Neutralized,Foot Patrol,47.0,Clear
EVT_064_02196,SGR_ZONE_064,2023-08-29,8,Monsoon,22,0,Undetected,Vehicle,,Cloudy
EVT_064_02197,SGR_ZONE_064,2023-09-28,9,Autumn,1,1,Alert Triggered,Unknown,18.0,Clear
EVT_064_02198,SGR_ZONE_064,2023-09-28,9,Autumn,4,1,Retreated,Unknown,13.0,Fog
EVT_064_02199,SGR_ZONE_064,2024-01-26,1,Winter,0,1,Neutralized,Foot Patrol,28.0,Snow
EVT_064_02200,SGR_ZONE_064,2024-01-26,1,Winter,23,1,Retreated,Foot Patrol,51.0,Clear
EVT_064_02201,SGR_ZONE_064,2024-01-26,1,Winter,1,0,Undetected,Unknown,,Clear
EVT_064_02202,SGR_ZONE_064,2024-02-25,2,Winter,3,1,Retreated,Foot Patrol,27.0,Fog
EVT_064_02203,SGR_ZONE_064,2024-02-25,2,Winter,23,1,Alert Triggered,Foot Patrol,34.0,Cloudy
EVT_064_02204,SGR_ZONE_064,2024-06-24,6,Monsoon,1,1,Neutralized,Foot Patrol,12.0,Clear
EVT_064_02205,SGR_ZONE_064,2024-09-22,9,Autumn,22,1,Retreated,Foot Patrol,25.0,Snow
EVT_064_02206,SGR_ZONE_064,2024-09-22,9,Autumn,4,1,Neutralized,Foot Patrol,28.0,Snow
EVT_064_02207,SGR_ZONE_064,2024-09-22,9,Autumn,0,1,Neutralized,Foot Patrol,58.0,Snow
EVT_064_02208,SGR_ZONE_064,2024-10-22,10,Autumn,2,1,Neutralized,Vehicle,37.0,Snow
EVT_064_02209,SGR_ZONE_064,2024-10-22,10,Autumn,1,0,Undetected,Foot Patrol,,Fog
EVT_065_02210,SGR_ZONE_065,2023-01-01,1,Winter,1,1,Retreated,Foot Patrol,54.0,Clear
EVT_065_02211,SGR_ZONE_065,2023-01-01,1,Winter,2,0,Undetected,Foot Patrol,,Clear
EVT_065_02212,SGR_ZONE_065,2023-01-31,1,Winter,4,1,Retreated,Foot Patrol,44.0,Clear
EVT_065_02213,SGR_ZONE_065,2023-01-31,1,Winter,1,1,Retreated,Unknown,7.0,Fog
EVT_065_02214,SGR_ZONE_065,2023-03-02,3,Spring,1,1,Alert Triggered,Foot Patrol,58.0,Clear
EVT_065_02215,SGR_ZONE_065,2023-03-02,3,Spring,1,0,Undetected,Unknown,,Fog
EVT_065_02216,SGR_ZONE_065,2023-03-02,3,Spring,3,0,Undetected,Foot Patrol,,Fog
EVT_065_02217,SGR_ZONE_065,2023-03-02,3,Spring,3,1,Neutralized,Vehicle,17.0,Snow
EVT_065_02218,SGR_ZONE_065,2023-06-30,6,Monsoon,4,1,Retreated,Foot Patrol,18.0,Clear
EVT_065_02219,SGR_ZONE_065,2023-06-30,6,Monsoon,0,1,Neutralized,Unknown,6.0,Clear
EVT_065_02220,SGR_ZONE_065,2023-06-30,6,Monsoon,23,1,Neutralized,Foot Patrol,14.0,Clear
EVT_065_02221,SGR_ZONE_065,2023-06-30,6,Monsoon,4,1,Retreated,Vehicle,20.0,Clear
EVT_065_02222,SGR_ZONE_065,2023-06-30,6,Monsoon,0,0,Undetected,Foot Patrol,,Clear
EVT_065_02223,SGR_ZONE_065,2023-07-30,7,Monsoon,0,1,Neutralized,Vehicle,21.0,Cloudy
EVT_065_02224,SGR_ZONE_065,2023-08-29,8,Monsoon,22,1,Neutralized,Foot Patrol,16.0,Cloudy
EVT_065_02225,SGR_ZONE_065,2023-08-29,8,Monsoon,23,1,Retreated,Foot Patrol,44.0,Cloudy
EVT_065_02226,SGR_ZONE_065,2024-03-26,3,Spring,22,1,Alert Triggered,Foot Patrol,45.0,Fog
EVT_065_02227,SGR_ZONE_065,2024-03-26,3,Spring,22,0,Undetected,Vehicle,,Cloudy
EVT_065_02228,SGR_ZONE_065,2024-11-21,11,Autumn,23,1,Retreated,Vehicle,9.0,Clear
EVT_065_02229,SGR_ZONE_065,2024-11-21,11,Autumn,3,1,Retreated,Vehicle,17.0,Cloudy
EVT_066_02230,SGR_ZONE_066,2023-01-01,1,Winter,0,1,Retreated,Unknown,55.0,Cloudy
EVT_066_02231,SGR_ZONE_066,2023-01-01,1,Winter,1,1,Neutralized,Unknown,48.0,Cloudy
EVT_066_02232,SGR_ZONE_066,2023-01-31,1,Winter,22,1,Neutralized,Vehicle,29.0,Snow
EVT_066_02233,SGR_ZONE_066,2023-03-02,3,Spring,4,0,Undetected,Foot Patrol,,Fog
EVT_066_02234,SGR_ZONE_066,2023-03-02,3,Spring,1,1,Retreated,Foot Patrol,6.0,Cloudy
EVT_066_02235,SGR_ZONE_066,2023-03-02,3,Spring,1,1,Retreated,Vehicle,49.0,Cloudy
EVT_066_02236,SGR_ZONE_066,2023-03-02,3,Spring,2,1,Retreated,Unknown,57.0,Snow
EVT_066_02237,SGR_ZONE_066,2023-04-01,4,Spring,22,1,Neutralized,Vehicle,36.0,Snow
EVT_066_02238,SGR_ZONE_066,2023-04-01,4,Spring,1,0,Undetected,Drone (Suspicious),,Clear
EVT_066_02239,SGR_ZONE_066,2023-05-01,5,Spring,1,1,Alert Triggered,Foot Patrol,29.0,Clear
EVT_066_02240,SGR_ZONE_066,2023-05-01,5,Spring,3,1,Neutralized,Unknown,5.0,Clear
EVT_066_02241,SGR_ZONE_066,2023-05-31,5,Spring,22,1,Retreated,Unknown,47.0,Fog
EVT_066_02242,SGR_ZONE_066,2023-05-31,5,Spring,22,1,Retreated,Foot Patrol,45.0,Fog
EVT_066_02243,SGR_ZONE_066,2023-07-30,7,Monsoon,0,0,Undetected,Drone (Suspicious),,Snow
EVT_066_02244,SGR_ZONE_066,2023-07-30,7,Monsoon,0,1,Neutralized,Vehicle,10.0,Fog
EVT_066_02245,SGR_ZONE_066,2023-10-28,10,Autumn,0,1,Alert Triggered,Drone (Suspicious),30.0,Clear
EVT_066_02246,SGR_ZONE_066,2023-10-28,10,Autumn,1,0,Undetected,Drone (Suspicious),,Clear
EVT_066_02247,SGR_ZONE_066,2023-11-27,11,Autumn,2,1,Retreated,Vehicle,11.0,Clear
EVT_066_02248,SGR_ZONE_066,2023-11-27,11,Autumn,22,0,Undetected,Foot Patrol,,Cloudy
EVT_066_02249,SGR_ZONE_066,2023-12-27,12,Winter,0,1,Retreated,Unknown,30.0,Clear
EVT_066_02250,SGR_ZONE_066,2024-01-26,1,Winter,23,0,Undetected,Foot Patrol,,Clear
EVT_066_02251,SGR_ZONE_066,2024-01-26,1,Winter,22,1,Retreated,Drone (Suspicious),22.0,Fog
EVT_066_02252,SGR_ZONE_066,2024-01-26,1,Winter,3,1,Retreated,Foot Patrol,13.0,Cloudy
EVT_066_02253,SGR_ZONE_066,2024-02-25,2,Winter,0,1,Retreated,Vehicle,30.0,Clear
EVT_066_02254,SGR_ZONE_066,2024-02-25,2,Winter,1,0,Undetected,Foot Patrol,,Clear
EVT_066_02255,SGR_ZONE_066,2024-02-25,2,Winter,0,1,Alert Triggered,Foot Patrol,52.0,Cloudy
EVT_066_02256,SGR_ZONE_066,2024-02-25,2,Winter,0,1,Neutralized,Foot Patrol,37.0,Clear
EVT_066_02257,SGR_ZONE_066,2024-03-26,3,Spring,1,1,Neutralized,Foot Patrol,49.0,Clear
EVT_066_02258,SGR_ZONE_066,2024-05-25,5,Spring,23,1,Neutralized,Foot Patrol,50.0,Cloudy
EVT_066_02259,SGR_ZONE_066,2024-05-25,5,Spring,2,1,Alert Triggered,Drone (Suspicious),54.0,Fog
EVT_066_02260,SGR_ZONE_066,2024-05-25,5,Spring,0,0,Undetected,Unknown,,Clear
EVT_066_02261,SGR_ZONE_066,2024-05-25,5,Spring,23,1,Neutralized,Vehicle,57.0,Clear
EVT_066_02262,SGR_ZONE_066,2024-07-24,7,Monsoon,1,1,Neutralized,Foot Patrol,24.0,Cloudy
EVT_066_02263,SGR_ZONE_066,2024-07-24,7,Monsoon,1,1,Alert Triggered,Drone (Suspicious),48.0,Cloudy
EVT_066_02264,SGR_ZONE_066,2024-07-24,7,Monsoon,1,1,Neutralized,Vehicle,32.0,Fog
EVT_066_02265,SGR_ZONE_066,2024-08-23,8,Monsoon,22,1,Retreated,Drone (Suspicious),12.0,Cloudy
EVT_066_02266,SGR_ZONE_066,2024-08-23,8,Monsoon,2,0,Undetected,Drone (Suspicious),,Clear
EVT_066_02267,SGR_ZONE_066,2024-09-22,9,Autumn,0,1,Alert Triggered,Foot Patrol,47.0,Cloudy
EVT_066_02268,SGR_ZONE_066,2024-09-22,9,Autumn,23,0,Undetected,Foot Patrol,,Clear
EVT_066_02269,SGR_ZONE_066,2024-09-22,9,Autumn,0,1,Alert Triggered,Foot Patrol,47.0,Clear
EVT_066_02270,SGR_ZONE_066,2024-10-22,10,Autumn,4,0,Undetected,Foot Patrol,,Clear
EVT_066_02271,SGR_ZONE_066,2024-10-22,10,Autumn,0,1,Retreated,Foot Patrol,21.0,Cloudy
EVT_066_02272,SGR_ZONE_066,2024-10-22,10,Autumn,1,1,Retreated,Foot Patrol,58.0,Clear
EVT_066_02273,SGR_ZONE_066,2024-11-21,11,Autumn,0,0,Undetected,Vehicle,,Clear
EVT_066_02274,SGR_ZONE_066,2024-11-21,11,Autumn,4,1,Alert Triggered,Foot Patrol,55.0,Cloudy
EVT_066_02275,SGR_ZONE_066,2024-11-21,11,Autumn,23,1,Alert Triggered,Unknown,55.0,Cloudy
EVT_066_02276,SGR_ZONE_066,2024-11-21,11,Autumn,1,1,Retreated,Foot Patrol,55.0,Clear
EVT_067_02277,SGR_ZONE_067,2023-01-01,1,Winter,2,0,Undetected,Foot Patrol,,Fog
EVT_067_02278,SGR_ZONE_067,2023-01-01,1,Winter,22,1,Alert Triggered,Unknown,19.0,Clear
EVT_067_02279,SGR_ZONE_067,2023-01-31,1,Winter,4,0,Undetected,Unknown,,Clear
EVT_067_02280,SGR_ZONE_067,2023-01-31,1,Winter,0,0,Undetected,Drone (Suspicious),,Clear
EVT_067_02281,SGR_ZONE_067,2023-01-31,1,Winter,3,1,Neutralized,Foot Patrol,30.0,Cloudy
EVT_067_02282,SGR_ZONE_067,2023-03-02,3,Spring,22,0,Undetected,Drone (Suspicious),,Fog
EVT_067_02283,SGR_ZONE_067,2023-03-02,3,Spring,0,1,Alert Triggered,Drone (Suspicious),27.0,Clear
EVT_067_02284,SGR_ZONE_067,2023-07-30,7,Monsoon,23,1,Retreated,Foot Patrol,22.0,Snow
EVT_067_02285,SGR_ZONE_067,2023-07-30,7,Monsoon,23,1,Retreated,Foot Patrol,50.0,Cloudy
EVT_067_02286,SGR_ZONE_067,2023-09-28,9,Autumn,2,1,Retreated,Unknown,23.0,Cloudy
EVT_067_02287,SGR_ZONE_067,2023-09-28,9,Autumn,22,1,Neutralized,Foot Patrol,45.0,Cloudy
EVT_067_02288,SGR_ZONE_067,2023-09-28,9,Autumn,23,1,Retreated,Vehicle,40.0,Clear
EVT_067_02289,SGR_ZONE_067,2023-09-28,9,Autumn,0,1,Alert Triggered,Unknown,52.0,Fog
EVT_067_02290,SGR_ZONE_067,2023-10-28,10,Autumn,0,1,Neutralized,Vehicle,48.0,Clear
EVT_067_02291,SGR_ZONE_067,2023-10-28,10,Autumn,2,1,Alert Triggered,Unknown,44.0,Clear
EVT_067_02292,SGR_ZONE_067,2023-12-27,12,Winter,2,0,Undetected,Foot Patrol,,Snow
EVT_067_02293,SGR_ZONE_067,2023-12-27,12,Winter,0,1,Neutralized,Foot Patrol,11.0,Clear
EVT_067_02294,SGR_ZONE_067,2024-01-26,1,Winter,0,1,Retreated,Foot Patrol,59.0,Cloudy
EVT_067_02295,SGR_ZONE_067,2024-01-26,1,Winter,0,0,Undetected,Foot Patrol,,Clear
EVT_067_02296,SGR_ZONE_067,2024-01-26,1,Winter,3,0,Undetected,Foot Patrol,,Cloudy
EVT_067_02297,SGR_ZONE_067,2024-02-25,2,Winter,4,1,Alert Triggered,Foot Patrol,51.0,Clear
EVT_067_02298,SGR_ZONE_067,2024-02-25,2,Winter,22,1,Retreated,Unknown,9.0,Cloudy
EVT_067_02299,SGR_ZONE_067,2024-02-25,2,Winter,1,0,Undetected,Foot Patrol,,Clear
EVT_067_02300,SGR_ZONE_067,2024-05-25,5,Spring,0,1,Alert Triggered,Vehicle,59.0,Clear
EVT_067_02301,SGR_ZONE_067,2024-05-25,5,Spring,23,1,Retreated,Foot Patrol,44.0,Clear
EVT_067_02302,SGR_ZONE_067,2024-08-23,8,Monsoon,0,1,Alert Triggered,Foot Patrol,11.0,Snow
EVT_067_02303,SGR_ZONE_067,2024-08-23,8,Monsoon,2,0,Undetected,Foot Patrol,,Clear
EVT_067_02304,SGR_ZONE_067,2024-08-23,8,Monsoon,23,1,Neutralized,Foot Patrol,5.0,Clear
EVT_067_02305,SGR_ZONE_067,2024-08-23,8,Monsoon,4,1,Alert Triggered,Foot Patrol,30.0,Fog
EVT_068_02306,SGR_ZONE_068,2023-01-01,1,Winter,0,1,Retreated,Drone (Suspicious),51.0,Clear
EVT_068_02307,SGR_ZONE_068,2023-01-01,1,Winter,0,0,Undetected,Foot Patrol,,Snow
EVT_068_02308,SGR_ZONE_068,2023-01-01,1,Winter,23,1,Alert Triggered,Unknown,47.0,Cloudy
EVT_068_02309,SGR_ZONE_068,2023-01-01,1,Winter,0,1,Neutralized,Foot Patrol,39.0,Fog
EVT_068_02310,SGR_ZONE_068,2023-01-01,1,Winter,0,1,Alert Triggered,Foot Patrol,41.0,Cloudy
EVT_068_02311,SGR_ZONE_068,2023-01-01,1,Winter,3,1,Alert Triggered,Vehicle,24.0,Cloudy
EVT_068_02312,SGR_ZONE_068,2023-05-31,5,Spring,1,1,Neutralized,Foot Patrol,52.0,Fog
EVT_068_02313,SGR_ZONE_068,2023-07-30,7,Monsoon,23,1,Alert Triggered,Foot Patrol,11.0,Fog
EVT_068_02314,SGR_ZONE_068,2023-07-30,7,Monsoon,22,0,Undetected,Vehicle,,Snow
EVT_068_02315,SGR_ZONE_068,2023-07-30,7,Monsoon,23,1,Retreated,Unknown,6.0,Fog
EVT_068_02316,SGR_ZONE_068,2023-08-29,8,Monsoon,22,1,Alert Triggered,Foot Patrol,16.0,Clear
EVT_068_02317,SGR_ZONE_068,2023-08-29,8,Monsoon,1,1,Neutralized,Vehicle,49.0,Cloudy
EVT_068_02318,SGR_ZONE_068,2023-12-27,12,Winter,4,1,Retreated,Foot Patrol,25.0,Clear
EVT_068_02319,SGR_ZONE_068,2023-12-27,12,Winter,22,0,Undetected,Foot Patrol,,Clear
EVT_068_02320,SGR_ZONE_068,2024-01-26,1,Winter,0,1,Retreated,Foot Patrol,47.0,Fog
EVT_068_02321,SGR_ZONE_068,2024-01-26,1,Winter,0,1,Retreated,Foot Patrol,17.0,Clear
EVT_068_02322,SGR_ZONE_068,2024-02-25,2,Winter,4,1,Alert Triggered,Foot Patrol,19.0,Fog
EVT_068_02323,SGR_ZONE_068,2024-02-25,2,Winter,23,1,Alert Triggered,Foot Patrol,25.0,Cloudy
EVT_068_02324,SGR_ZONE_068,2024-02-25,2,Winter,1,1,Neutralized,Unknown,12.0,Fog
EVT_068_02325,SGR_ZONE_068,2024-05-25,5,Spring,4,0,Undetected,Foot Patrol,,Snow
EVT_068_02326,SGR_ZONE_068,2024-05-25,5,Spring,0,1,Alert Triggered,Unknown,46.0,Cloudy
EVT_068_02327,SGR_ZONE_068,2024-06-24,6,Monsoon,2,1,Retreated,Unknown,21.0,Cloudy
EVT_068_02328,SGR_ZONE_068,2024-06-24,6,Monsoon,22,1,Neutralized,Foot Patrol,41.0,Fog
EVT_068_02329,SGR_ZONE_068,2024-06-24,6,Monsoon,22,1,Neutralized,Foot Patrol,42.0,Clear
EVT_068_02330,SGR_ZONE_068,2024-07-24,7,Monsoon,1,0,Undetected,Drone (Suspicious),,Cloudy
EVT_069_02331,SGR_ZONE_069,2023-01-01,1,Winter,0,1,Retreated,Unknown,11.0,Clear
EVT_069_02332,SGR_ZONE_069,2023-01-01,1,Winter,4,1,Alert Triggered,Foot Patrol,54.0,Clear
EVT_069_02333,SGR_ZONE_069,2023-01-01,1,Winter,2,1,Neutralized,Unknown,56.0,Clear
EVT_069_02334,SGR_ZONE_069,2023-01-01,1,Winter,1,1,Retreated,Foot Patrol,17.0,Clear
EVT_069_02335,SGR_ZONE_069,2023-01-31,1,Winter,2,1,Retreated,Unknown,52.0,Cloudy
EVT_069_02336,SGR_ZONE_069,2023-01-31,1,Winter,1,1,Retreated,Foot Patrol,41.0,Clear
EVT_069_02337,SGR_ZONE_069,2023-03-02,3,Spring,0,1,Retreated,Vehicle,40.0,Cloudy
EVT_069_02338,SGR_ZONE_069,2023-03-02,3,Spring,0,1,Retreated,Foot Patrol,49.0,Cloudy
EVT_069_02339,SGR_ZONE_069,2023-03-02,3,Spring,4,1,Retreated,Vehicle,27.0,Cloudy
EVT_069_02340,SGR_ZONE_069,2023-06-30,6,Monsoon,1,1,Retreated,Unknown,34.0,Clear
EVT_069_02341,SGR_ZONE_069,2023-09-28,9,Autumn,0,1,Retreated,Unknown,33.0,Fog
EVT_069_02342,SGR_ZONE_069,2023-09-28,9,Autumn,23,0,Undetected,Unknown,,Cloudy
EVT_069_02343,SGR_ZONE_069,2023-09-28,9,Autumn,22,1,Retreated,Foot Patrol,15.0,Cloudy
EVT_069_02344,SGR_ZONE_069,2023-10-28,10,Autumn,0,1,Neutralized,Unknown,15.0,Snow
EVT_069_02345,SGR_ZONE_069,2023-10-28,10,Autumn,2,1,Retreated,Unknown,54.0,Clear
EVT_069_02346,SGR_ZONE_069,2023-10-28,10,Autumn,0,1,Neutralized,Foot Patrol,20.0,Clear
EVT_069_02347,SGR_ZONE_069,2024-03-26,3,Spring,0,0,Undetected,Unknown,,Cloudy
EVT_069_02348,SGR_ZONE_069,2024-03-26,3,Spring,0,1,Retreated,Unknown,56.0,Clear
EVT_069_02349,SGR_ZONE_069,2024-05-25,5,Spring,4,0,Undetected,Unknown,,Clear
EVT_069_02350,SGR_ZONE_069,2024-10-22,10,Autumn,0,0,Undetected,Foot Patrol,,Fog
EVT_069_02351,SGR_ZONE_069,2024-10-22,10,Autumn,22,1,Retreated,Foot Patrol,19.0,Clear
EVT_069_02352,SGR_ZONE_069,2024-10-22,10,Autumn,1,0,Undetected,Foot Patrol,,Clear
EVT_070_02353,SGR_ZONE_070,2023-01-01,1,Winter,1,1,Retreated,Foot Patrol,41.0,Cloudy
EVT_070_02354,SGR_ZONE_070,2023-01-01,1,Winter,1,1,Neutralized,Unknown,13.0,Clear
EVT_070_02355,SGR_ZONE_070,2023-01-01,1,Winter,1,0,Undetected,Unknown,,Cloudy
EVT_070_02356,SGR_ZONE_070,2023-01-01,1,Winter,1,1,Alert Triggered,Unknown,5.0,Snow
EVT_070_02357,SGR_ZONE_070,2023-03-02,3,Spring,0,0,Undetected,Foot Patrol,,Snow
EVT_070_02358,SGR_ZONE_070,2023-03-02,3,Spring,2,0,Undetected,Unknown,,Clear
EVT_070_02359,SGR_ZONE_070,2023-04-01,4,Spring,2,1,Retreated,Drone (Suspicious),5.0,Fog
EVT_070_02360,SGR_ZONE_070,2023-04-01,4,Spring,0,1,Retreated,Foot Patrol,18.0,Snow
EVT_070_02361,SGR_ZONE_070,2023-05-01,5,Spring,1,1,Alert Triggered,Foot Patrol,11.0,Fog
EVT_070_02362,SGR_ZONE_070,2023-05-01,5,Spring,2,1,Neutralized,Foot Patrol,11.0,Clear
EVT_070_02363,SGR_ZONE_070,2023-06-30,6,Monsoon,0,1,Alert Triggered,Vehicle,24.0,Cloudy
EVT_070_02364,SGR_ZONE_070,2023-06-30,6,Monsoon,23,0,Undetected,Foot Patrol,,Clear
EVT_070_02365,SGR_ZONE_070,2023-06-30,6,Monsoon,0,1,Retreated,Foot Patrol,52.0,Clear
EVT_070_02366,SGR_ZONE_070,2023-07-30,7,Monsoon,0,1,Neutralized,Vehicle,29.0,Cloudy
EVT_070_02367,SGR_ZONE_070,2023-07-30,7,Monsoon,3,1,Alert Triggered,Foot Patrol,33.0,Cloudy
EVT_070_02368,SGR_ZONE_070,2023-07-30,7,Monsoon,23,1,Alert Triggered,Vehicle,58.0,Fog
EVT_070_02369,SGR_ZONE_070,2023-07-30,7,Monsoon,0,1,Retreated,Unknown,46.0,Clear
EVT_070_02370,SGR_ZONE_070,2023-07-30,7,Monsoon,2,1,Alert Triggered,Unknown,44.0,Cloudy
EVT_070_02371,SGR_ZONE_070,2023-09-28,9,Autumn,2,0,Undetected,Foot Patrol,,Clear
EVT_070_02372,SGR_ZONE_070,2023-09-28,9,Autumn,2,0,Undetected,Foot Patrol,,Clear
EVT_070_02373,SGR_ZONE_070,2023-11-27,11,Autumn,0,1,Alert Triggered,Vehicle,18.0,Snow
EVT_070_02374,SGR_ZONE_070,2023-11-27,11,Autumn,23,1,Alert Triggered,Unknown,14.0,Cloudy
EVT_070_02375,SGR_ZONE_070,2023-12-27,12,Winter,0,1,Retreated,Unknown,17.0,Cloudy
EVT_070_02376,SGR_ZONE_070,2023-12-27,12,Winter,22,1,Retreated,Foot Patrol,56.0,Cloudy
EVT_070_02377,SGR_ZONE_070,2023-12-27,12,Winter,23,1,Neutralized,Foot Patrol,27.0,Snow
EVT_070_02378,SGR_ZONE_070,2023-12-27,12,Winter,23,0,Undetected,Vehicle,,Fog
EVT_070_02379,SGR_ZONE_070,2023-12-27,12,Winter,0,0,Undetected,Foot Patrol,,Cloudy
EVT_070_02380,SGR_ZONE_070,2023-12-27,12,Winter,22,1,Retreated,Foot Patrol,15.0,Cloudy
EVT_070_02381,SGR_ZONE_070,2023-12-27,12,Winter,23,1,Retreated,Foot Patrol,20.0,Fog
EVT_070_02382,SGR_ZONE_070,2023-12-27,12,Winter,23,1,Alert Triggered,Unknown,57.0,Clear
EVT_070_02383,SGR_ZONE_070,2023-12-27,12,Winter,0,0,Undetected,Vehicle,,Cloudy
EVT_070_02384,SGR_ZONE_070,2024-01-26,1,Winter,2,1,Retreated,Foot Patrol,15.0,Snow
EVT_070_02385,SGR_ZONE_070,2024-01-26,1,Winter,1,1,Alert Triggered,Vehicle,52.0,Clear
EVT_070_02386,SGR_ZONE_070,2024-01-26,1,Winter,0,1,Retreated,Foot Patrol,41.0,Clear
EVT_070_02387,SGR_ZONE_070,2024-01-26,1,Winter,0,0,Undetected,Drone (Suspicious),,Fog
EVT_070_02388,SGR_ZONE_070,2024-02-25,2,Winter,1,1,Retreated,Unknown,21.0,Clear
EVT_070_02389,SGR_ZONE_070,2024-02-25,2,Winter,0,1,Retreated,Drone (Suspicious),48.0,Snow
EVT_070_02390,SGR_ZONE_070,2024-02-25,2,Winter,1,0,Undetected,Drone (Suspicious),,Clear
EVT_070_02391,SGR_ZONE_070,2024-03-26,3,Spring,22,1,Neutralized,Unknown,24.0,Snow
EVT_070_02392,SGR_ZONE_070,2024-03-26,3,Spring,1,1,Alert Triggered,Foot Patrol,8.0,Clear
EVT_070_02393,SGR_ZONE_070,2024-04-25,4,Spring,2,1,Neutralized,Foot Patrol,18.0,Cloudy
EVT_070_02394,SGR_ZONE_070,2024-04-25,4,Spring,22,1,Neutralized,Foot Patrol,14.0,Clear
EVT_070_02395,SGR_ZONE_070,2024-04-25,4,Spring,0,1,Retreated,Foot Patrol,26.0,Clear
EVT_070_02396,SGR_ZONE_070,2024-08-23,8,Monsoon,1,1,Retreated,Vehicle,34.0,Cloudy
EVT_070_02397,SGR_ZONE_070,2024-11-21,11,Autumn,3,1,Alert Triggered,Foot Patrol,24.0,Clear
EVT_071_02398,SGR_ZONE_071,2023-01-01,1,Winter,1,1,Alert Triggered,Vehicle,18.0,Cloudy
EVT_071_02399,SGR_ZONE_071,2023-01-01,1,Winter,22,1,Neutralized,Foot Patrol,15.0,Clear
EVT_071_02400,SGR_ZONE_071,2023-01-01,1,Winter,0,1,Retreated,Foot Patrol,34.0,Snow
EVT_071_02401,SGR_ZONE_071,2023-01-31,1,Winter,23,0,Undetected,Unknown,,Snow
EVT_071_02402,SGR_ZONE_071,2023-01-31,1,Winter,1,1,Alert Triggered,Vehicle,9.0,Cloudy
EVT_071_02403,SGR_ZONE_071,2023-01-31,1,Winter,23,1,Neutralized,Drone (Suspicious),25.0,Fog
EVT_071_02404,SGR_ZONE_071,2023-03-02,3,Spring,2,0,Undetected,Foot Patrol,,Cloudy
EVT_071_02405,SGR_ZONE_071,2023-03-02,3,Spring,0,1,Retreated,Foot Patrol,10.0,Cloudy
EVT_071_02406,SGR_ZONE_071,2023-04-01,4,Spring,1,1,Retreated,Foot Patrol,30.0,Fog
EVT_071_02407,SGR_ZONE_071,2023-04-01,4,Spring,1,1,Retreated,Foot Patrol,27.0,Cloudy
EVT_071_02408,SGR_ZONE_071,2023-05-01,5,Spring,2,1,Retreated,Unknown,12.0,Fog
EVT_071_02409,SGR_ZONE_071,2023-05-01,5,Spring,3,0,Undetected,Foot Patrol,,Clear
EVT_071_02410,SGR_ZONE_071,2023-05-01,5,Spring,1,1,Neutralized,Foot Patrol,58.0,Clear
EVT_071_02411,SGR_ZONE_071,2023-05-31,5,Spring,2,0,Undetected,Unknown,,Cloudy
EVT_071_02412,SGR_ZONE_071,2023-06-30,6,Monsoon,1,1,Retreated,Vehicle,40.0,Snow
EVT_071_02413,SGR_ZONE_071,2023-06-30,6,Monsoon,0,1,Alert Triggered,Vehicle,15.0,Cloudy
EVT_071_02414,SGR_ZONE_071,2023-06-30,6,Monsoon,3,1,Retreated,Foot Patrol,38.0,Fog
EVT_071_02415,SGR_ZONE_071,2023-07-30,7,Monsoon,2,1,Retreated,Foot Patrol,47.0,Snow
EVT_071_02416,SGR_ZONE_071,2023-11-27,11,Autumn,1,1,Neutralized,Foot Patrol,43.0,Fog
EVT_071_02417,SGR_ZONE_071,2023-11-27,11,Autumn,0,0,Undetected,Foot Patrol,,Clear
EVT_071_02418,SGR_ZONE_071,2023-11-27,11,Autumn,1,1,Retreated,Foot Patrol,5.0,Cloudy
EVT_071_02419,SGR_ZONE_071,2023-12-27,12,Winter,0,1,Retreated,Foot Patrol,8.0,Clear
EVT_071_02420,SGR_ZONE_071,2023-12-27,12,Winter,1,1,Retreated,Foot Patrol,55.0,Clear
EVT_071_02421,SGR_ZONE_071,2023-12-27,12,Winter,0,1,Alert Triggered,Drone (Suspicious),37.0,Cloudy
EVT_071_02422,SGR_ZONE_071,2024-01-26,1,Winter,3,1,Neutralized,Vehicle,20.0,Clear
EVT_071_02423,SGR_ZONE_071,2024-02-25,2,Winter,23,1,Neutralized,Unknown,29.0,Cloudy
EVT_071_02424,SGR_ZONE_071,2024-02-25,2,Winter,0,0,Undetected,Foot Patrol,,Clear
EVT_071_02425,SGR_ZONE_071,2024-03-26,3,Spring,0,1,Neutralized,Vehicle,58.0,Cloudy
EVT_071_02426,SGR_ZONE_071,2024-03-26,3,Spring,0,1,Alert Triggered,Unknown,9.0,Cloudy
EVT_071_02427,SGR_ZONE_071,2024-04-25,4,Spring,0,0,Undetected,Foot Patrol,,Cloudy
EVT_071_02428,SGR_ZONE_071,2024-05-25,5,Spring,0,1,Neutralized,Drone (Suspicious),38.0,Cloudy
EVT_071_02429,SGR_ZONE_071,2024-05-25,5,Spring,0,1,Alert Triggered,Foot Patrol,9.0,Fog
EVT_071_02430,SGR_ZONE_071,2024-05-25,5,Spring,22,1,Retreated,Foot Patrol,8.0,Cloudy
EVT_071_02431,SGR_ZONE_071,2024-06-24,6,Monsoon,1,1,Neutralized,Drone (Suspicious),36.0,Clear
EVT_071_02432,SGR_ZONE_071,2024-06-24,6,Monsoon,4,1,Neutralized,Drone (Suspicious),17.0,Cloudy
EVT_071_02433,SGR_ZONE_071,2024-08-23,8,Monsoon,3,1,Neutralized,Foot Patrol,18.0,Cloudy
EVT_071_02434,SGR_ZONE_071,2024-08-23,8,Monsoon,1,1,Retreated,Drone (Suspicious),22.0,Clear
EVT_071_02435,SGR_ZONE_071,2024-09-22,9,Autumn,0,1,Retreated,Drone (Suspicious),45.0,Cloudy
EVT_071_02436,SGR_ZONE_071,2024-10-22,10,Autumn,23,1,Retreated,Vehicle,17.0,Clear
EVT_071_02437,SGR_ZONE_071,2024-10-22,10,Autumn,22,1,Retreated,Foot Patrol,23.0,Cloudy
EVT_072_02438,SGR_ZONE_072,2023-01-01,1,Winter,22,1,Retreated,Unknown,59.0,Clear
EVT_072_02439,SGR_ZONE_072,2023-01-31,1,Winter,0,1,Neutralized,Foot Patrol,11.0,Cloudy
EVT_072_02440,SGR_ZONE_072,2023-01-31,1,Winter,22,1,Retreated,Vehicle,43.0,Fog
EVT_072_02441,SGR_ZONE_072,2023-03-02,3,Spring,23,1,Retreated,Unknown,29.0,Fog
EVT_072_02442,SGR_ZONE_072,2023-05-01,5,Spring,1,0,Undetected,Foot Patrol,,Clear
EVT_072_02443,SGR_ZONE_072,2023-05-01,5,Spring,0,1,Neutralized,Vehicle,59.0,Fog
EVT_072_02444,SGR_ZONE_072,2023-05-31,5,Spring,22,1,Retreated,Unknown,30.0,Cloudy
EVT_072_02445,SGR_ZONE_072,2023-07-30,7,Monsoon,23,1,Alert Triggered,Unknown,19.0,Snow
EVT_072_02446,SGR_ZONE_072,2023-07-30,7,Monsoon,0,1,Neutralized,Unknown,20.0,Fog
EVT_072_02447,SGR_ZONE_072,2023-07-30,7,Monsoon,2,1,Retreated,Unknown,55.0,Snow
EVT_072_02448,SGR_ZONE_072,2023-08-29,8,Monsoon,3,1,Retreated,Foot Patrol,30.0,Snow
EVT_072_02449,SGR_ZONE_072,2023-08-29,8,Monsoon,0,1,Retreated,Vehicle,17.0,Fog
EVT_072_02450,SGR_ZONE_072,2023-08-29,8,Monsoon,1,1,Retreated,Foot Patrol,13.0,Cloudy
EVT_072_02451,SGR_ZONE_072,2023-08-29,8,Monsoon,22,1,Retreated,Unknown,20.0,Cloudy
EVT_072_02452,SGR_ZONE_072,2023-08-29,8,Monsoon,23,0,Undetected,Vehicle,,Clear
EVT_072_02453,SGR_ZONE_072,2023-08-29,8,Monsoon,22,1,Retreated,Foot Patrol,58.0,Clear
EVT_072_02454,SGR_ZONE_072,2023-08-29,8,Monsoon,1,1,Neutralized,Foot Patrol,13.0,Snow
EVT_072_02455,SGR_ZONE_072,2023-08-29,8,Monsoon,3,1,Alert Triggered,Foot Patrol,50.0,Fog
EVT_072_02456,SGR_ZONE_072,2023-09-28,9,Autumn,2,1,Retreated,Foot Patrol,56.0,Cloudy
EVT_072_02457,SGR_ZONE_072,2023-09-28,9,Autumn,22,1,Retreated,Unknown,20.0,Cloudy
EVT_072_02458,SGR_ZONE_072,2023-09-28,9,Autumn,23,0,Undetected,Vehicle,,Clear
EVT_072_02459,SGR_ZONE_072,2023-09-28,9,Autumn,1,1,Alert Triggered,Foot Patrol,33.0,Cloudy
EVT_072_02460,SGR_ZONE_072,2023-09-28,9,Autumn,23,1,Neutralized,Foot Patrol,8.0,Clear
EVT_072_02461,SGR_ZONE_072,2023-10-28,10,Autumn,0,1,Retreated,Foot Patrol,35.0,Fog
EVT_072_02462,SGR_ZONE_072,2023-10-28,10,Autumn,4,1,Retreated,Foot Patrol,54.0,Cloudy
EVT_072_02463,SGR_ZONE_072,2023-11-27,11,Autumn,3,1,Retreated,Vehicle,42.0,Fog
EVT_072_02464,SGR_ZONE_072,2023-12-27,12,Winter,0,1,Retreated,Foot Patrol,39.0,Clear
EVT_072_02465,SGR_ZONE_072,2024-01-26,1,Winter,1,1,Retreated,Vehicle,55.0,Cloudy
EVT_072_02466,SGR_ZONE_072,2024-02-25,2,Winter,1,1,Retreated,Unknown,42.0,Cloudy
EVT_072_02467,SGR_ZONE_072,2024-02-25,2,Winter,3,1,Retreated,Unknown,40.0,Clear
EVT_072_02468,SGR_ZONE_072,2024-03-26,3,Spring,2,0,Undetected,Unknown,,Cloudy
EVT_072_02469,SGR_ZONE_072,2024-04-25,4,Spring,0,1,Retreated,Vehicle,19.0,Fog
EVT_072_02470,SGR_ZONE_072,2024-05-25,5,Spring,3,1,Retreated,Drone (Suspicious),36.0,Clear
EVT_072_02471,SGR_ZONE_072,2024-05-25,5,Spring,2,1,Retreated,Foot Patrol,16.0,Clear
EVT_072_02472,SGR_ZONE_072,2024-05-25,5,Spring,0,1,Retreated,Foot Patrol,44.0,Fog
EVT_072_02473,SGR_ZONE_072,2024-07-24,7,Monsoon,2,1,Retreated,Vehicle,37.0,Cloudy
EVT_072_02474,SGR_ZONE_072,2024-07-24,7,Monsoon,1,1,Neutralized,Foot Patrol,19.0,Clear
EVT_072_02475,SGR_ZONE_072,2024-07-24,7,Monsoon,23,1,Retreated,Vehicle,25.0,Cloudy
EVT_072_02476,SGR_ZONE_072,2024-08-23,8,Monsoon,22,1,Neutralized,Foot Patrol,46.0,Clear
EVT_072_02477,SGR_ZONE_072,2024-09-22,9,Autumn,23,0,Undetected,Unknown,,Cloudy
EVT_072_02478,SGR_ZONE_072,2024-09-22,9,Autumn,1,1,Alert Triggered,Foot Patrol,21.0,Clear
EVT_072_02479,SGR_ZONE_072,2024-10-22,10,Autumn,2,1,Retreated,Vehicle,55.0,Fog
EVT_072_02480,SGR_ZONE_072,2024-10-22,10,Autumn,22,1,Neutralized,Vehicle,24.0,Fog
EVT_072_02481,SGR_ZONE_072,2024-11-21,11,Autumn,23,1,Alert Triggered,Foot Patrol,31.0,Cloudy
EVT_073_02482,SGR_ZONE_073,2023-01-31,1,Winter,0,1,Neutralized,Vehicle,8.0,Fog
EVT_073_02483,SGR_ZONE_073,2023-01-31,1,Winter,1,1,Alert Triggered,Drone (Suspicious),17.0,Cloudy
EVT_073_02484,SGR_ZONE_073,2023-01-31,1,Winter,2,1,Retreated,Unknown,56.0,Cloudy
EVT_073_02485,SGR_ZONE_073,2023-04-01,4,Spring,1,1,Neutralized,Unknown,10.0,Cloudy
EVT_073_02486,SGR_ZONE_073,2023-05-01,5,Spring,1,1,Retreated,Drone (Suspicious),6.0,Clear
EVT_073_02487,SGR_ZONE_073,2023-05-01,5,Spring,23,1,Retreated,Unknown,7.0,Cloudy
EVT_073_02488,SGR_ZONE_073,2023-05-31,5,Spring,0,0,Undetected,Foot Patrol,,Fog
EVT_073_02489,SGR_ZONE_073,2023-08-29,8,Monsoon,22,1,Alert Triggered,Vehicle,23.0,Cloudy
EVT_073_02490,SGR_ZONE_073,2023-08-29,8,Monsoon,2,0,Undetected,Vehicle,,Clear
EVT_073_02491,SGR_ZONE_073,2023-09-28,9,Autumn,0,1,Neutralized,Vehicle,32.0,Clear
EVT_073_02492,SGR_ZONE_073,2023-09-28,9,Autumn,0,0,Undetected,Vehicle,,Clear
EVT_073_02493,SGR_ZONE_073,2023-09-28,9,Autumn,4,1,Alert Triggered,Vehicle,40.0,Clear
EVT_073_02494,SGR_ZONE_073,2023-09-28,9,Autumn,0,1,Alert Triggered,Unknown,11.0,Cloudy
EVT_073_02495,SGR_ZONE_073,2023-10-28,10,Autumn,23,1,Neutralized,Vehicle,10.0,Snow
EVT_073_02496,SGR_ZONE_073,2023-10-28,10,Autumn,23,1,Retreated,Foot Patrol,27.0,Fog
EVT_073_02497,SGR_ZONE_073,2023-11-27,11,Autumn,22,1,Retreated,Foot Patrol,23.0,Snow
EVT_073_02498,SGR_ZONE_073,2023-11-27,11,Autumn,0,1,Retreated,Foot Patrol,33.0,Snow
EVT_073_02499,SGR_ZONE_073,2023-11-27,11,Autumn,3,1,Neutralized,Drone (Suspicious),50.0,Snow
EVT_073_02500,SGR_ZONE_073,2024-01-26,1,Winter,23,1,Retreated,Drone (Suspicious),27.0,Cloudy
EVT_073_02501,SGR_ZONE_073,2024-01-26,1,Winter,2,0,Undetected,Foot Patrol,,Cloudy
EVT_073_02502,SGR_ZONE_073,2024-03-26,3,Spring,3,1,Neutralized,Vehicle,58.0,Snow
EVT_073_02503,SGR_ZONE_073,2024-03-26,3,Spring,0,0,Undetected,Foot Patrol,,Clear
EVT_073_02504,SGR_ZONE_073,2024-03-26,3,Spring,1,1,Retreated,Foot Patrol,45.0,Clear
EVT_073_02505,SGR_ZONE_073,2024-03-26,3,Spring,23,1,Alert Triggered,Drone (Suspicious),6.0,Cloudy
EVT_073_02506,SGR_ZONE_073,2024-05-25,5,Spring,22,1,Retreated,Drone (Suspicious),54.0,Cloudy
EVT_073_02507,SGR_ZONE_073,2024-05-25,5,Spring,1,1,Retreated,Drone (Suspicious),54.0,Cloudy
EVT_073_02508,SGR_ZONE_073,2024-09-22,9,Autumn,0,0,Undetected,Foot Patrol,,Snow
EVT_073_02509,SGR_ZONE_073,2024-09-22,9,Autumn,0,1,Retreated,Drone (Suspicious),49.0,Cloudy
EVT_073_02510,SGR_ZONE_073,2024-09-22,9,Autumn,0,1,Alert Triggered,Foot Patrol,23.0,Cloudy
EVT_073_02511,SGR_ZONE_073,2024-09-22,9,Autumn,0,1,Retreated,Foot Patrol,46.0,Cloudy
EVT_073_02512,SGR_ZONE_073,2024-09-22,9,Autumn,2,0,Undetected,Vehicle,,Clear
EVT_074_02513,SGR_ZONE_074,2023-01-31,1,Winter,1,0,Undetected,Foot Patrol,,Clear
EVT_074_02514,SGR_ZONE_074,2023-01-31,1,Winter,1,1,Neutralized,Foot Patrol,13.0,Clear
EVT_074_02515,SGR_ZONE_074,2023-01-31,1,Winter,4,0,Undetected,Foot Patrol,,Clear
EVT_074_02516,SGR_ZONE_074,2023-03-02,3,Spring,0,0,Undetected,Vehicle,,Fog
EVT_074_02517,SGR_ZONE_074,2023-04-01,4,Spring,1,0,Undetected,Vehicle,,Cloudy
EVT_074_02518,SGR_ZONE_074,2023-04-01,4,Spring,23,0,Undetected,Unknown,,Fog
EVT_074_02519,SGR_ZONE_074,2023-08-29,8,Monsoon,3,1,Alert Triggered,Foot Patrol,35.0,Clear
EVT_074_02520,SGR_ZONE_074,2023-08-29,8,Monsoon,4,1,Retreated,Foot Patrol,45.0,Cloudy
EVT_074_02521,SGR_ZONE_074,2023-09-28,9,Autumn,1,0,Undetected,Vehicle,,Cloudy
EVT_074_02522,SGR_ZONE_074,2023-09-28,9,Autumn,22,1,Neutralized,Vehicle,55.0,Clear
EVT_074_02523,SGR_ZONE_074,2023-09-28,9,Autumn,0,1,Neutralized,Foot Patrol,5.0,Snow
EVT_074_02524,SGR_ZONE_074,2023-11-27,11,Autumn,0,1,Neutralized,Foot Patrol,32.0,Fog
EVT_074_02525,SGR_ZONE_074,2023-12-27,12,Winter,2,1,Retreated,Foot Patrol,38.0,Cloudy
EVT_074_02526,SGR_ZONE_074,2024-01-26,1,Winter,2,1,Alert Triggered,Foot Patrol,24.0,Fog
EVT_074_02527,SGR_ZONE_074,2024-01-26,1,Winter,0,1,Retreated,Drone (Suspicious),12.0,Clear
EVT_074_02528,SGR_ZONE_074,2024-02-25,2,Winter,22,1,Alert Triggered,Foot Patrol,18.0,Fog
EVT_074_02529,SGR_ZONE_074,2024-02-25,2,Winter,3,0,Undetected,Foot Patrol,,Fog
EVT_074_02530,SGR_ZONE_074,2024-02-25,2,Winter,1,0,Undetected,Foot Patrol,,Clear
EVT_074_02531,SGR_ZONE_074,2024-03-26,3,Spring,0,1,Alert Triggered,Vehicle,40.0,Cloudy
EVT_074_02532,SGR_ZONE_074,2024-03-26,3,Spring,2,1,Retreated,Unknown,21.0,Clear
EVT_074_02533,SGR_ZONE_074,2024-03-26,3,Spring,22,1,Retreated,Vehicle,9.0,Cloudy
EVT_074_02534,SGR_ZONE_074,2024-04-25,4,Spring,1,0,Undetected,Drone (Suspicious),,Snow
EVT_074_02535,SGR_ZONE_074,2024-05-25,5,Spring,23,1,Alert Triggered,Vehicle,20.0,Cloudy
EVT_074_02536,SGR_ZONE_074,2024-05-25,5,Spring,23,0,Undetected,Vehicle,,Cloudy
EVT_074_02537,SGR_ZONE_074,2024-10-22,10,Autumn,23,1,Retreated,Foot Patrol,56.0,Snow
EVT_074_02538,SGR_ZONE_074,2024-10-22,10,Autumn,1,1,Retreated,Unknown,55.0,Clear
EVT_074_02539,SGR_ZONE_074,2024-11-21,11,Autumn,1,0,Undetected,Vehicle,,Snow
EVT_074_02540,SGR_ZONE_074,2024-11-21,11,Autumn,23,0,Undetected,Vehicle,,Fog
EVT_074_02541,SGR_ZONE_074,2024-11-21,11,Autumn,23,0,Undetected,Unknown,,Fog
EVT_074_02542,SGR_ZONE_074,2024-11-21,11,Autumn,1,1,Alert Triggered,Foot Patrol,52.0,Clear
EVT_075_02543,SGR_ZONE_075,2023-01-01,1,Winter,23,0,Undetected,Vehicle,,Clear
EVT_075_02544,SGR_ZONE_075,2023-01-01,1,Winter,22,0,Undetected,Foot Patrol,,Cloudy
EVT_075_02545,SGR_ZONE_075,2023-01-01,1,Winter,22,1,Retreated,Unknown,27.0,Snow
EVT_075_02546,SGR_ZONE_075,2023-01-31,1,Winter,0,0,Undetected,Vehicle,,Fog
EVT_075_02547,SGR_ZONE_075,2023-01-31,1,Winter,1,1,Retreated,Foot Patrol,6.0,Cloudy
EVT_075_02548,SGR_ZONE_075,2023-01-31,1,Winter,23,1,Neutralized,Foot Patrol,13.0,Cloudy
EVT_075_02549,SGR_ZONE_075,2023-01-31,1,Winter,22,0,Undetected,Foot Patrol,,Snow
EVT_075_02550,SGR_ZONE_075,2023-03-02,3,Spring,0,0,Undetected,Drone (Suspicious),,Snow
EVT_075_02551,SGR_ZONE_075,2023-03-02,3,Spring,2,1,Retreated,Foot Patrol,16.0,Clear
EVT_075_02552,SGR_ZONE_075,2023-04-01,4,Spring,1,0,Undetected,Vehicle,,Fog
EVT_075_02553,SGR_ZONE_075,2023-04-01,4,Spring,1,1,Neutralized,Foot Patrol,18.0,Clear
EVT_075_02554,SGR_ZONE_075,2023-04-01,4,Spring,1,1,Retreated,Unknown,43.0,Cloudy
EVT_075_02555,SGR_ZONE_075,2023-05-01,5,Spring,1,0,Undetected,Foot Patrol,,Cloudy
EVT_075_02556,SGR_ZONE_075,2023-05-01,5,Spring,0,0,Undetected,Unknown,,Clear
EVT_075_02557,SGR_ZONE_075,2023-05-01,5,Spring,1,1,Neutralized,Foot Patrol,52.0,Clear
EVT_075_02558,SGR_ZONE_075,2023-05-31,5,Spring,23,1,Retreated,Drone (Suspicious),35.0,Fog
EVT_075_02559,SGR_ZONE_075,2023-09-28,9,Autumn,0,1,Retreated,Unknown,49.0,Clear
EVT_075_02560,SGR_ZONE_075,2023-09-28,9,Autumn,0,0,Undetected,Foot Patrol,,Clear
EVT_075_02561,SGR_ZONE_075,2023-10-28,10,Autumn,4,0,Undetected,Foot Patrol,,Cloudy
EVT_075_02562,SGR_ZONE_075,2023-10-28,10,Autumn,22,1,Neutralized,Unknown,57.0,Clear
EVT_075_02563,SGR_ZONE_075,2023-12-27,12,Winter,0,0,Undetected,Vehicle,,Clear
EVT_075_02564,SGR_ZONE_075,2023-12-27,12,Winter,23,0,Undetected,Foot Patrol,,Cloudy
EVT_075_02565,SGR_ZONE_075,2024-01-26,1,Winter,23,1,Neutralized,Unknown,58.0,Clear
EVT_075_02566,SGR_ZONE_075,2024-01-26,1,Winter,22,1,Alert Triggered,Drone (Suspicious),6.0,Cloudy
EVT_075_02567,SGR_ZONE_075,2024-01-26,1,Winter,23,1,Retreated,Vehicle,6.0,Clear
EVT_075_02568,SGR_ZONE_075,2024-01-26,1,Winter,1,1,Neutralized,Unknown,49.0,Cloudy
EVT_075_02569,SGR_ZONE_075,2024-02-25,2,Winter,22,1,Alert Triggered,Foot Patrol,27.0,Fog
EVT_075_02570,SGR_ZONE_075,2024-02-25,2,Winter,1,1,Retreated,Unknown,26.0,Fog
EVT_075_02571,SGR_ZONE_075,2024-02-25,2,Winter,0,0,Undetected,Foot Patrol,,Cloudy
EVT_075_02572,SGR_ZONE_075,2024-03-26,3,Spring,1,1,Alert Triggered,Drone (Suspicious),40.0,Clear
EVT_075_02573,SGR_ZONE_075,2024-03-26,3,Spring,22,1,Neutralized,Unknown,57.0,Clear
EVT_075_02574,SGR_ZONE_075,2024-03-26,3,Spring,22,0,Undetected,Foot Patrol,,Fog
EVT_075_02575,SGR_ZONE_075,2024-04-25,4,Spring,0,1,Neutralized,Unknown,18.0,Snow
EVT_075_02576,SGR_ZONE_075,2024-04-25,4,Spring,4,0,Undetected,Vehicle,,Clear
EVT_075_02577,SGR_ZONE_075,2024-04-25,4,Spring,0,1,Retreated,Drone (Suspicious),42.0,Clear
EVT_075_02578,SGR_ZONE_075,2024-05-25,5,Spring,4,1,Retreated,Unknown,52.0,Cloudy
EVT_075_02579,SGR_ZONE_075,2024-05-25,5,Spring,0,1,Retreated,Foot Patrol,38.0,Clear
EVT_075_02580,SGR_ZONE_075,2024-06-24,6,Monsoon,1,0,Undetected,Foot Patrol,,Cloudy
EVT_075_02581,SGR_ZONE_075,2024-06-24,6,Monsoon,23,1,Alert Triggered,Drone (Suspicious),29.0,Cloudy
EVT_075_02582,SGR_ZONE_075,2024-07-24,7,Monsoon,4,1,Neutralized,Foot Patrol,37.0,Fog
EVT_075_02583,SGR_ZONE_075,2024-07-24,7,Monsoon,4,1,Retreated,Vehicle,38.0,Clear
EVT_075_02584,SGR_ZONE_075,2024-07-24,7,Monsoon,22,1,Neutralized,Vehicle,54.0,Cloudy
EVT_075_02585,SGR_ZONE_075,2024-07-24,7,Monsoon,2,0,Undetected,Vehicle,,Cloudy
EVT_075_02586,SGR_ZONE_075,2024-10-22,10,Autumn,22,0,Undetected,Unknown,,Snow
EVT_075_02587,SGR_ZONE_075,2024-10-22,10,Autumn,23,1,Retreated,Drone (Suspicious),22.0,Snow
EVT_075_02588,SGR_ZONE_075,2024-10-22,10,Autumn,23,1,Retreated,Foot Patrol,32.0,Fog
EVT_075_02589,SGR_ZONE_075,2024-11-21,11,Autumn,23,1,Retreated,Vehicle,34.0,Cloudy
EVT_075_02590,SGR_ZONE_075,2024-11-21,11,Autumn,22,1,Retreated,Foot Patrol,36.0,Fog
EVT_076_02591,SGR_ZONE_076,2023-01-01,1,Winter,1,1,Retreated,Foot Patrol,49.0,Clear
EVT_076_02592,SGR_ZONE_076,2023-01-01,1,Winter,23,1,Alert Triggered,Vehicle,10.0,Snow
EVT_076_02593,SGR_ZONE_076,2023-01-01,1,Winter,23,1,Retreated,Vehicle,5.0,Snow
EVT_076_02594,SGR_ZONE_076,2023-01-31,1,Winter,23,1,Retreated,Vehicle,28.0,Cloudy
EVT_076_02595,SGR_ZONE_076,2023-01-31,1,Winter,4,1,Retreated,Foot Patrol,19.0,Cloudy
EVT_076_02596,SGR_ZONE_076,2023-01-31,1,Winter,22,1,Retreated,Foot Patrol,26.0,Snow
EVT_076_02597,SGR_ZONE_076,2023-01-31,1,Winter,23,0,Undetected,Unknown,,Fog
EVT_076_02598,SGR_ZONE_076,2023-01-31,1,Winter,23,1,Neutralized,Foot Patrol,46.0,Clear
EVT_076_02599,SGR_ZONE_076,2023-03-02,3,Spring,0,1,Alert Triggered,Foot Patrol,31.0,Cloudy
EVT_076_02600,SGR_ZONE_076,2023-03-02,3,Spring,2,1,Retreated,Foot Patrol,42.0,Snow
EVT_076_02601,SGR_ZONE_076,2023-03-02,3,Spring,4,0,Undetected,Vehicle,,Cloudy
EVT_076_02602,SGR_ZONE_076,2023-04-01,4,Spring,2,1,Retreated,Foot Patrol,13.0,Cloudy
EVT_076_02603,SGR_ZONE_076,2023-04-01,4,Spring,23,0,Undetected,Foot Patrol,,Fog
EVT_076_02604,SGR_ZONE_076,2023-05-31,5,Spring,23,1,Retreated,Unknown,37.0,Fog
EVT_076_02605,SGR_ZONE_076,2023-05-31,5,Spring,22,1,Retreated,Drone (Suspicious),11.0,Clear
EVT_076_02606,SGR_ZONE_076,2023-06-30,6,Monsoon,0,1,Retreated,Foot Patrol,39.0,Cloudy
EVT_076_02607,SGR_ZONE_076,2023-08-29,8,Monsoon,0,1,Retreated,Vehicle,8.0,Clear
EVT_076_02608,SGR_ZONE_076,2023-08-29,8,Monsoon,0,1,Retreated,Vehicle,53.0,Clear
EVT_076_02609,SGR_ZONE_076,2023-08-29,8,Monsoon,0,1,Alert Triggered,Foot Patrol,23.0,Cloudy
EVT_076_02610,SGR_ZONE_076,2023-09-28,9,Autumn,2,0,Undetected,Foot Patrol,,Fog
EVT_076_02611,SGR_ZONE_076,2023-09-28,9,Autumn,1,1,Alert Triggered,Unknown,37.0,Clear
EVT_076_02612,SGR_ZONE_076,2023-09-28,9,Autumn,0,1,Retreated,Vehicle,49.0,Clear
EVT_076_02613,SGR_ZONE_076,2023-09-28,9,Autumn,23,1,Neutralized,Foot Patrol,21.0,Cloudy
EVT_076_02614,SGR_ZONE_076,2023-09-28,9,Autumn,22,1,Retreated,Drone (Suspicious),55.0,Cloudy
EVT_076_02615,SGR_ZONE_076,2023-11-27,11,Autumn,1,1,Retreated,Vehicle,30.0,Fog
EVT_076_02616,SGR_ZONE_076,2023-11-27,11,Autumn,23,1,Alert Triggered,Foot Patrol,42.0,Clear
EVT_076_02617,SGR_ZONE_076,2023-11-27,11,Autumn,23,0,Undetected,Foot Patrol,,Cloudy
EVT_076_02618,SGR_ZONE_076,2023-11-27,11,Autumn,23,1,Alert Triggered,Foot Patrol,6.0,Cloudy
EVT_076_02619,SGR_ZONE_076,2023-12-27,12,Winter,2,1,Retreated,Foot Patrol,36.0,Clear
EVT_076_02620,SGR_ZONE_076,2023-12-27,12,Winter,23,1,Retreated,Vehicle,55.0,Fog
EVT_076_02621,SGR_ZONE_076,2023-12-27,12,Winter,0,1,Neutralized,Unknown,27.0,Clear
EVT_076_02622,SGR_ZONE_076,2023-12-27,12,Winter,22,1,Retreated,Vehicle,32.0,Fog
EVT_076_02623,SGR_ZONE_076,2023-12-27,12,Winter,23,1,Retreated,Foot Patrol,30.0,Fog
EVT_076_02624,SGR_ZONE_076,2024-01-26,1,Winter,2,1,Alert Triggered,Drone (Suspicious),6.0,Clear
EVT_076_02625,SGR_ZONE_076,2024-01-26,1,Winter,1,1,Alert Triggered,Drone (Suspicious),13.0,Clear
EVT_076_02626,SGR_ZONE_076,2024-02-25,2,Winter,23,1,Retreated,Foot Patrol,5.0,Cloudy
EVT_076_02627,SGR_ZONE_076,2024-02-25,2,Winter,0,0,Undetected,Unknown,,Cloudy
EVT_076_02628,SGR_ZONE_076,2024-02-25,2,Winter,1,0,Undetected,Foot Patrol,,Cloudy
EVT_076_02629,SGR_ZONE_076,2024-02-25,2,Winter,1,1,Alert Triggered,Foot Patrol,34.0,Snow
EVT_076_02630,SGR_ZONE_076,2024-02-25,2,Winter,22,0,Undetected,Foot Patrol,,Fog
EVT_076_02631,SGR_ZONE_076,2024-02-25,2,Winter,0,0,Undetected,Unknown,,Clear
EVT_076_02632,SGR_ZONE_076,2024-05-25,5,Spring,0,1,Neutralized,Foot Patrol,56.0,Clear
EVT_076_02633,SGR_ZONE_076,2024-07-24,7,Monsoon,3,1,Retreated,Foot Patrol,15.0,Cloudy
EVT_076_02634,SGR_ZONE_076,2024-07-24,7,Monsoon,0,1,Neutralized,Vehicle,18.0,Clear
EVT_076_02635,SGR_ZONE_076,2024-09-22,9,Autumn,23,1,Retreated,Vehicle,46.0,Clear
EVT_076_02636,SGR_ZONE_076,2024-09-22,9,Autumn,1,1,Retreated,Foot Patrol,56.0,Clear
EVT_076_02637,SGR_ZONE_076,2024-09-22,9,Autumn,3,1,Retreated,Drone (Suspicious),26.0,Cloudy
EVT_076_02638,SGR_ZONE_076,2024-10-22,10,Autumn,23,1,Alert Triggered,Foot Patrol,17.0,Clear
EVT_076_02639,SGR_ZONE_076,2024-10-22,10,Autumn,1,1,Retreated,Vehicle,43.0,Cloudy
EVT_076_02640,SGR_ZONE_076,2024-10-22,10,Autumn,1,1,Retreated,Foot Patrol,53.0,Cloudy
EVT_076_02641,SGR_ZONE_076,2024-10-22,10,Autumn,22,1,Neutralized,Foot Patrol,47.0,Fog
EVT_076_02642,SGR_ZONE_076,2024-11-21,11,Autumn,0,1,Alert Triggered,Drone (Suspicious),26.0,Clear
EVT_076_02643,SGR_ZONE_076,2024-11-21,11,Autumn,23,0,Undetected,Foot Patrol,,Fog
EVT_076_02644,SGR_ZONE_076,2024-11-21,11,Autumn,23,1,Neutralized,Foot Patrol,56.0,Snow
EVT_076_02645,SGR_ZONE_076,2024-11-21,11,Autumn,0,1,Neutralized,Foot Patrol,40.0,Fog
EVT_077_02646,SGR_ZONE_077,2023-01-01,1,Winter,22,1,Retreated,Vehicle,32.0,Cloudy
EVT_077_02647,SGR_ZONE_077,2023-01-01,1,Winter,23,0,Undetected,Foot Patrol,,Clear
EVT_077_02648,SGR_ZONE_077,2023-01-01,1,Winter,1,1,Retreated,Vehicle,34.0,Fog
EVT_077_02649,SGR_ZONE_077,2023-04-01,4,Spring,22,1,Retreated,Unknown,51.0,Cloudy
EVT_077_02650,SGR_ZONE_077,2023-05-31,5,Spring,0,1,Retreated,Unknown,40.0,Cloudy
EVT_077_02651,SGR_ZONE_077,2023-05-31,5,Spring,23,0,Undetected,Vehicle,,Snow
EVT_077_02652,SGR_ZONE_077,2023-05-31,5,Spring,23,1,Alert Triggered,Vehicle,25.0,Clear
EVT_077_02653,SGR_ZONE_077,2023-11-27,11,Autumn,1,0,Undetected,Foot Patrol,,Clear
EVT_077_02654,SGR_ZONE_077,2023-11-27,11,Autumn,0,0,Undetected,Foot Patrol,,Clear
EVT_077_02655,SGR_ZONE_077,2023-11-27,11,Autumn,22,1,Retreated,Vehicle,35.0,Cloudy
EVT_077_02656,SGR_ZONE_077,2023-12-27,12,Winter,0,1,Retreated,Foot Patrol,28.0,Fog
EVT_077_02657,SGR_ZONE_077,2023-12-27,12,Winter,2,1,Retreated,Vehicle,48.0,Cloudy
EVT_077_02658,SGR_ZONE_077,2024-01-26,1,Winter,1,0,Undetected,Unknown,,Cloudy
EVT_077_02659,SGR_ZONE_077,2024-01-26,1,Winter,22,1,Retreated,Foot Patrol,48.0,Clear
EVT_077_02660,SGR_ZONE_077,2024-01-26,1,Winter,0,1,Retreated,Vehicle,36.0,Snow
EVT_077_02661,SGR_ZONE_077,2024-01-26,1,Winter,22,1,Neutralized,Foot Patrol,31.0,Clear
EVT_077_02662,SGR_ZONE_077,2024-02-25,2,Winter,0,1,Retreated,Foot Patrol,15.0,Clear
EVT_077_02663,SGR_ZONE_077,2024-02-25,2,Winter,22,0,Undetected,Foot Patrol,,Fog
EVT_077_02664,SGR_ZONE_077,2024-02-25,2,Winter,3,0,Undetected,Foot Patrol,,Snow
EVT_077_02665,SGR_ZONE_077,2024-02-25,2,Winter,1,1,Neutralized,Foot Patrol,29.0,Snow
EVT_077_02666,SGR_ZONE_077,2024-03-26,3,Spring,0,0,Undetected,Vehicle,,Cloudy
EVT_077_02667,SGR_ZONE_077,2024-03-26,3,Spring,2,1,Alert Triggered,Foot Patrol,13.0,Fog
EVT_077_02668,SGR_ZONE_077,2024-03-26,3,Spring,1,1,Alert Triggered,Unknown,31.0,Cloudy
EVT_077_02669,SGR_ZONE_077,2024-04-25,4,Spring,23,1,Retreated,Drone (Suspicious),27.0,Clear
EVT_077_02670,SGR_ZONE_077,2024-04-25,4,Spring,23,1,Retreated,Foot Patrol,29.0,Cloudy
EVT_077_02671,SGR_ZONE_077,2024-05-25,5,Spring,0,1,Retreated,Foot Patrol,40.0,Clear
EVT_077_02672,SGR_ZONE_077,2024-05-25,5,Spring,0,1,Retreated,Vehicle,15.0,Snow
EVT_077_02673,SGR_ZONE_077,2024-09-22,9,Autumn,3,1,Retreated,Foot Patrol,21.0,Fog
EVT_077_02674,SGR_ZONE_077,2024-09-22,9,Autumn,23,1,Neutralized,Foot Patrol,14.0,Clear
EVT_077_02675,SGR_ZONE_077,2024-09-22,9,Autumn,0,1,Alert Triggered,Foot Patrol,59.0,Fog
EVT_078_02676,SGR_ZONE_078,2023-01-01,1,Winter,0,1,Retreated,Unknown,56.0,Clear
EVT_078_02677,SGR_ZONE_078,2023-01-01,1,Winter,22,1,Neutralized,Foot Patrol,17.0,Cloudy
EVT_078_02678,SGR_ZONE_078,2023-01-31,1,Winter,1,1,Retreated,Foot Patrol,7.0,Clear
EVT_078_02679,SGR_ZONE_078,2023-01-31,1,Winter,2,1,Neutralized,Foot Patrol,6.0,Snow
EVT_078_02680,SGR_ZONE_078,2023-01-31,1,Winter,1,0,Undetected,Vehicle,,Clear
EVT_078_02681,SGR_ZONE_078,2023-04-01,4,Spring,1,1,Neutralized,Foot Patrol,37.0,Cloudy
EVT_078_02682,SGR_ZONE_078,2023-04-01,4,Spring,4,1,Neutralized,Foot Patrol,15.0,Fog
EVT_078_02683,SGR_ZONE_078,2023-04-01,4,Spring,1,1,Retreated,Vehicle,16.0,Fog
EVT_078_02684,SGR_ZONE_078,2023-04-01,4,Spring,23,1,Retreated,Vehicle,6.0,Fog
EVT_078_02685,SGR_ZONE_078,2023-05-01,5,Spring,23,1,Retreated,Foot Patrol,23.0,Clear
EVT_078_02686,SGR_ZONE_078,2023-05-01,5,Spring,3,1,Retreated,Foot Patrol,33.0,Fog
EVT_078_02687,SGR_ZONE_078,2023-05-31,5,Spring,3,0,Undetected,Foot Patrol,,Cloudy
EVT_078_02688,SGR_ZONE_078,2023-05-31,5,Spring,1,1,Retreated,Foot Patrol,30.0,Fog
EVT_078_02689,SGR_ZONE_078,2023-05-31,5,Spring,1,1,Neutralized,Foot Patrol,38.0,Cloudy
EVT_078_02690,SGR_ZONE_078,2023-07-30,7,Monsoon,0,0,Undetected,Foot Patrol,,Fog
EVT_078_02691,SGR_ZONE_078,2023-07-30,7,Monsoon,23,1,Retreated,Unknown,17.0,Fog
EVT_078_02692,SGR_ZONE_078,2023-07-30,7,Monsoon,3,0,Undetected,Vehicle,,Fog
EVT_078_02693,SGR_ZONE_078,2023-07-30,7,Monsoon,22,1,Neutralized,Unknown,47.0,Clear
EVT_078_02694,SGR_ZONE_078,2023-10-28,10,Autumn,23,1,Neutralized,Drone (Suspicious),51.0,Clear
EVT_078_02695,SGR_ZONE_078,2023-10-28,10,Autumn,3,0,Undetected,Vehicle,,Fog
EVT_078_02696,SGR_ZONE_078,2023-10-28,10,Autumn,23,1,Neutralized,Drone (Suspicious),54.0,Clear
EVT_078_02697,SGR_ZONE_078,2023-11-27,11,Autumn,1,0,Undetected,Unknown,,Snow
EVT_078_02698,SGR_ZONE_078,2023-12-27,12,Winter,22,0,Undetected,Unknown,,Cloudy
EVT_078_02699,SGR_ZONE_078,2024-01-26,1,Winter,0,1,Retreated,Foot Patrol,58.0,Fog
EVT_078_02700,SGR_ZONE_078,2024-01-26,1,Winter,4,1,Neutralized,Unknown,14.0,Clear
EVT_078_02701,SGR_ZONE_078,2024-01-26,1,Winter,0,1,Neutralized,Foot Patrol,22.0,Snow
EVT_078_02702,SGR_ZONE_078,2024-02-25,2,Winter,4,0,Undetected,Unknown,,Fog
EVT_078_02703,SGR_ZONE_078,2024-02-25,2,Winter,22,1,Retreated,Unknown,41.0,Cloudy
EVT_078_02704,SGR_ZONE_078,2024-02-25,2,Winter,1,1,Retreated,Vehicle,39.0,Fog
EVT_078_02705,SGR_ZONE_078,2024-02-25,2,Winter,23,0,Undetected,Foot Patrol,,Clear
EVT_078_02706,SGR_ZONE_078,2024-02-25,2,Winter,0,1,Retreated,Foot Patrol,56.0,Clear
EVT_078_02707,SGR_ZONE_078,2024-03-26,3,Spring,2,1,Retreated,Foot Patrol,51.0,Clear
EVT_078_02708,SGR_ZONE_078,2024-03-26,3,Spring,2,1,Alert Triggered,Unknown,32.0,Clear
EVT_078_02709,SGR_ZONE_078,2024-03-26,3,Spring,22,0,Undetected,Foot Patrol,,Fog
EVT_078_02710,SGR_ZONE_078,2024-03-26,3,Spring,0,1,Neutralized,Foot Patrol,52.0,Snow
EVT_078_02711,SGR_ZONE_078,2024-04-25,4,Spring,2,0,Undetected,Foot Patrol,,Clear
EVT_078_02712,SGR_ZONE_078,2024-04-25,4,Spring,23,1,Retreated,Vehicle,31.0,Fog
EVT_078_02713,SGR_ZONE_078,2024-04-25,4,Spring,22,1,Neutralized,Foot Patrol,48.0,Clear
EVT_078_02714,SGR_ZONE_078,2024-04-25,4,Spring,2,1,Retreated,Foot Patrol,19.0,Clear
EVT_078_02715,SGR_ZONE_078,2024-05-25,5,Spring,2,1,Retreated,Vehicle,9.0,Clear
EVT_078_02716,SGR_ZONE_078,2024-05-25,5,Spring,1,1,Alert Triggered,Foot Patrol,51.0,Cloudy
EVT_078_02717,SGR_ZONE_078,2024-06-24,6,Monsoon,2,1,Retreated,Foot Patrol,53.0,Cloudy
EVT_078_02718,SGR_ZONE_078,2024-09-22,9,Autumn,0,1,Neutralized,Unknown,53.0,Snow
EVT_078_02719,SGR_ZONE_078,2024-09-22,9,Autumn,0,0,Undetected,Unknown,,Clear
EVT_079_02720,SGR_ZONE_079,2023-01-01,1,Winter,22,0,Undetected,Foot Patrol,,Clear
EVT_079_02721,SGR_ZONE_079,2023-01-01,1,Winter,4,1,Retreated,Foot Patrol,59.0,Cloudy
EVT_079_02722,SGR_ZONE_079,2023-01-01,1,Winter,2,1,Retreated,Unknown,56.0,Clear
EVT_079_02723,SGR_ZONE_079,2023-01-31,1,Winter,23,1,Retreated,Foot Patrol,13.0,Clear
EVT_079_02724,SGR_ZONE_079,2023-01-31,1,Winter,23,1,Retreated,Drone (Suspicious),8.0,Cloudy
EVT_079_02725,SGR_ZONE_079,2023-03-02,3,Spring,1,1,Alert Triggered,Vehicle,25.0,Cloudy
EVT_079_02726,SGR_ZONE_079,2023-03-02,3,Spring,1,1,Retreated,Vehicle,19.0,Cloudy
EVT_079_02727,SGR_ZONE_079,2023-04-01,4,Spring,23,0,Undetected,Unknown,,Cloudy
EVT_079_02728,SGR_ZONE_079,2023-05-01,5,Spring,0,0,Undetected,Drone (Suspicious),,Cloudy
EVT_079_02729,SGR_ZONE_079,2023-05-01,5,Spring,23,1,Retreated,Unknown,31.0,Fog
EVT_079_02730,SGR_ZONE_079,2023-05-01,5,Spring,0,1,Retreated,Unknown,24.0,Clear
EVT_079_02731,SGR_ZONE_079,2023-05-01,5,Spring,4,1,Neutralized,Foot Patrol,30.0,Clear
EVT_079_02732,SGR_ZONE_079,2023-05-01,5,Spring,23,1,Neutralized,Unknown,56.0,Cloudy
EVT_079_02733,SGR_ZONE_079,2023-05-31,5,Spring,0,1,Retreated,Vehicle,56.0,Clear
EVT_079_02734,SGR_ZONE_079,2023-06-30,6,Monsoon,23,1,Neutralized,Vehicle,14.0,Clear
EVT_079_02735,SGR_ZONE_079,2023-06-30,6,Monsoon,3,1,Alert Triggered,Drone (Suspicious),37.0,Snow
EVT_079_02736,SGR_ZONE_079,2023-06-30,6,Monsoon,0,1,Retreated,Foot Patrol,8.0,Fog
EVT_079_02737,SGR_ZONE_079,2023-10-28,10,Autumn,23,1,Neutralized,Drone (Suspicious),12.0,Cloudy
EVT_079_02738,SGR_ZONE_079,2023-10-28,10,Autumn,2,1,Neutralized,Vehicle,11.0,Cloudy
EVT_079_02739,SGR_ZONE_079,2023-12-27,12,Winter,2,1,Neutralized,Unknown,45.0,Cloudy
EVT_079_02740,SGR_ZONE_079,2023-12-27,12,Winter,0,1,Retreated,Foot Patrol,23.0,Clear
EVT_079_02741,SGR_ZONE_079,2023-12-27,12,Winter,22,0,Undetected,Foot Patrol,,Cloudy
EVT_079_02742,SGR_ZONE_079,2024-01-26,1,Winter,3,1,Retreated,Foot Patrol,37.0,Clear
EVT_079_02743,SGR_ZONE_079,2024-02-25,2,Winter,0,1,Neutralized,Unknown,35.0,Cloudy
EVT_079_02744,SGR_ZONE_079,2024-02-25,2,Winter,4,0,Undetected,Foot Patrol,,Clear
EVT_079_02745,SGR_ZONE_079,2024-02-25,2,Winter,22,1,Alert Triggered,Unknown,33.0,Clear
EVT_079_02746,SGR_ZONE_079,2024-03-26,3,Spring,0,1,Alert Triggered,Foot Patrol,13.0,Snow
EVT_079_02747,SGR_ZONE_079,2024-04-25,4,Spring,22,0,Undetected,Unknown,,Clear
EVT_079_02748,SGR_ZONE_079,2024-04-25,4,Spring,4,1,Neutralized,Vehicle,27.0,Cloudy
EVT_079_02749,SGR_ZONE_079,2024-04-25,4,Spring,1,1,Retreated,Foot Patrol,49.0,Cloudy
EVT_079_02750,SGR_ZONE_079,2024-04-25,4,Spring,0,1,Retreated,Drone (Suspicious),55.0,Clear
EVT_079_02751,SGR_ZONE_079,2024-05-25,5,Spring,0,1,Retreated,Foot Patrol,47.0,Cloudy
EVT_079_02752,SGR_ZONE_079,2024-06-24,6,Monsoon,23,1,Neutralized,Foot Patrol,33.0,Clear
EVT_079_02753,SGR_ZONE_079,2024-06-24,6,Monsoon,2,1,Retreated,Foot Patrol,15.0,Clear
EVT_079_02754,SGR_ZONE_079,2024-07-24,7,Monsoon,22,1,Neutralized,Unknown,24.0,Cloudy
EVT_079_02755,SGR_ZONE_079,2024-07-24,7,Monsoon,1,1,Retreated,Vehicle,39.0,Clear
EVT_079_02756,SGR_ZONE_079,2024-07-24,7,Monsoon,0,1,Neutralized,Foot Patrol,7.0,Clear
EVT_079_02757,SGR_ZONE_079,2024-09-22,9,Autumn,0,1,Alert Triggered,Vehicle,43.0,Clear
EVT_079_02758,SGR_ZONE_079,2024-09-22,9,Autumn,23,1,Retreated,Foot Patrol,21.0,Cloudy
EVT_079_02759,SGR_ZONE_079,2024-10-22,10,Autumn,4,1,Neutralized,Foot Patrol,37.0,Snow
EVT_079_02760,SGR_ZONE_079,2024-10-22,10,Autumn,0,0,Undetected,Vehicle,,Fog
EVT_079_02761,SGR_ZONE_079,2024-10-22,10,Autumn,1,1,Retreated,Foot Patrol,55.0,Cloudy
EVT_079_02762,SGR_ZONE_079,2024-10-22,10,Autumn,0,1,Neutralized,Foot Patrol,12.0,Clear
EVT_079_02763,SGR_ZONE_079,2024-10-22,10,Autumn,23,1,Retreated,Foot Patrol,53.0,Clear
EVT_079_02764,SGR_ZONE_079,2024-10-22,10,Autumn,0,0,Undetected,Foot Patrol,,Clear
EVT_079_02765,SGR_ZONE_079,2024-11-21,11,Autumn,1,1,Retreated,Foot Patrol,32.0,Cloudy
EVT_079_02766,SGR_ZONE_079,2024-11-21,11,Autumn,4,1,Retreated,Unknown,36.0,Fog
EVT_080_02767,SGR_ZONE_080,2023-01-01,1,Winter,1,1,Retreated,Foot Patrol,30.0,Fog
EVT_080_02768,SGR_ZONE_080,2023-01-31,1,Winter,23,1,Neutralized,Unknown,12.0,Snow
EVT_080_02769,SGR_ZONE_080,2023-01-31,1,Winter,22,0,Undetected,Drone (Suspicious),,Cloudy
EVT_080_02770,SGR_ZONE_080,2023-04-01,4,Spring,0,1,Retreated,Drone (Suspicious),55.0,Clear
EVT_080_02771,SGR_ZONE_080,2023-05-01,5,Spring,22,1,Retreated,Vehicle,34.0,Cloudy
EVT_080_02772,SGR_ZONE_080,2023-05-31,5,Spring,0,1,Neutralized,Drone (Suspicious),7.0,Fog
EVT_080_02773,SGR_ZONE_080,2023-05-31,5,Spring,23,1,Neutralized,Foot Patrol,58.0,Cloudy
EVT_080_02774,SGR_ZONE_080,2023-08-29,8,Monsoon,4,1,Retreated,Drone (Suspicious),8.0,Cloudy
EVT_080_02775,SGR_ZONE_080,2023-08-29,8,Monsoon,1,1,Alert Triggered,Vehicle,43.0,Cloudy
EVT_080_02776,SGR_ZONE_080,2023-09-28,9,Autumn,0,1,Retreated,Foot Patrol,43.0,Clear
EVT_080_02777,SGR_ZONE_080,2023-09-28,9,Autumn,0,0,Undetected,Unknown,,Fog
EVT_080_02778,SGR_ZONE_080,2023-10-28,10,Autumn,23,1,Retreated,Foot Patrol,24.0,Clear
EVT_080_02779,SGR_ZONE_080,2023-10-28,10,Autumn,1,1,Retreated,Unknown,22.0,Cloudy
EVT_080_02780,SGR_ZONE_080,2023-10-28,10,Autumn,23,1,Neutralized,Foot Patrol,46.0,Cloudy
EVT_080_02781,SGR_ZONE_080,2023-11-27,11,Autumn,22,1,Alert Triggered,Foot Patrol,39.0,Fog
EVT_080_02782,SGR_ZONE_080,2023-11-27,11,Autumn,0,1,Retreated,Drone (Suspicious),58.0,Fog
EVT_080_02783,SGR_ZONE_080,2023-11-27,11,Autumn,0,1,Retreated,Foot Patrol,48.0,Clear
EVT_080_02784,SGR_ZONE_080,2023-12-27,12,Winter,22,1,Neutralized,Drone (Suspicious),18.0,Fog
EVT_080_02785,SGR_ZONE_080,2023-12-27,12,Winter,0,0,Undetected,Drone (Suspicious),,Clear
EVT_080_02786,SGR_ZONE_080,2024-01-26,1,Winter,3,1,Alert Triggered,Foot Patrol,5.0,Clear
EVT_080_02787,SGR_ZONE_080,2024-01-26,1,Winter,22,0,Undetected,Vehicle,,Cloudy
EVT_080_02788,SGR_ZONE_080,2024-01-26,1,Winter,23,1,Retreated,Foot Patrol,56.0,Cloudy
EVT_080_02789,SGR_ZONE_080,2024-02-25,2,Winter,1,1,Retreated,Foot Patrol,21.0,Cloudy
EVT_080_02790,SGR_ZONE_080,2024-02-25,2,Winter,2,1,Retreated,Drone (Suspicious),9.0,Cloudy
EVT_080_02791,SGR_ZONE_080,2024-04-25,4,Spring,23,0,Undetected,Unknown,,Fog
EVT_080_02792,SGR_ZONE_080,2024-04-25,4,Spring,4,0,Undetected,Foot Patrol,,Clear
EVT_080_02793,SGR_ZONE_080,2024-08-23,8,Monsoon,1,1,Alert Triggered,Foot Patrol,20.0,Clear
EVT_080_02794,SGR_ZONE_080,2024-08-23,8,Monsoon,23,1,Neutralized,Foot Patrol,29.0,Cloudy
EVT_080_02795,SGR_ZONE_080,2024-10-22,10,Autumn,0,1,Neutralized,Drone (Suspicious),18.0,Clear
EVT_080_02796,SGR_ZONE_080,2024-10-22,10,Autumn,0,0,Undetected,Foot Patrol,,Clear
EVT_080_02797,SGR_ZONE_080,2024-10-22,10,Autumn,0,0,Undetected,Foot Patrol,,Cloudy
EVT_080_02798,SGR_ZONE_080,2024-11-21,11,Autumn,0,1,Neutralized,Unknown,16.0,Cloudy
EVT_080_02799,SGR_ZONE_080,2024-11-21,11,Autumn,23,1,Neutralized,Foot Patrol,45.0,Clear
EVT_080_02800,SGR_ZONE_080,2024-11-21,11,Autumn,0,1,Alert Triggered,Foot Patrol,32.0,Snow
EVT_080_02801,SGR_ZONE_080,2024-11-21,11,Autumn,23,0,Undetected,Unknown,,Clear
EVT_081_02802,SGR_ZONE_081,2023-03-02,3,Spring,22,1,Neutralized,Unknown,46.0,Clear
EVT_081_02803,SGR_ZONE_081,2023-05-31,5,Spring,2,0,Undetected,Drone (Suspicious),,Snow
EVT_081_02804,SGR_ZONE_081,2023-05-31,5,Spring,0,1,Alert Triggered,Foot Patrol,27.0,Clear
EVT_081_02805,SGR_ZONE_081,2023-05-31,5,Spring,22,1,Retreated,Foot Patrol,37.0,Clear
EVT_081_02806,SGR_ZONE_081,2023-06-30,6,Monsoon,0,0,Undetected,Drone (Suspicious),,Cloudy
EVT_081_02807,SGR_ZONE_081,2023-12-27,12,Winter,4,1,Retreated,Vehicle,52.0,Clear
EVT_081_02808,SGR_ZONE_081,2023-12-27,12,Winter,22,0,Undetected,Foot Patrol,,Snow
EVT_081_02809,SGR_ZONE_081,2024-02-25,2,Winter,22,1,Alert Triggered,Vehicle,39.0,Clear
EVT_081_02810,SGR_ZONE_081,2024-02-25,2,Winter,0,1,Retreated,Foot Patrol,51.0,Cloudy
EVT_081_02811,SGR_ZONE_081,2024-02-25,2,Winter,2,0,Undetected,Foot Patrol,,Snow
EVT_081_02812,SGR_ZONE_081,2024-03-26,3,Spring,2,1,Retreated,Foot Patrol,12.0,Snow
EVT_081_02813,SGR_ZONE_081,2024-03-26,3,Spring,22,1,Retreated,Foot Patrol,22.0,Cloudy
EVT_082_02814,SGR_ZONE_082,2023-03-02,3,Spring,0,0,Undetected,Vehicle,,Cloudy
EVT_082_02815,SGR_ZONE_082,2023-03-02,3,Spring,22,0,Undetected,Unknown,,Cloudy
EVT_082_02816,SGR_ZONE_082,2023-03-02,3,Spring,23,0,Undetected,Vehicle,,Cloudy
EVT_082_02817,SGR_ZONE_082,2023-03-02,3,Spring,0,1,Neutralized,Foot Patrol,50.0,Cloudy
EVT_082_02818,SGR_ZONE_082,2023-03-02,3,Spring,0,1,Neutralized,Vehicle,21.0,Fog
EVT_082_02819,SGR_ZONE_082,2023-05-01,5,Spring,1,1,Retreated,Foot Patrol,19.0,Fog
EVT_082_02820,SGR_ZONE_082,2023-05-01,5,Spring,3,1,Retreated,Drone (Suspicious),36.0,Cloudy
EVT_082_02821,SGR_ZONE_082,2023-05-01,5,Spring,22,0,Undetected,Vehicle,,Clear
EVT_082_02822,SGR_ZONE_082,2023-05-01,5,Spring,23,1,Retreated,Vehicle,35.0,Clear
EVT_082_02823,SGR_ZONE_082,2023-05-01,5,Spring,1,1,Neutralized,Foot Patrol,6.0,Fog
EVT_082_02824,SGR_ZONE_082,2023-05-31,5,Spring,2,1,Retreated,Foot Patrol,28.0,Cloudy
EVT_082_02825,SGR_ZONE_082,2023-05-31,5,Spring,2,1,Retreated,Unknown,8.0,Clear
EVT_082_02826,SGR_ZONE_082,2023-05-31,5,Spring,1,1,Neutralized,Foot Patrol,14.0,Clear
EVT_082_02827,SGR_ZONE_082,2023-07-30,7,Monsoon,1,1,Retreated,Foot Patrol,25.0,Fog
EVT_082_02828,SGR_ZONE_082,2023-09-28,9,Autumn,3,1,Alert Triggered,Foot Patrol,48.0,Clear
EVT_082_02829,SGR_ZONE_082,2023-09-28,9,Autumn,23,1,Retreated,Foot Patrol,20.0,Fog
EVT_082_02830,SGR_ZONE_082,2023-09-28,9,Autumn,2,1,Neutralized,Drone (Suspicious),22.0,Fog
EVT_082_02831,SGR_ZONE_082,2023-11-27,11,Autumn,0,1,Retreated,Vehicle,29.0,Clear
EVT_082_02832,SGR_ZONE_082,2023-11-27,11,Autumn,1,1,Retreated,Foot Patrol,26.0,Clear
EVT_082_02833,SGR_ZONE_082,2023-12-27,12,Winter,1,1,Neutralized,Unknown,41.0,Snow
EVT_082_02834,SGR_ZONE_082,2024-02-25,2,Winter,0,1,Alert Triggered,Drone (Suspicious),10.0,Cloudy
EVT_082_02835,SGR_ZONE_082,2024-02-25,2,Winter,23,0,Undetected,Foot Patrol,,Cloudy
EVT_082_02836,SGR_ZONE_082,2024-02-25,2,Winter,22,1,Alert Triggered,Foot Patrol,41.0,Cloudy
EVT_082_02837,SGR_ZONE_082,2024-09-22,9,Autumn,4,1,Neutralized,Drone (Suspicious),52.0,Clear
EVT_082_02838,SGR_ZONE_082,2024-09-22,9,Autumn,2,0,Undetected,Drone (Suspicious),,Clear
EVT_082_02839,SGR_ZONE_082,2024-11-21,11,Autumn,4,0,Undetected,Foot Patrol,,Clear
EVT_082_02840,SGR_ZONE_082,2024-11-21,11,Autumn,23,1,Neutralized,Unknown,22.0,Cloudy
EVT_083_02841,SGR_ZONE_083,2023-01-01,1,Winter,0,1,Retreated,Drone (Suspicious),5.0,Fog
EVT_083_02842,SGR_ZONE_083,2023-01-01,1,Winter,0,1,Alert Triggered,Foot Patrol,47.0,Clear
EVT_083_02843,SGR_ZONE_083,2023-01-01,1,Winter,0,1,Retreated,Foot Patrol,22.0,Snow
EVT_083_02844,SGR_ZONE_083,2023-03-02,3,Spring,22,1,Neutralized,Unknown,42.0,Clear
EVT_083_02845,SGR_ZONE_083,2023-03-02,3,Spring,1,1,Retreated,Vehicle,35.0,Clear
EVT_083_02846,SGR_ZONE_083,2023-03-02,3,Spring,0,1,Retreated,Unknown,31.0,Snow
EVT_083_02847,SGR_ZONE_083,2023-03-02,3,Spring,1,0,Undetected,Unknown,,Clear
EVT_083_02848,SGR_ZONE_083,2023-04-01,4,Spring,1,1,Retreated,Foot Patrol,8.0,Clear
EVT_083_02849,SGR_ZONE_083,2023-05-31,5,Spring,22,1,Retreated,Foot Patrol,41.0,Fog
EVT_083_02850,SGR_ZONE_083,2023-05-31,5,Spring,3,1,Neutralized,Vehicle,49.0,Clear
EVT_083_02851,SGR_ZONE_083,2023-05-31,5,Spring,0,0,Undetected,Drone (Suspicious),,Cloudy
EVT_083_02852,SGR_ZONE_083,2023-07-30,7,Monsoon,1,1,Alert Triggered,Vehicle,37.0,Clear
EVT_083_02853,SGR_ZONE_083,2023-07-30,7,Monsoon,1,1,Retreated,Foot Patrol,11.0,Fog
EVT_083_02854,SGR_ZONE_083,2023-12-27,12,Winter,0,1,Alert Triggered,Foot Patrol,11.0,Clear
EVT_083_02855,SGR_ZONE_083,2023-12-27,12,Winter,23,1,Retreated,Foot Patrol,20.0,Fog
EVT_083_02856,SGR_ZONE_083,2024-01-26,1,Winter,4,1,Alert Triggered,Foot Patrol,41.0,Fog
EVT_083_02857,SGR_ZONE_083,2024-01-26,1,Winter,23,1,Alert Triggered,Drone (Suspicious),35.0,Clear
EVT_083_02858,SGR_ZONE_083,2024-01-26,1,Winter,0,1,Retreated,Vehicle,53.0,Cloudy
EVT_083_02859,SGR_ZONE_083,2024-01-26,1,Winter,22,1,Neutralized,Foot Patrol,51.0,Clear
EVT_083_02860,SGR_ZONE_083,2024-01-26,1,Winter,23,1,Alert Triggered,Foot Patrol,40.0,Fog
EVT_083_02861,SGR_ZONE_083,2024-01-26,1,Winter,3,0,Undetected,Foot Patrol,,Cloudy
EVT_083_02862,SGR_ZONE_083,2024-02-25,2,Winter,23,1,Retreated,Foot Patrol,14.0,Clear
EVT_083_02863,SGR_ZONE_083,2024-02-25,2,Winter,1,1,Alert Triggered,Unknown,18.0,Clear
EVT_083_02864,SGR_ZONE_083,2024-02-25,2,Winter,1,1,Retreated,Vehicle,8.0,Fog
EVT_083_02865,SGR_ZONE_083,2024-02-25,2,Winter,23,1,Retreated,Vehicle,27.0,Clear
EVT_083_02866,SGR_ZONE_083,2024-02-25,2,Winter,1,0,Undetected,Foot Patrol,,Clear
EVT_083_02867,SGR_ZONE_083,2024-03-26,3,Spring,23,0,Undetected,Foot Patrol,,Cloudy
EVT_083_02868,SGR_ZONE_083,2024-03-26,3,Spring,23,0,Undetected,Foot Patrol,,Fog
EVT_083_02869,SGR_ZONE_083,2024-04-25,4,Spring,4,1,Alert Triggered,Foot Patrol,16.0,Cloudy
EVT_083_02870,SGR_ZONE_083,2024-04-25,4,Spring,1,0,Undetected,Vehicle,,Clear
EVT_083_02871,SGR_ZONE_083,2024-04-25,4,Spring,0,1,Alert Triggered,Foot Patrol,50.0,Clear
EVT_084_02872,SGR_ZONE_084,2023-01-01,1,Winter,3,1,Alert Triggered,Unknown,16.0,Fog
EVT_084_02873,SGR_ZONE_084,2023-01-31,1,Winter,22,1,Retreated,Foot Patrol,11.0,Snow
EVT_084_02874,SGR_ZONE_084,2023-03-02,3,Spring,0,1,Neutralized,Foot Patrol,41.0,Fog
EVT_084_02875,SGR_ZONE_084,2023-03-02,3,Spring,1,0,Undetected,Unknown,,Clear
EVT_084_02876,SGR_ZONE_084,2023-03-02,3,Spring,23,1,Alert Triggered,Drone (Suspicious),27.0,Fog
EVT_084_02877,SGR_ZONE_084,2023-05-01,5,Spring,22,1,Neutralized,Unknown,56.0,Fog
EVT_084_02878,SGR_ZONE_084,2023-05-01,5,Spring,0,1,Retreated,Unknown,58.0,Cloudy
EVT_084_02879,SGR_ZONE_084,2023-05-01,5,Spring,3,0,Undetected,Foot Patrol,,Cloudy
EVT_084_02880,SGR_ZONE_084,2023-05-01,5,Spring,0,0,Undetected,Foot Patrol,,Cloudy
EVT_084_02881,SGR_ZONE_084,2023-05-31,5,Spring,23,1,Alert Triggered,Foot Patrol,15.0,Clear
EVT_084_02882,SGR_ZONE_084,2023-05-31,5,Spring,22,1,Retreated,Foot Patrol,45.0,Fog
EVT_084_02883,SGR_ZONE_084,2023-11-27,11,Autumn,22,0,Undetected,Unknown,,Fog
EVT_084_02884,SGR_ZONE_084,2023-12-27,12,Winter,2,1,Retreated,Foot Patrol,34.0,Fog
EVT_084_02885,SGR_ZONE_084,2023-12-27,12,Winter,1,0,Undetected,Vehicle,,Cloudy
EVT_084_02886,SGR_ZONE_084,2023-12-27,12,Winter,0,1,Retreated,Vehicle,31.0,Clear
EVT_084_02887,SGR_ZONE_084,2024-01-26,1,Winter,1,1,Alert Triggered,Foot Patrol,7.0,Snow
EVT_084_02888,SGR_ZONE_084,2024-01-26,1,Winter,23,0,Undetected,Foot Patrol,,Clear
EVT_084_02889,SGR_ZONE_084,2024-01-26,1,Winter,0,1,Alert Triggered,Foot Patrol,32.0,Clear
EVT_084_02890,SGR_ZONE_084,2024-01-26,1,Winter,22,1,Neutralized,Drone (Suspicious),9.0,Cloudy
EVT_084_02891,SGR_ZONE_084,2024-01-26,1,Winter,23,1,Retreated,Foot Patrol,28.0,Cloudy
EVT_084_02892,SGR_ZONE_084,2024-02-25,2,Winter,1,1,Retreated,Foot Patrol,31.0,Clear
EVT_084_02893,SGR_ZONE_084,2024-04-25,4,Spring,0,1,Retreated,Drone (Suspicious),38.0,Fog
EVT_084_02894,SGR_ZONE_084,2024-04-25,4,Spring,1,1,Retreated,Vehicle,38.0,Cloudy
EVT_084_02895,SGR_ZONE_084,2024-09-22,9,Autumn,0,1,Retreated,Unknown,9.0,Snow
EVT_084_02896,SGR_ZONE_084,2024-09-22,9,Autumn,0,1,Retreated,Unknown,7.0,Cloudy
EVT_084_02897,SGR_ZONE_084,2024-10-22,10,Autumn,23,1,Alert Triggered,Foot Patrol,15.0,Clear
EVT_084_02898,SGR_ZONE_084,2024-11-21,11,Autumn,1,1,Retreated,Unknown,43.0,Fog
EVT_084_02899,SGR_ZONE_084,2024-11-21,11,Autumn,0,1,Retreated,Vehicle,44.0,Fog
EVT_085_02900,SGR_ZONE_085,2023-01-31,1,Winter,1,1,Alert Triggered,Foot Patrol,41.0,Fog
EVT_085_02901,SGR_ZONE_085,2023-01-31,1,Winter,1,1,Neutralized,Foot Patrol,58.0,Snow
EVT_085_02902,SGR_ZONE_085,2023-01-31,1,Winter,0,1,Neutralized,Unknown,56.0,Cloudy
EVT_085_02903,SGR_ZONE_085,2023-01-31,1,Winter,2,1,Retreated,Foot Patrol,15.0,Clear
EVT_085_02904,SGR_ZONE_085,2023-01-31,1,Winter,23,1,Alert Triggered,Drone (Suspicious),20.0,Clear
EVT_085_02905,SGR_ZONE_085,2023-04-01,4,Spring,2,1,Retreated,Foot Patrol,21.0,Clear
EVT_085_02906,SGR_ZONE_085,2023-04-01,4,Spring,23,1,Alert Triggered,Foot Patrol,35.0,Cloudy
EVT_085_02907,SGR_ZONE_085,2023-04-01,4,Spring,0,1,Retreated,Foot Patrol,20.0,Snow
EVT_085_02908,SGR_ZONE_085,2023-04-01,4,Spring,0,1,Alert Triggered,Unknown,37.0,Clear
EVT_085_02909,SGR_ZONE_085,2023-04-01,4,Spring,4,1,Neutralized,Foot Patrol,55.0,Fog
EVT_085_02910,SGR_ZONE_085,2023-04-01,4,Spring,0,1,Alert Triggered,Foot Patrol,44.0,Fog
EVT_085_02911,SGR_ZONE_085,2023-04-01,4,Spring,23,1,Alert Triggered,Foot Patrol,52.0,Snow
EVT_085_02912,SGR_ZONE_085,2023-04-01,4,Spring,0,1,Retreated,Unknown,35.0,Fog
EVT_085_02913,SGR_ZONE_085,2023-05-31,5,Spring,23,1,Alert Triggered,Foot Patrol,22.0,Cloudy
EVT_085_02914,SGR_ZONE_085,2023-05-31,5,Spring,1,0,Undetected,Foot Patrol,,Cloudy
EVT_085_02915,SGR_ZONE_085,2023-05-31,5,Spring,22,0,Undetected,Foot Patrol,,Snow
EVT_085_02916,SGR_ZONE_085,2023-05-31,5,Spring,4,0,Undetected,Foot Patrol,,Clear
EVT_085_02917,SGR_ZONE_085,2023-05-31,5,Spring,2,1,Retreated,Vehicle,28.0,Clear
EVT_085_02918,SGR_ZONE_085,2023-06-30,6,Monsoon,23,0,Undetected,Foot Patrol,,Fog
EVT_085_02919,SGR_ZONE_085,2023-06-30,6,Monsoon,22,1,Retreated,Vehicle,33.0,Fog
EVT_085_02920,SGR_ZONE_085,2023-06-30,6,Monsoon,22,1,Retreated,Unknown,17.0,Cloudy
EVT_085_02921,SGR_ZONE_085,2023-06-30,6,Monsoon,23,0,Undetected,Vehicle,,Snow
EVT_085_02922,SGR_ZONE_085,2023-06-30,6,Monsoon,23,1,Alert Triggered,Unknown,40.0,Fog
EVT_085_02923,SGR_ZONE_085,2023-07-30,7,Monsoon,1,1,Neutralized,Foot Patrol,19.0,Clear
EVT_085_02924,SGR_ZONE_085,2023-07-30,7,Monsoon,22,1,Retreated,Foot Patrol,43.0,Clear
EVT_085_02925,SGR_ZONE_085,2023-09-28,9,Autumn,1,1,Retreated,Vehicle,59.0,Fog
EVT_085_02926,SGR_ZONE_085,2023-09-28,9,Autumn,1,1,Alert Triggered,Vehicle,42.0,Fog
EVT_085_02927,SGR_ZONE_085,2023-10-28,10,Autumn,23,1,Retreated,Vehicle,57.0,Clear
EVT_085_02928,SGR_ZONE_085,2024-01-26,1,Winter,23,0,Undetected,Foot Patrol,,Clear
EVT_085_02929,SGR_ZONE_085,2024-01-26,1,Winter,23,1,Retreated,Foot Patrol,48.0,Fog
EVT_085_02930,SGR_ZONE_085,2024-01-26,1,Winter,23,0,Undetected,Drone (Suspicious),,Fog
EVT_085_02931,SGR_ZONE_085,2024-01-26,1,Winter,1,0,Undetected,Foot Patrol,,Cloudy
EVT_085_02932,SGR_ZONE_085,2024-04-25,4,Spring,1,0,Undetected,Foot Patrol,,Clear
EVT_085_02933,SGR_ZONE_085,2024-04-25,4,Spring,23,0,Undetected,Foot Patrol,,Clear
EVT_085_02934,SGR_ZONE_085,2024-04-25,4,Spring,22,1,Retreated,Foot Patrol,59.0,Clear
EVT_085_02935,SGR_ZONE_085,2024-08-23,8,Monsoon,0,1,Retreated,Unknown,6.0,Fog
EVT_085_02936,SGR_ZONE_085,2024-10-22,10,Autumn,22,0,Undetected,Drone (Suspicious),,Clear
EVT_086_02937,SGR_ZONE_086,2023-01-01,1,Winter,3,0,Undetected,Drone (Suspicious),,Cloudy
EVT_086_02938,SGR_ZONE_086,2023-01-01,1,Winter,0,0,Undetected,Vehicle,,Clear
EVT_086_02939,SGR_ZONE_086,2023-01-31,1,Winter,1,1,Neutralized,Foot Patrol,50.0,Fog
EVT_086_02940,SGR_ZONE_086,2023-01-31,1,Winter,4,1,Retreated,Foot Patrol,6.0,Fog
EVT_086_02941,SGR_ZONE_086,2023-01-31,1,Winter,0,0,Undetected,Unknown,,Fog
EVT_086_02942,SGR_ZONE_086,2023-05-31,5,Spring,3,1,Retreated,Foot Patrol,57.0,Snow
EVT_086_02943,SGR_ZONE_086,2023-09-28,9,Autumn,1,0,Undetected,Vehicle,,Cloudy
EVT_086_02944,SGR_ZONE_086,2023-10-28,10,Autumn,23,0,Undetected,Vehicle,,Fog
EVT_086_02945,SGR_ZONE_086,2023-10-28,10,Autumn,0,1,Neutralized,Foot Patrol,15.0,Cloudy
EVT_086_02946,SGR_ZONE_086,2023-10-28,10,Autumn,23,1,Retreated,Foot Patrol,29.0,Fog
EVT_086_02947,SGR_ZONE_086,2023-11-27,11,Autumn,23,1,Neutralized,Drone (Suspicious),19.0,Cloudy
EVT_086_02948,SGR_ZONE_086,2023-11-27,11,Autumn,23,1,Retreated,Drone (Suspicious),16.0,Cloudy
EVT_086_02949,SGR_ZONE_086,2023-11-27,11,Autumn,1,1,Alert Triggered,Foot Patrol,59.0,Clear
EVT_086_02950,SGR_ZONE_086,2023-12-27,12,Winter,1,1,Alert Triggered,Drone (Suspicious),31.0,Clear
EVT_086_02951,SGR_ZONE_086,2023-12-27,12,Winter,22,1,Retreated,Vehicle,37.0,Clear
EVT_086_02952,SGR_ZONE_086,2024-01-26,1,Winter,1,0,Undetected,Vehicle,,Clear
EVT_086_02953,SGR_ZONE_086,2024-01-26,1,Winter,22,0,Undetected,Vehicle,,Clear
EVT_086_02954,SGR_ZONE_086,2024-01-26,1,Winter,22,1,Neutralized,Unknown,29.0,Fog
EVT_086_02955,SGR_ZONE_086,2024-01-26,1,Winter,23,1,Retreated,Vehicle,51.0,Snow
EVT_086_02956,SGR_ZONE_086,2024-02-25,2,Winter,4,0,Undetected,Vehicle,,Cloudy
EVT_086_02957,SGR_ZONE_086,2024-03-26,3,Spring,23,1,Retreated,Foot Patrol,58.0,Clear
EVT_086_02958,SGR_ZONE_086,2024-03-26,3,Spring,1,1,Retreated,Foot Patrol,5.0,Snow
EVT_086_02959,SGR_ZONE_086,2024-05-25,5,Spring,22,1,Retreated,Foot Patrol,46.0,Cloudy
EVT_086_02960,SGR_ZONE_086,2024-05-25,5,Spring,0,1,Neutralized,Foot Patrol,31.0,Clear
EVT_086_02961,SGR_ZONE_086,2024-08-23,8,Monsoon,2,1,Retreated,Vehicle,56.0,Cloudy
EVT_086_02962,SGR_ZONE_086,2024-10-22,10,Autumn,2,0,Undetected,Drone (Suspicious),,Clear
EVT_087_02963,SGR_ZONE_087,2023-01-01,1,Winter,23,1,Retreated,Vehicle,36.0,Cloudy
EVT_087_02964,SGR_ZONE_087,2023-01-31,1,Winter,0,1,Retreated,Foot Patrol,13.0,Clear
EVT_087_02965,SGR_ZONE_087,2023-04-01,4,Spring,0,1,Neutralized,Foot Patrol,33.0,Cloudy
EVT_087_02966,SGR_ZONE_087,2023-04-01,4,Spring,2,1,Retreated,Foot Patrol,38.0,Clear
EVT_087_02967,SGR_ZONE_087,2023-05-01,5,Spring,23,1,Neutralized,Foot Patrol,42.0,Clear
EVT_087_02968,SGR_ZONE_087,2023-05-01,5,Spring,0,1,Retreated,Foot Patrol,7.0,Clear
EVT_087_02969,SGR_ZONE_087,2023-06-30,6,Monsoon,22,1,Retreated,Foot Patrol,57.0,Clear
EVT_087_02970,SGR_ZONE_087,2023-06-30,6,Monsoon,3,1,Neutralized,Foot Patrol,13.0,Cloudy
EVT_087_02971,SGR_ZONE_087,2023-06-30,6,Monsoon,2,1,Retreated,Unknown,19.0,Snow
EVT_087_02972,SGR_ZONE_087,2023-09-28,9,Autumn,0,1,Alert Triggered,Vehicle,32.0,Cloudy
EVT_087_02973,SGR_ZONE_087,2023-09-28,9,Autumn,0,1,Retreated,Drone (Suspicious),50.0,Cloudy
EVT_087_02974,SGR_ZONE_087,2023-09-28,9,Autumn,4,1,Neutralized,Foot Patrol,14.0,Fog
EVT_087_02975,SGR_ZONE_087,2023-11-27,11,Autumn,22,0,Undetected,Vehicle,,Clear
EVT_087_02976,SGR_ZONE_087,2023-11-27,11,Autumn,1,1,Retreated,Drone (Suspicious),24.0,Cloudy
EVT_087_02977,SGR_ZONE_087,2024-01-26,1,Winter,0,1,Retreated,Unknown,47.0,Fog
EVT_087_02978,SGR_ZONE_087,2024-02-25,2,Winter,22,0,Undetected,Drone (Suspicious),,Fog
EVT_087_02979,SGR_ZONE_087,2024-02-25,2,Winter,0,1,Alert Triggered,Unknown,23.0,Clear
EVT_087_02980,SGR_ZONE_087,2024-02-25,2,Winter,23,1,Retreated,Foot Patrol,26.0,Clear
EVT_087_02981,SGR_ZONE_087,2024-07-24,7,Monsoon,2,1,Alert Triggered,Foot Patrol,22.0,Fog
EVT_087_02982,SGR_ZONE_087,2024-07-24,7,Monsoon,4,1,Retreated,Foot Patrol,53.0,Snow
EVT_087_02983,SGR_ZONE_087,2024-07-24,7,Monsoon,1,1,Neutralized,Foot Patrol,7.0,Fog
EVT_087_02984,SGR_ZONE_087,2024-08-23,8,Monsoon,4,1,Retreated,Vehicle,28.0,Snow
EVT_087_02985,SGR_ZONE_087,2024-08-23,8,Monsoon,1,0,Undetected,Drone (Suspicious),,Cloudy
EVT_087_02986,SGR_ZONE_087,2024-08-23,8,Monsoon,2,0,Undetected,Foot Patrol,,Cloudy
EVT_088_02987,SGR_ZONE_088,2023-01-01,1,Winter,22,0,Undetected,Vehicle,,Cloudy
EVT_088_02988,SGR_ZONE_088,2023-01-01,1,Winter,1,1,Retreated,Unknown,21.0,Clear
EVT_088_02989,SGR_ZONE_088,2023-01-01,1,Winter,2,1,Neutralized,Drone (Suspicious),23.0,Clear
EVT_088_02990,SGR_ZONE_088,2023-01-01,1,Winter,22,0,Undetected,Unknown,,Clear
EVT_088_02991,SGR_ZONE_088,2023-01-31,1,Winter,22,1,Retreated,Foot Patrol,59.0,Clear
EVT_088_02992,SGR_ZONE_088,2023-01-31,1,Winter,0,1,Retreated,Foot Patrol,9.0,Cloudy
EVT_088_02993,SGR_ZONE_088,2023-01-31,1,Winter,22,1,Retreated,Vehicle,15.0,Clear
EVT_088_02994,SGR_ZONE_088,2023-03-02,3,Spring,1,1,Alert Triggered,Foot Patrol,6.0,Cloudy
EVT_088_02995,SGR_ZONE_088,2023-03-02,3,Spring,1,1,Retreated,Unknown,7.0,Fog
EVT_088_02996,SGR_ZONE_088,2023-03-02,3,Spring,1,1,Retreated,Foot Patrol,42.0,Fog
EVT_088_02997,SGR_ZONE_088,2023-04-01,4,Spring,0,1,Retreated,Unknown,18.0,Cloudy
EVT_088_02998,SGR_ZONE_088,2023-04-01,4,Spring,22,1,Retreated,Drone (Suspicious),40.0,Cloudy
EVT_088_02999,SGR_ZONE_088,2023-05-01,5,Spring,22,1,Retreated,Foot Patrol,33.0,Fog
EVT_088_03000,SGR_ZONE_088,2023-05-01,5,Spring,23,1,Retreated,Foot Patrol,17.0,Cloudy
EVT_088_03001,SGR_ZONE_088,2023-05-31,5,Spring,3,1,Retreated,Foot Patrol,52.0,Clear
EVT_088_03002,SGR_ZONE_088,2023-05-31,5,Spring,0,1,Retreated,Unknown,38.0,Clear
EVT_088_03003,SGR_ZONE_088,2023-08-29,8,Monsoon,1,0,Undetected,Drone (Suspicious),,Cloudy
EVT_088_03004,SGR_ZONE_088,2023-08-29,8,Monsoon,2,1,Retreated,Unknown,59.0,Clear
EVT_088_03005,SGR_ZONE_088,2023-09-28,9,Autumn,22,1,Neutralized,Foot Patrol,35.0,Snow
EVT_088_03006,SGR_ZONE_088,2023-10-28,10,Autumn,22,1,Alert Triggered,Drone (Suspicious),49.0,Clear
EVT_088_03007,SGR_ZONE_088,2023-11-27,11,Autumn,1,1,Retreated,Unknown,37.0,Clear
EVT_088_03008,SGR_ZONE_088,2023-11-27,11,Autumn,0,1,Alert Triggered,Unknown,58.0,Fog
EVT_088_03009,SGR_ZONE_088,2023-12-27,12,Winter,22,1,Alert Triggered,Unknown,41.0,Clear
EVT_088_03010,SGR_ZONE_088,2024-01-26,1,Winter,1,1,Retreated,Drone (Suspicious),23.0,Clear
EVT_088_03011,SGR_ZONE_088,2024-01-26,1,Winter,23,1,Neutralized,Foot Patrol,34.0,Clear
EVT_088_03012,SGR_ZONE_088,2024-02-25,2,Winter,23,1,Neutralized,Vehicle,9.0,Clear
EVT_088_03013,SGR_ZONE_088,2024-02-25,2,Winter,0,1,Retreated,Unknown,25.0,Cloudy
EVT_088_03014,SGR_ZONE_088,2024-02-25,2,Winter,3,1,Retreated,Foot Patrol,46.0,Clear
EVT_088_03015,SGR_ZONE_088,2024-02-25,2,Winter,0,1,Neutralized,Drone (Suspicious),42.0,Cloudy
EVT_088_03016,SGR_ZONE_088,2024-03-26,3,Spring,3,1,Retreated,Foot Patrol,54.0,Clear
EVT_088_03017,SGR_ZONE_088,2024-03-26,3,Spring,2,0,Undetected,Vehicle,,Clear
EVT_088_03018,SGR_ZONE_088,2024-04-25,4,Spring,0,1,Retreated,Foot Patrol,12.0,Fog
EVT_088_03019,SGR_ZONE_088,2024-04-25,4,Spring,22,1,Neutralized,Foot Patrol,15.0,Fog
EVT_088_03020,SGR_ZONE_088,2024-04-25,4,Spring,2,1,Neutralized,Unknown,39.0,Clear
EVT_088_03021,SGR_ZONE_088,2024-04-25,4,Spring,0,1,Neutralized,Vehicle,34.0,Clear
EVT_088_03022,SGR_ZONE_088,2024-04-25,4,Spring,0,1,Alert Triggered,Unknown,36.0,Clear
EVT_088_03023,SGR_ZONE_088,2024-05-25,5,Spring,22,1,Alert Triggered,Vehicle,15.0,Clear
EVT_088_03024,SGR_ZONE_088,2024-05-25,5,Spring,22,1,Retreated,Unknown,11.0,Fog
EVT_088_03025,SGR_ZONE_088,2024-09-22,9,Autumn,23,1,Alert Triggered,Foot Patrol,5.0,Clear
EVT_088_03026,SGR_ZONE_088,2024-09-22,9,Autumn,0,1,Retreated,Vehicle,13.0,Clear
EVT_088_03027,SGR_ZONE_088,2024-09-22,9,Autumn,23,0,Undetected,Vehicle,,Clear
EVT_088_03028,SGR_ZONE_088,2024-10-22,10,Autumn,1,1,Retreated,Foot Patrol,14.0,Clear
EVT_088_03029,SGR_ZONE_088,2024-10-22,10,Autumn,3,1,Alert Triggered,Vehicle,45.0,Clear
EVT_088_03030,SGR_ZONE_088,2024-10-22,10,Autumn,1,0,Undetected,Unknown,,Clear
EVT_088_03031,SGR_ZONE_088,2024-11-21,11,Autumn,1,1,Retreated,Drone (Suspicious),34.0,Clear
EVT_088_03032,SGR_ZONE_088,2024-11-21,11,Autumn,4,1,Retreated,Foot Patrol,16.0,Cloudy
EVT_089_03033,SGR_ZONE_089,2023-01-01,1,Winter,0,0,Undetected,Foot Patrol,,Clear
EVT_089_03034,SGR_ZONE_089,2023-01-01,1,Winter,0,1,Neutralized,Drone (Suspicious),55.0,Fog
EVT_089_03035,SGR_ZONE_089,2023-01-31,1,Winter,4,1,Neutralized,Foot Patrol,27.0,Snow
EVT_089_03036,SGR_ZONE_089,2023-01-31,1,Winter,0,0,Undetected,Drone (Suspicious),,Clear
EVT_089_03037,SGR_ZONE_089,2023-03-02,3,Spring,23,1,Neutralized,Unknown,46.0,Cloudy
EVT_089_03038,SGR_ZONE_089,2023-03-02,3,Spring,23,0,Undetected,Vehicle,,Cloudy
EVT_089_03039,SGR_ZONE_089,2023-04-01,4,Spring,0,0,Undetected,Foot Patrol,,Snow
EVT_089_03040,SGR_ZONE_089,2023-05-01,5,Spring,0,1,Retreated,Vehicle,49.0,Cloudy
EVT_089_03041,SGR_ZONE_089,2023-05-01,5,Spring,1,1,Retreated,Vehicle,55.0,Cloudy
EVT_089_03042,SGR_ZONE_089,2023-05-31,5,Spring,4,1,Neutralized,Vehicle,50.0,Cloudy
EVT_089_03043,SGR_ZONE_089,2023-05-31,5,Spring,23,1,Retreated,Foot Patrol,7.0,Cloudy
EVT_089_03044,SGR_ZONE_089,2023-05-31,5,Spring,0,1,Retreated,Drone (Suspicious),47.0,Fog
EVT_089_03045,SGR_ZONE_089,2023-06-30,6,Monsoon,0,1,Retreated,Unknown,45.0,Clear
EVT_089_03046,SGR_ZONE_089,2023-06-30,6,Monsoon,1,0,Undetected,Vehicle,,Snow
EVT_089_03047,SGR_ZONE_089,2023-06-30,6,Monsoon,22,1,Retreated,Foot Patrol,24.0,Clear
EVT_089_03048,SGR_ZONE_089,2023-06-30,6,Monsoon,0,0,Undetected,Unknown,,Clear
EVT_089_03049,SGR_ZONE_089,2023-06-30,6,Monsoon,2,1,Retreated,Foot Patrol,19.0,Clear
EVT_089_03050,SGR_ZONE_089,2023-06-30,6,Monsoon,22,1,Retreated,Foot Patrol,7.0,Fog
EVT_089_03051,SGR_ZONE_089,2023-07-30,7,Monsoon,1,0,Undetected,Foot Patrol,,Clear
EVT_089_03052,SGR_ZONE_089,2023-09-28,9,Autumn,0,0,Undetected,Foot Patrol,,Clear
EVT_089_03053,SGR_ZONE_089,2023-09-28,9,Autumn,0,1,Neutralized,Unknown,11.0,Clear
EVT_089_03054,SGR_ZONE_089,2023-09-28,9,Autumn,0,1,Alert Triggered,Vehicle,33.0,Cloudy
EVT_089_03055,SGR_ZONE_089,2023-09-28,9,Autumn,2,1,Retreated,Unknown,18.0,Clear
EVT_089_03056,SGR_ZONE_089,2023-10-28,10,Autumn,22,1,Retreated,Foot Patrol,36.0,Clear
EVT_089_03057,SGR_ZONE_089,2023-11-27,11,Autumn,2,0,Undetected,Vehicle,,Cloudy
EVT_089_03058,SGR_ZONE_089,2023-11-27,11,Autumn,23,1,Neutralized,Vehicle,33.0,Cloudy
EVT_089_03059,SGR_ZONE_089,2023-12-27,12,Winter,22,1,Retreated,Unknown,46.0,Snow
EVT_089_03060,SGR_ZONE_089,2024-01-26,1,Winter,0,1,Neutralized,Vehicle,51.0,Cloudy
EVT_089_03061,SGR_ZONE_089,2024-02-25,2,Winter,0,1,Retreated,Unknown,46.0,Fog
EVT_089_03062,SGR_ZONE_089,2024-02-25,2,Winter,4,0,Undetected,Unknown,,Cloudy
EVT_089_03063,SGR_ZONE_089,2024-02-25,2,Winter,4,1,Alert Triggered,Unknown,34.0,Clear
EVT_089_03064,SGR_ZONE_089,2024-03-26,3,Spring,4,1,Retreated,Unknown,43.0,Fog
EVT_089_03065,SGR_ZONE_089,2024-04-25,4,Spring,22,1,Retreated,Vehicle,12.0,Clear
EVT_089_03066,SGR_ZONE_089,2024-04-25,4,Spring,23,1,Neutralized,Foot Patrol,39.0,Clear
EVT_089_03067,SGR_ZONE_089,2024-05-25,5,Spring,3,1,Retreated,Unknown,21.0,Clear
EVT_089_03068,SGR_ZONE_089,2024-05-25,5,Spring,2,1,Retreated,Foot Patrol,54.0,Clear
EVT_089_03069,SGR_ZONE_089,2024-05-25,5,Spring,3,0,Undetected,Drone (Suspicious),,Fog
EVT_089_03070,SGR_ZONE_089,2024-06-24,6,Monsoon,22,1,Neutralized,Foot Patrol,17.0,Clear
EVT_089_03071,SGR_ZONE_089,2024-06-24,6,Monsoon,1,1,Neutralized,Vehicle,24.0,Fog
EVT_089_03072,SGR_ZONE_089,2024-07-24,7,Monsoon,23,1,Retreated,Foot Patrol,43.0,Cloudy
EVT_089_03073,SGR_ZONE_089,2024-07-24,7,Monsoon,0,1,Retreated,Foot Patrol,6.0,Clear
EVT_089_03074,SGR_ZONE_089,2024-07-24,7,Monsoon,1,1,Retreated,Foot Patrol,40.0,Clear
EVT_089_03075,SGR_ZONE_089,2024-09-22,9,Autumn,23,1,Alert Triggered,Vehicle,5.0,Clear
EVT_089_03076,SGR_ZONE_089,2024-11-21,11,Autumn,23,1,Alert Triggered,Foot Patrol,56.0,Clear
EVT_089_03077,SGR_ZONE_089,2024-11-21,11,Autumn,1,1,Neutralized,Unknown,42.0,Cloudy
EVT_090_03078,SGR_ZONE_090,2023-01-01,1,Winter,22,1,Retreated,Unknown,15.0,Cloudy
EVT_090_03079,SGR_ZONE_090,2023-01-01,1,Winter,1,1,Retreated,Vehicle,27.0,Snow
EVT_090_03080,SGR_ZONE_090,2023-01-31,1,Winter,23,1,Neutralized,Vehicle,26.0,Cloudy
EVT_090_03081,SGR_ZONE_090,2023-01-31,1,Winter,23,1,Neutralized,Foot Patrol,40.0,Clear
EVT_090_03082,SGR_ZONE_090,2023-03-02,3,Spring,1,0,Undetected,Unknown,,Clear
EVT_090_03083,SGR_ZONE_090,2023-04-01,4,Spring,0,1,Neutralized,Drone (Suspicious),12.0,Cloudy
EVT_090_03084,SGR_ZONE_090,2023-04-01,4,Spring,2,0,Undetected,Foot Patrol,,Cloudy
EVT_090_03085,SGR_ZONE_090,2023-05-01,5,Spring,1,1,Retreated,Vehicle,18.0,Cloudy
EVT_090_03086,SGR_ZONE_090,2023-05-01,5,Spring,23,1,Alert Triggered,Foot Patrol,39.0,Snow
EVT_090_03087,SGR_ZONE_090,2023-05-01,5,Spring,0,1,Retreated,Foot Patrol,51.0,Fog
EVT_090_03088,SGR_ZONE_090,2023-05-31,5,Spring,0,0,Undetected,Vehicle,,Fog
EVT_090_03089,SGR_ZONE_090,2023-05-31,5,Spring,22,0,Undetected,Foot Patrol,,Fog
EVT_090_03090,SGR_ZONE_090,2023-09-28,9,Autumn,23,1,Retreated,Foot Patrol,29.0,Snow
EVT_090_03091,SGR_ZONE_090,2023-09-28,9,Autumn,1,1,Neutralized,Foot Patrol,23.0,Clear
EVT_090_03092,SGR_ZONE_090,2023-10-28,10,Autumn,4,1,Retreated,Unknown,20.0,Snow
EVT_090_03093,SGR_ZONE_090,2023-10-28,10,Autumn,1,0,Undetected,Vehicle,,Cloudy
EVT_090_03094,SGR_ZONE_090,2023-10-28,10,Autumn,4,1,Alert Triggered,Foot Patrol,57.0,Clear
EVT_090_03095,SGR_ZONE_090,2023-10-28,10,Autumn,1,1,Neutralized,Foot Patrol,42.0,Cloudy
EVT_090_03096,SGR_ZONE_090,2023-10-28,10,Autumn,2,1,Neutralized,Vehicle,13.0,Cloudy
EVT_090_03097,SGR_ZONE_090,2023-10-28,10,Autumn,4,0,Undetected,Foot Patrol,,Snow
EVT_090_03098,SGR_ZONE_090,2023-10-28,10,Autumn,2,1,Retreated,Vehicle,52.0,Clear
EVT_090_03099,SGR_ZONE_090,2023-11-27,11,Autumn,2,0,Undetected,Foot Patrol,,Cloudy
EVT_090_03100,SGR_ZONE_090,2023-11-27,11,Autumn,0,0,Undetected,Foot Patrol,,Fog
EVT_090_03101,SGR_ZONE_090,2023-11-27,11,Autumn,23,1,Retreated,Foot Patrol,51.0,Cloudy
EVT_090_03102,SGR_ZONE_090,2023-12-27,12,Winter,1,1,Alert Triggered,Unknown,51.0,Cloudy
EVT_090_03103,SGR_ZONE_090,2023-12-27,12,Winter,1,1,Retreated,Unknown,37.0,Cloudy
EVT_090_03104,SGR_ZONE_090,2024-01-26,1,Winter,23,1,Retreated,Unknown,24.0,Clear
EVT_090_03105,SGR_ZONE_090,2024-01-26,1,Winter,2,1,Alert Triggered,Vehicle,31.0,Fog
EVT_090_03106,SGR_ZONE_090,2024-02-25,2,Winter,2,0,Undetected,Foot Patrol,,Fog
EVT_090_03107,SGR_ZONE_090,2024-02-25,2,Winter,0,0,Undetected,Foot Patrol,,Clear
EVT_090_03108,SGR_ZONE_090,2024-03-26,3,Spring,2,0,Undetected,Foot Patrol,,Clear
EVT_090_03109,SGR_ZONE_090,2024-03-26,3,Spring,23,0,Undetected,Drone (Suspicious),,Clear
EVT_090_03110,SGR_ZONE_090,2024-04-25,4,Spring,22,1,Retreated,Foot Patrol,12.0,Fog
EVT_090_03111,SGR_ZONE_090,2024-04-25,4,Spring,1,0,Undetected,Vehicle,,Clear
EVT_090_03112,SGR_ZONE_090,2024-04-25,4,Spring,0,1,Alert Triggered,Foot Patrol,8.0,Fog
EVT_090_03113,SGR_ZONE_090,2024-05-25,5,Spring,1,1,Neutralized,Unknown,41.0,Clear
EVT_090_03114,SGR_ZONE_090,2024-06-24,6,Monsoon,22,1,Retreated,Vehicle,6.0,Cloudy
EVT_090_03115,SGR_ZONE_090,2024-09-22,9,Autumn,1,1,Neutralized,Foot Patrol,40.0,Cloudy
EVT_090_03116,SGR_ZONE_090,2024-09-22,9,Autumn,23,1,Retreated,Foot Patrol,57.0,Clear
EVT_090_03117,SGR_ZONE_090,2024-10-22,10,Autumn,3,1,Alert Triggered,Unknown,45.0,Fog
EVT_090_03118,SGR_ZONE_090,2024-10-22,10,Autumn,23,1,Alert Triggered,Unknown,12.0,Clear
EVT_090_03119,SGR_ZONE_090,2024-10-22,10,Autumn,1,1,Retreated,Drone (Suspicious),6.0,Cloudy
EVT_090_03120,SGR_ZONE_090,2024-11-21,11,Autumn,1,1,Retreated,Foot Patrol,35.0,Clear
EVT_090_03121,SGR_ZONE_090,2024-11-21,11,Autumn,23,1,Retreated,Vehicle,33.0,Clear
EVT_091_03122,SGR_ZONE_091,2023-01-31,1,Winter,22,1,Alert Triggered,Unknown,25.0,Cloudy
EVT_091_03123,SGR_ZONE_091,2023-05-31,5,Spring,0,1,Neutralized,Foot Patrol,46.0,Cloudy
EVT_091_03124,SGR_ZONE_091,2023-05-31,5,Spring,0,1,Alert Triggered,Vehicle,35.0,Cloudy
EVT_091_03125,SGR_ZONE_091,2023-05-31,5,Spring,1,0,Undetected,Foot Patrol,,Fog
EVT_091_03126,SGR_ZONE_091,2023-05-31,5,Spring,2,0,Undetected,Vehicle,,Clear
EVT_091_03127,SGR_ZONE_091,2023-09-28,9,Autumn,23,1,Alert Triggered,Vehicle,47.0,Cloudy
EVT_091_03128,SGR_ZONE_091,2024-04-25,4,Spring,22,0,Undetected,Vehicle,,Cloudy
EVT_091_03129,SGR_ZONE_091,2024-04-25,4,Spring,4,1,Neutralized,Drone (Suspicious),44.0,Fog
EVT_091_03130,SGR_ZONE_091,2024-04-25,4,Spring,1,1,Alert Triggered,Foot Patrol,53.0,Fog
EVT_091_03131,SGR_ZONE_091,2024-07-24,7,Monsoon,1,1,Retreated,Foot Patrol,35.0,Clear
EVT_091_03132,SGR_ZONE_091,2024-07-24,7,Monsoon,22,0,Undetected,Foot Patrol,,Clear
EVT_091_03133,SGR_ZONE_091,2024-10-22,10,Autumn,1,1,Neutralized,Foot Patrol,56.0,Cloudy
EVT_091_03134,SGR_ZONE_091,2024-10-22,10,Autumn,22,0,Undetected,Unknown,,Cloudy
EVT_091_03135,SGR_ZONE_091,2024-10-22,10,Autumn,0,1,Retreated,Foot Patrol,41.0,Fog
EVT_092_03136,SGR_ZONE_092,2023-01-01,1,Winter,0,1,Retreated,Foot Patrol,5.0,Cloudy
EVT_092_03137,SGR_ZONE_092,2023-01-01,1,Winter,0,1,Retreated,Foot Patrol,58.0,Clear
EVT_092_03138,SGR_ZONE_092,2023-01-01,1,Winter,4,1,Retreated,Vehicle,40.0,Cloudy
EVT_092_03139,SGR_ZONE_092,2023-01-31,1,Winter,3,0,Undetected,Foot Patrol,,Clear
EVT_092_03140,SGR_ZONE_092,2023-03-02,3,Spring,22,1,Retreated,Drone (Suspicious),57.0,Cloudy
EVT_092_03141,SGR_ZONE_092,2023-03-02,3,Spring,1,1,Retreated,Unknown,20.0,Cloudy
EVT_092_03142,SGR_ZONE_092,2023-04-01,4,Spring,23,1,Retreated,Foot Patrol,15.0,Snow
EVT_092_03143,SGR_ZONE_092,2023-04-01,4,Spring,23,0,Undetected,Foot Patrol,,Fog
EVT_092_03144,SGR_ZONE_092,2023-04-01,4,Spring,1,1,Neutralized,Unknown,44.0,Snow
EVT_092_03145,SGR_ZONE_092,2023-05-01,5,Spring,1,0,Undetected,Foot Patrol,,Clear
EVT_092_03146,SGR_ZONE_092,2023-05-01,5,Spring,22,1,Retreated,Unknown,8.0,Cloudy
EVT_092_03147,SGR_ZONE_092,2023-05-01,5,Spring,1,1,Alert Triggered,Foot Patrol,8.0,Fog
EVT_092_03148,SGR_ZONE_092,2023-05-31,5,Spring,0,1,Retreated,Foot Patrol,28.0,Clear
EVT_092_03149,SGR_ZONE_092,2023-05-31,5,Spring,22,0,Undetected,Unknown,,Clear
EVT_092_03150,SGR_ZONE_092,2023-05-31,5,Spring,23,1,Retreated,Foot Patrol,57.0,Fog
EVT_092_03151,SGR_ZONE_092,2023-09-28,9,Autumn,23,1,Retreated,Foot Patrol,35.0,Cloudy
EVT_092_03152,SGR_ZONE_092,2023-10-28,10,Autumn,23,0,Undetected,Drone (Suspicious),,Snow
EVT_092_03153,SGR_ZONE_092,2023-12-27,12,Winter,1,1,Retreated,Foot Patrol,7.0,Clear
EVT_092_03154,SGR_ZONE_092,2023-12-27,12,Winter,22,1,Retreated,Drone (Suspicious),21.0,Cloudy
EVT_092_03155,SGR_ZONE_092,2023-12-27,12,Winter,3,1,Neutralized,Foot Patrol,5.0,Cloudy
EVT_092_03156,SGR_ZONE_092,2024-01-26,1,Winter,23,1,Retreated,Vehicle,35.0,Fog
EVT_092_03157,SGR_ZONE_092,2024-01-26,1,Winter,1,1,Retreated,Foot Patrol,29.0,Cloudy
EVT_092_03158,SGR_ZONE_092,2024-01-26,1,Winter,23,0,Undetected,Foot Patrol,,Clear
EVT_092_03159,SGR_ZONE_092,2024-02-25,2,Winter,0,0,Undetected,Vehicle,,Snow
EVT_092_03160,SGR_ZONE_092,2024-02-25,2,Winter,22,1,Retreated,Foot Patrol,18.0,Cloudy
EVT_092_03161,SGR_ZONE_092,2024-03-26,3,Spring,23,1,Retreated,Foot Patrol,52.0,Snow
EVT_092_03162,SGR_ZONE_092,2024-03-26,3,Spring,22,0,Undetected,Foot Patrol,,Cloudy
EVT_092_03163,SGR_ZONE_092,2024-03-26,3,Spring,1,1,Neutralized,Foot Patrol,18.0,Clear
EVT_092_03164,SGR_ZONE_092,2024-03-26,3,Spring,23,1,Neutralized,Foot Patrol,44.0,Cloudy
EVT_092_03165,SGR_ZONE_092,2024-04-25,4,Spring,4,1,Neutralized,Vehicle,21.0,Cloudy
EVT_092_03166,SGR_ZONE_092,2024-04-25,4,Spring,3,1,Retreated,Unknown,44.0,Clear
EVT_092_03167,SGR_ZONE_092,2024-04-25,4,Spring,22,0,Undetected,Foot Patrol,,Cloudy
EVT_092_03168,SGR_ZONE_092,2024-05-25,5,Spring,1,1,Neutralized,Vehicle,18.0,Cloudy
EVT_092_03169,SGR_ZONE_092,2024-05-25,5,Spring,23,0,Undetected,Vehicle,,Clear
EVT_092_03170,SGR_ZONE_092,2024-07-24,7,Monsoon,1,1,Retreated,Vehicle,32.0,Clear
EVT_092_03171,SGR_ZONE_092,2024-08-23,8,Monsoon,0,1,Neutralized,Unknown,27.0,Cloudy
EVT_092_03172,SGR_ZONE_092,2024-08-23,8,Monsoon,0,1,Retreated,Foot Patrol,58.0,Clear
EVT_092_03173,SGR_ZONE_092,2024-09-22,9,Autumn,22,1,Retreated,Foot Patrol,21.0,Clear
EVT_092_03174,SGR_ZONE_092,2024-09-22,9,Autumn,23,1,Neutralized,Foot Patrol,21.0,Cloudy
EVT_092_03175,SGR_ZONE_092,2024-10-22,10,Autumn,0,1,Retreated,Unknown,38.0,Fog
EVT_092_03176,SGR_ZONE_092,2024-10-22,10,Autumn,1,1,Retreated,Unknown,37.0,Clear
EVT_092_03177,SGR_ZONE_092,2024-10-22,10,Autumn,22,0,Undetected,Vehicle,,Cloudy
EVT_092_03178,SGR_ZONE_092,2024-11-21,11,Autumn,23,1,Retreated,Vehicle,19.0,Clear
EVT_092_03179,SGR_ZONE_092,2024-11-21,11,Autumn,23,1,Retreated,Foot Patrol,57.0,Clear
EVT_093_03180,SGR_ZONE_093,2023-01-01,1,Winter,2,0,Undetected,Unknown,,Clear
EVT_093_03181,SGR_ZONE_093,2023-01-01,1,Winter,0,1,Alert Triggered,Vehicle,13.0,Cloudy
EVT_093_03182,SGR_ZONE_093,2023-01-31,1,Winter,0,1,Retreated,Foot Patrol,43.0,Fog
EVT_093_03183,SGR_ZONE_093,2023-01-31,1,Winter,23,1,Retreated,Vehicle,59.0,Fog
EVT_093_03184,SGR_ZONE_093,2023-03-02,3,Spring,2,1,Alert Triggered,Foot Patrol,21.0,Cloudy
EVT_093_03185,SGR_ZONE_093,2023-03-02,3,Spring,23,1,Retreated,Foot Patrol,29.0,Clear
EVT_093_03186,SGR_ZONE_093,2023-04-01,4,Spring,1,1,Neutralized,Vehicle,27.0,Fog
EVT_093_03187,SGR_ZONE_093,2023-04-01,4,Spring,3,1,Alert Triggered,Foot Patrol,12.0,Snow
EVT_093_03188,SGR_ZONE_093,2023-05-01,5,Spring,23,0,Undetected,Unknown,,Cloudy
EVT_093_03189,SGR_ZONE_093,2023-05-01,5,Spring,2,0,Undetected,Vehicle,,Snow
EVT_093_03190,SGR_ZONE_093,2023-05-01,5,Spring,23,0,Undetected,Vehicle,,Clear
EVT_093_03191,SGR_ZONE_093,2023-05-31,5,Spring,2,1,Retreated,Drone (Suspicious),32.0,Clear
EVT_093_03192,SGR_ZONE_093,2023-06-30,6,Monsoon,0,1,Alert Triggered,Foot Patrol,49.0,Clear
EVT_093_03193,SGR_ZONE_093,2023-07-30,7,Monsoon,0,0,Undetected,Drone (Suspicious),,Clear
EVT_093_03194,SGR_ZONE_093,2023-07-30,7,Monsoon,2,1,Retreated,Drone (Suspicious),14.0,Cloudy
EVT_093_03195,SGR_ZONE_093,2023-08-29,8,Monsoon,22,1,Retreated,Foot Patrol,33.0,Clear
EVT_093_03196,SGR_ZONE_093,2023-08-29,8,Monsoon,0,1,Neutralized,Foot Patrol,23.0,Cloudy
EVT_093_03197,SGR_ZONE_093,2023-08-29,8,Monsoon,3,1,Neutralized,Foot Patrol,19.0,Clear
EVT_093_03198,SGR_ZONE_093,2023-08-29,8,Monsoon,1,1,Alert Triggered,Drone (Suspicious),47.0,Snow
EVT_093_03199,SGR_ZONE_093,2023-08-29,8,Monsoon,22,0,Undetected,Foot Patrol,,Fog
EVT_093_03200,SGR_ZONE_093,2023-10-28,10,Autumn,22,1,Neutralized,Vehicle,5.0,Clear
EVT_093_03201,SGR_ZONE_093,2023-10-28,10,Autumn,22,0,Undetected,Foot Patrol,,Cloudy
EVT_093_03202,SGR_ZONE_093,2023-10-28,10,Autumn,23,1,Alert Triggered,Drone (Suspicious),7.0,Snow
EVT_093_03203,SGR_ZONE_093,2023-11-27,11,Autumn,23,1,Neutralized,Foot Patrol,40.0,Clear
EVT_093_03204,SGR_ZONE_093,2023-12-27,12,Winter,0,1,Neutralized,Vehicle,56.0,Fog
EVT_093_03205,SGR_ZONE_093,2023-12-27,12,Winter,0,1,Alert Triggered,Foot Patrol,27.0,Clear
EVT_093_03206,SGR_ZONE_093,2023-12-27,12,Winter,1,1,Neutralized,Drone (Suspicious),21.0,Clear
EVT_093_03207,SGR_ZONE_093,2023-12-27,12,Winter,0,1,Neutralized,Unknown,39.0,Fog
EVT_093_03208,SGR_ZONE_093,2024-01-26,1,Winter,23,0,Undetected,Foot Patrol,,Cloudy
EVT_093_03209,SGR_ZONE_093,2024-01-26,1,Winter,4,0,Undetected,Vehicle,,Clear
EVT_093_03210,SGR_ZONE_093,2024-01-26,1,Winter,4,1,Alert Triggered,Foot Patrol,17.0,Clear
EVT_093_03211,SGR_ZONE_093,2024-02-25,2,Winter,22,1,Alert Triggered,Vehicle,11.0,Clear
EVT_093_03212,SGR_ZONE_093,2024-02-25,2,Winter,1,1,Retreated,Unknown,43.0,Cloudy
EVT_093_03213,SGR_ZONE_093,2024-03-26,3,Spring,0,1,Alert Triggered,Foot Patrol,8.0,Cloudy
EVT_093_03214,SGR_ZONE_093,2024-04-25,4,Spring,23,1,Retreated,Drone (Suspicious),41.0,Snow
EVT_093_03215,SGR_ZONE_093,2024-04-25,4,Spring,0,1,Neutralized,Foot Patrol,25.0,Clear
EVT_093_03216,SGR_ZONE_093,2024-04-25,4,Spring,23,1,Retreated,Foot Patrol,24.0,Fog
EVT_093_03217,SGR_ZONE_093,2024-04-25,4,Spring,23,1,Retreated,Foot Patrol,31.0,Fog
EVT_093_03218,SGR_ZONE_093,2024-07-24,7,Monsoon,1,1,Neutralized,Foot Patrol,45.0,Fog
EVT_093_03219,SGR_ZONE_093,2024-07-24,7,Monsoon,23,1,Neutralized,Unknown,33.0,Clear
EVT_093_03220,SGR_ZONE_093,2024-07-24,7,Monsoon,23,1,Retreated,Foot Patrol,32.0,Clear
EVT_093_03221,SGR_ZONE_093,2024-07-24,7,Monsoon,22,1,Retreated,Vehicle,42.0,Fog
EVT_093_03222,SGR_ZONE_093,2024-08-23,8,Monsoon,2,1,Neutralized,Unknown,18.0,Clear
EVT_093_03223,SGR_ZONE_093,2024-08-23,8,Monsoon,23,1,Neutralized,Vehicle,19.0,Fog
EVT_093_03224,SGR_ZONE_093,2024-09-22,9,Autumn,0,1,Neutralized,Drone (Suspicious),31.0,Cloudy
EVT_093_03225,SGR_ZONE_093,2024-09-22,9,Autumn,1,1,Neutralized,Foot Patrol,56.0,Fog
EVT_093_03226,SGR_ZONE_093,2024-10-22,10,Autumn,1,1,Retreated,Foot Patrol,18.0,Cloudy
EVT_093_03227,SGR_ZONE_093,2024-11-21,11,Autumn,0,1,Retreated,Foot Patrol,36.0,Clear
EVT_093_03228,SGR_ZONE_093,2024-11-21,11,Autumn,23,1,Neutralized,Foot Patrol,40.0,Fog
EVT_094_03229,SGR_ZONE_094,2023-01-01,1,Winter,1,1,Retreated,Foot Patrol,20.0,Clear
EVT_094_03230,SGR_ZONE_094,2023-01-01,1,Winter,0,1,Alert Triggered,Unknown,24.0,Cloudy
EVT_094_03231,SGR_ZONE_094,2023-01-01,1,Winter,1,0,Undetected,Foot Patrol,,Cloudy
EVT_094_03232,SGR_ZONE_094,2023-04-01,4,Spring,3,0,Undetected,Foot Patrol,,Clear
EVT_094_03233,SGR_ZONE_094,2023-04-01,4,Spring,1,1,Alert Triggered,Unknown,29.0,Fog
EVT_094_03234,SGR_ZONE_094,2023-05-01,5,Spring,1,1,Neutralized,Foot Patrol,39.0,Fog
EVT_094_03235,SGR_ZONE_094,2023-05-01,5,Spring,3,1,Retreated,Unknown,28.0,Cloudy
EVT_094_03236,SGR_ZONE_094,2023-05-01,5,Spring,1,0,Undetected,Vehicle,,Clear
EVT_094_03237,SGR_ZONE_094,2023-05-31,5,Spring,23,0,Undetected,Unknown,,Clear
EVT_094_03238,SGR_ZONE_094,2023-05-31,5,Spring,22,1,Neutralized,Foot Patrol,27.0,Cloudy
EVT_094_03239,SGR_ZONE_094,2023-06-30,6,Monsoon,1,1,Neutralized,Unknown,49.0,Clear
EVT_094_03240,SGR_ZONE_094,2023-06-30,6,Monsoon,22,1,Retreated,Foot Patrol,15.0,Snow
EVT_094_03241,SGR_ZONE_094,2023-06-30,6,Monsoon,0,1,Retreated,Unknown,42.0,Snow
EVT_094_03242,SGR_ZONE_094,2023-06-30,6,Monsoon,1,1,Retreated,Foot Patrol,6.0,Clear
EVT_094_03243,SGR_ZONE_094,2023-06-30,6,Monsoon,0,1,Retreated,Drone (Suspicious),33.0,Clear
EVT_094_03244,SGR_ZONE_094,2023-06-30,6,Monsoon,22,1,Neutralized,Unknown,58.0,Clear
EVT_094_03245,SGR_ZONE_094,2023-10-28,10,Autumn,0,1,Retreated,Unknown,7.0,Clear
EVT_094_03246,SGR_ZONE_094,2023-10-28,10,Autumn,23,0,Undetected,Foot Patrol,,Clear
EVT_094_03247,SGR_ZONE_094,2023-10-28,10,Autumn,1,1,Retreated,Foot Patrol,38.0,Cloudy
EVT_094_03248,SGR_ZONE_094,2023-12-27,12,Winter,1,1,Neutralized,Foot Patrol,42.0,Snow
EVT_094_03249,SGR_ZONE_094,2024-01-26,1,Winter,2,1,Retreated,Foot Patrol,38.0,Clear
EVT_094_03250,SGR_ZONE_094,2024-01-26,1,Winter,23,1,Retreated,Drone (Suspicious),27.0,Cloudy
EVT_094_03251,SGR_ZONE_094,2024-01-26,1,Winter,1,0,Undetected,Foot Patrol,,Snow
EVT_094_03252,SGR_ZONE_094,2024-01-26,1,Winter,22,1,Retreated,Vehicle,21.0,Clear
EVT_094_03253,SGR_ZONE_094,2024-02-25,2,Winter,2,1,Neutralized,Foot Patrol,15.0,Fog
EVT_094_03254,SGR_ZONE_094,2024-02-25,2,Winter,1,1,Retreated,Foot Patrol,14.0,Snow
EVT_094_03255,SGR_ZONE_094,2024-02-25,2,Winter,1,1,Neutralized,Vehicle,55.0,Clear
EVT_094_03256,SGR_ZONE_094,2024-02-25,2,Winter,22,1,Retreated,Foot Patrol,56.0,Clear
EVT_094_03257,SGR_ZONE_094,2024-04-25,4,Spring,3,0,Undetected,Vehicle,,Fog
EVT_094_03258,SGR_ZONE_094,2024-04-25,4,Spring,2,1,Alert Triggered,Foot Patrol,6.0,Cloudy
EVT_094_03259,SGR_ZONE_094,2024-04-25,4,Spring,23,1,Neutralized,Foot Patrol,11.0,Fog
EVT_094_03260,SGR_ZONE_094,2024-05-25,5,Spring,23,0,Undetected,Unknown,,Clear
EVT_094_03261,SGR_ZONE_094,2024-05-25,5,Spring,23,1,Retreated,Foot Patrol,31.0,Fog
EVT_094_03262,SGR_ZONE_094,2024-05-25,5,Spring,2,0,Undetected,Foot Patrol,,Fog
EVT_094_03263,SGR_ZONE_094,2024-05-25,5,Spring,1,1,Retreated,Unknown,59.0,Cloudy
EVT_094_03264,SGR_ZONE_094,2024-08-23,8,Monsoon,23,0,Undetected,Vehicle,,Snow
EVT_094_03265,SGR_ZONE_094,2024-08-23,8,Monsoon,2,1,Retreated,Foot Patrol,32.0,Cloudy
EVT_094_03266,SGR_ZONE_094,2024-08-23,8,Monsoon,2,0,Undetected,Foot Patrol,,Clear
EVT_094_03267,SGR_ZONE_094,2024-10-22,10,Autumn,1,1,Neutralized,Unknown,27.0,Cloudy
EVT_094_03268,SGR_ZONE_094,2024-10-22,10,Autumn,0,1,Retreated,Foot Patrol,36.0,Clear
EVT_094_03269,SGR_ZONE_094,2024-10-22,10,Autumn,23,0,Undetected,Foot Patrol,,Fog
EVT_094_03270,SGR_ZONE_094,2024-11-21,11,Autumn,23,1,Retreated,Vehicle,34.0,Snow
EVT_094_03271,SGR_ZONE_094,2024-11-21,11,Autumn,23,1,Neutralized,Unknown,27.0,Cloudy
EVT_094_03272,SGR_ZONE_094,2024-11-21,11,Autumn,23,0,Undetected,Foot Patrol,,Snow
EVT_094_03273,SGR_ZONE_094,2024-11-21,11,Autumn,2,0,Undetected,Vehicle,,Clear
EVT_095_03274,SGR_ZONE_095,2023-01-01,1,Winter,1,1,Neutralized,Foot Patrol,41.0,Clear
EVT_095_03275,SGR_ZONE_095,2023-01-01,1,Winter,4,0,Undetected,Drone (Suspicious),,Snow
EVT_095_03276,SGR_ZONE_095,2023-01-31,1,Winter,0,1,Retreated,Drone (Suspicious),57.0,Clear
EVT_095_03277,SGR_ZONE_095,2023-01-31,1,Winter,0,1,Retreated,Foot Patrol,22.0,Fog
EVT_095_03278,SGR_ZONE_095,2023-04-01,4,Spring,23,1,Retreated,Foot Patrol,50.0,Cloudy
EVT_095_03279,SGR_ZONE_095,2023-04-01,4,Spring,2,0,Undetected,Vehicle,,Fog
EVT_095_03280,SGR_ZONE_095,2023-05-01,5,Spring,23,1,Alert Triggered,Foot Patrol,20.0,Fog
EVT_095_03281,SGR_ZONE_095,2023-05-01,5,Spring,1,1,Retreated,Unknown,12.0,Fog
EVT_095_03282,SGR_ZONE_095,2023-08-29,8,Monsoon,0,1,Retreated,Vehicle,27.0,Clear
EVT_095_03283,SGR_ZONE_095,2023-10-28,10,Autumn,1,1,Retreated,Unknown,59.0,Cloudy
EVT_095_03284,SGR_ZONE_095,2023-10-28,10,Autumn,0,1,Alert Triggered,Foot Patrol,16.0,Snow
EVT_095_03285,SGR_ZONE_095,2023-10-28,10,Autumn,0,0,Undetected,Foot Patrol,,Clear
EVT_095_03286,SGR_ZONE_095,2023-11-27,11,Autumn,3,1,Retreated,Unknown,24.0,Clear
EVT_095_03287,SGR_ZONE_095,2023-12-27,12,Winter,22,0,Undetected,Foot Patrol,,Clear
EVT_095_03288,SGR_ZONE_095,2023-12-27,12,Winter,1,1,Retreated,Foot Patrol,50.0,Fog
EVT_095_03289,SGR_ZONE_095,2024-01-26,1,Winter,2,1,Neutralized,Unknown,13.0,Cloudy
EVT_095_03290,SGR_ZONE_095,2024-01-26,1,Winter,22,1,Retreated,Foot Patrol,44.0,Clear
EVT_095_03291,SGR_ZONE_095,2024-02-25,2,Winter,4,1,Neutralized,Unknown,41.0,Clear
EVT_095_03292,SGR_ZONE_095,2024-02-25,2,Winter,0,0,Undetected,Foot Patrol,,Clear
EVT_095_03293,SGR_ZONE_095,2024-04-25,4,Spring,1,1,Retreated,Unknown,38.0,Cloudy
EVT_095_03294,SGR_ZONE_095,2024-04-25,4,Spring,22,1,Neutralized,Foot Patrol,48.0,Fog
EVT_095_03295,SGR_ZONE_095,2024-04-25,4,Spring,1,1,Alert Triggered,Foot Patrol,27.0,Clear
EVT_095_03296,SGR_ZONE_095,2024-09-22,9,Autumn,1,1,Alert Triggered,Vehicle,13.0,Cloudy
EVT_095_03297,SGR_ZONE_095,2024-09-22,9,Autumn,22,0,Undetected,Foot Patrol,,Fog
EVT_095_03298,SGR_ZONE_095,2024-09-22,9,Autumn,1,1,Neutralized,Foot Patrol,41.0,Cloudy
EVT_095_03299,SGR_ZONE_095,2024-10-22,10,Autumn,2,1,Alert Triggered,Foot Patrol,55.0,Cloudy
EVT_095_03300,SGR_ZONE_095,2024-10-22,10,Autumn,23,1,Neutralized,Drone (Suspicious),19.0,Clear
EVT_095_03301,SGR_ZONE_095,2024-11-21,11,Autumn,22,1,Retreated,Drone (Suspicious),38.0,Clear
EVT_095_03302,SGR_ZONE_095,2024-11-21,11,Autumn,0,1,Retreated,Drone (Suspicious),41.0,Cloudy
EVT_095_03303,SGR_ZONE_095,2024-11-21,11,Autumn,22,1,Neutralized,Vehicle,30.0,Fog
EVT_095_03304,SGR_ZONE_095,2024-11-21,11,Autumn,22,1,Retreated,Vehicle,37.0,Cloudy
EVT_096_03305,SGR_ZONE_096,2023-01-31,1,Winter,0,1,Neutralized,Foot Patrol,34.0,Clear
EVT_096_03306,SGR_ZONE_096,2023-01-31,1,Winter,22,0,Undetected,Foot Patrol,,Snow
EVT_096_03307,SGR_ZONE_096,2023-01-31,1,Winter,0,1,Retreated,Foot Patrol,8.0,Fog
EVT_096_03308,SGR_ZONE_096,2023-05-31,5,Spring,22,1,Alert Triggered,Vehicle,40.0,Cloudy
EVT_096_03309,SGR_ZONE_096,2023-07-30,7,Monsoon,4,1,Retreated,Foot Patrol,58.0,Cloudy
EVT_096_03310,SGR_ZONE_096,2023-07-30,7,Monsoon,2,1,Retreated,Unknown,41.0,Fog
EVT_096_03311,SGR_ZONE_096,2023-08-29,8,Monsoon,1,1,Retreated,Foot Patrol,59.0,Cloudy
EVT_096_03312,SGR_ZONE_096,2023-11-27,11,Autumn,4,1,Retreated,Drone (Suspicious),52.0,Clear
EVT_096_03313,SGR_ZONE_096,2023-11-27,11,Autumn,0,1,Retreated,Foot Patrol,26.0,Snow
EVT_096_03314,SGR_ZONE_096,2023-11-27,11,Autumn,1,1,Neutralized,Foot Patrol,41.0,Clear
EVT_096_03315,SGR_ZONE_096,2023-11-27,11,Autumn,1,1,Neutralized,Foot Patrol,40.0,Fog
EVT_096_03316,SGR_ZONE_096,2023-11-27,11,Autumn,3,0,Undetected,Foot Patrol,,Snow
EVT_096_03317,SGR_ZONE_096,2024-01-26,1,Winter,0,1,Retreated,Foot Patrol,16.0,Clear
EVT_096_03318,SGR_ZONE_096,2024-01-26,1,Winter,0,1,Alert Triggered,Foot Patrol,33.0,Clear
EVT_096_03319,SGR_ZONE_096,2024-01-26,1,Winter,22,1,Alert Triggered,Foot Patrol,19.0,Clear
EVT_096_03320,SGR_ZONE_096,2024-02-25,2,Winter,2,1,Retreated,Foot Patrol,41.0,Clear
EVT_096_03321,SGR_ZONE_096,2024-02-25,2,Winter,0,1,Neutralized,Drone (Suspicious),32.0,Clear
EVT_096_03322,SGR_ZONE_096,2024-02-25,2,Winter,22,1,Retreated,Unknown,29.0,Cloudy
EVT_096_03323,SGR_ZONE_096,2024-06-24,6,Monsoon,0,1,Neutralized,Unknown,8.0,Clear
EVT_096_03324,SGR_ZONE_096,2024-06-24,6,Monsoon,23,0,Undetected,Foot Patrol,,Clear
EVT_096_03325,SGR_ZONE_096,2024-06-24,6,Monsoon,0,1,Retreated,Unknown,41.0,Cloudy
EVT_096_03326,SGR_ZONE_096,2024-11-21,11,Autumn,2,1,Retreated,Unknown,42.0,Snow
EVT_096_03327,SGR_ZONE_096,2024-11-21,11,Autumn,1,1,Neutralized,Vehicle,49.0,Clear
EVT_097_03328,SGR_ZONE_097,2023-01-31,1,Winter,1,1,Retreated,Unknown,35.0,Cloudy
EVT_097_03329,SGR_ZONE_097,2023-01-31,1,Winter,3,1,Neutralized,Foot Patrol,9.0,Snow
EVT_097_03330,SGR_ZONE_097,2023-01-31,1,Winter,23,0,Undetected,Foot Patrol,,Cloudy
EVT_097_03331,SGR_ZONE_097,2023-04-01,4,Spring,1,1,Neutralized,Vehicle,9.0,Clear
EVT_097_03332,SGR_ZONE_097,2023-05-01,5,Spring,4,0,Undetected,Unknown,,Cloudy
EVT_097_03333,SGR_ZONE_097,2023-05-01,5,Spring,0,1,Retreated,Vehicle,13.0,Cloudy
EVT_097_03334,SGR_ZONE_097,2023-05-01,5,Spring,23,1,Neutralized,Drone (Suspicious),49.0,Fog
EVT_097_03335,SGR_ZONE_097,2023-05-31,5,Spring,23,1,Retreated,Unknown,55.0,Cloudy
EVT_097_03336,SGR_ZONE_097,2023-05-31,5,Spring,3,1,Retreated,Foot Patrol,5.0,Clear
EVT_097_03337,SGR_ZONE_097,2023-05-31,5,Spring,23,1,Alert Triggered,Foot Patrol,14.0,Fog
EVT_097_03338,SGR_ZONE_097,2023-05-31,5,Spring,0,1,Alert Triggered,Unknown,47.0,Cloudy
EVT_097_03339,SGR_ZONE_097,2023-09-28,9,Autumn,22,1,Alert Triggered,Foot Patrol,53.0,Clear
EVT_097_03340,SGR_ZONE_097,2023-09-28,9,Autumn,0,1,Alert Triggered,Unknown,19.0,Cloudy
EVT_097_03341,SGR_ZONE_097,2023-12-27,12,Winter,0,1,Neutralized,Vehicle,39.0,Clear
EVT_097_03342,SGR_ZONE_097,2024-01-26,1,Winter,1,1,Retreated,Drone (Suspicious),40.0,Cloudy
EVT_097_03343,SGR_ZONE_097,2024-01-26,1,Winter,22,1,Retreated,Vehicle,27.0,Fog
EVT_097_03344,SGR_ZONE_097,2024-02-25,2,Winter,23,1,Neutralized,Unknown,53.0,Clear
EVT_097_03345,SGR_ZONE_097,2024-05-25,5,Spring,23,1,Retreated,Foot Patrol,6.0,Cloudy
EVT_097_03346,SGR_ZONE_097,2024-05-25,5,Spring,0,0,Undetected,Foot Patrol,,Clear
EVT_097_03347,SGR_ZONE_097,2024-09-22,9,Autumn,2,0,Undetected,Vehicle,,Clear
EVT_097_03348,SGR_ZONE_097,2024-09-22,9,Autumn,4,1,Retreated,Unknown,21.0,Clear
EVT_098_03349,SGR_ZONE_098,2023-01-01,1,Winter,1,1,Retreated,Foot Patrol,38.0,Cloudy
EVT_098_03350,SGR_ZONE_098,2023-01-01,1,Winter,22,1,Neutralized,Unknown,49.0,Snow
EVT_098_03351,SGR_ZONE_098,2023-03-02,3,Spring,0,1,Neutralized,Vehicle,51.0,Cloudy
EVT_098_03352,SGR_ZONE_098,2023-03-02,3,Spring,23,1,Retreated,Unknown,44.0,Fog
EVT_098_03353,SGR_ZONE_098,2023-04-01,4,Spring,0,1,Alert Triggered,Foot Patrol,33.0,Cloudy
EVT_098_03354,SGR_ZONE_098,2023-04-01,4,Spring,2,1,Retreated,Vehicle,41.0,Cloudy
EVT_098_03355,SGR_ZONE_098,2023-05-01,5,Spring,0,1,Retreated,Unknown,41.0,Clear
EVT_098_03356,SGR_ZONE_098,2023-06-30,6,Monsoon,0,1,Neutralized,Foot Patrol,36.0,Snow
EVT_098_03357,SGR_ZONE_098,2023-06-30,6,Monsoon,23,1,Retreated,Unknown,34.0,Clear
EVT_098_03358,SGR_ZONE_098,2023-06-30,6,Monsoon,23,1,Retreated,Foot Patrol,48.0,Clear
EVT_098_03359,SGR_ZONE_098,2023-07-30,7,Monsoon,0,1,Neutralized,Vehicle,20.0,Clear
EVT_098_03360,SGR_ZONE_098,2023-09-28,9,Autumn,1,0,Undetected,Foot Patrol,,Cloudy
EVT_098_03361,SGR_ZONE_098,2023-09-28,9,Autumn,22,1,Retreated,Vehicle,53.0,Fog
EVT_098_03362,SGR_ZONE_098,2023-09-28,9,Autumn,0,0,Undetected,Unknown,,Cloudy
EVT_098_03363,SGR_ZONE_098,2023-09-28,9,Autumn,23,1,Alert Triggered,Unknown,11.0,Cloudy
EVT_098_03364,SGR_ZONE_098,2023-11-27,11,Autumn,3,1,Retreated,Vehicle,29.0,Clear
EVT_098_03365,SGR_ZONE_098,2023-11-27,11,Autumn,22,1,Neutralized,Foot Patrol,9.0,Snow
EVT_098_03366,SGR_ZONE_098,2023-12-27,12,Winter,0,1,Alert Triggered,Foot Patrol,15.0,Snow
EVT_098_03367,SGR_ZONE_098,2023-12-27,12,Winter,4,1,Retreated,Vehicle,16.0,Cloudy
EVT_098_03368,SGR_ZONE_098,2023-12-27,12,Winter,22,1,Neutralized,Foot Patrol,25.0,Clear
EVT_098_03369,SGR_ZONE_098,2023-12-27,12,Winter,3,1,Alert Triggered,Foot Patrol,46.0,Cloudy
EVT_098_03370,SGR_ZONE_098,2023-12-27,12,Winter,1,0,Undetected,Foot Patrol,,Fog
EVT_098_03371,SGR_ZONE_098,2024-01-26,1,Winter,4,1,Retreated,Foot Patrol,44.0,Fog
EVT_098_03372,SGR_ZONE_098,2024-03-26,3,Spring,3,1,Neutralized,Drone (Suspicious),33.0,Clear
EVT_098_03373,SGR_ZONE_098,2024-03-26,3,Spring,23,1,Retreated,Foot Patrol,46.0,Cloudy
EVT_098_03374,SGR_ZONE_098,2024-04-25,4,Spring,1,0,Undetected,Foot Patrol,,Clear
EVT_098_03375,SGR_ZONE_098,2024-05-25,5,Spring,0,1,Retreated,Drone (Suspicious),9.0,Clear
EVT_098_03376,SGR_ZONE_098,2024-05-25,5,Spring,0,1,Neutralized,Foot Patrol,41.0,Snow
EVT_098_03377,SGR_ZONE_098,2024-05-25,5,Spring,23,1,Retreated,Foot Patrol,10.0,Cloudy
EVT_098_03378,SGR_ZONE_098,2024-08-23,8,Monsoon,1,1,Neutralized,Foot Patrol,27.0,Fog
EVT_098_03379,SGR_ZONE_098,2024-08-23,8,Monsoon,2,1,Retreated,Foot Patrol,20.0,Clear
EVT_098_03380,SGR_ZONE_098,2024-08-23,8,Monsoon,1,1,Retreated,Drone (Suspicious),19.0,Clear
EVT_098_03381,SGR_ZONE_098,2024-09-22,9,Autumn,1,1,Retreated,Vehicle,5.0,Snow
EVT_098_03382,SGR_ZONE_098,2024-09-22,9,Autumn,0,1,Neutralized,Unknown,43.0,Snow
EVT_098_03383,SGR_ZONE_098,2024-10-22,10,Autumn,0,0,Undetected,Vehicle,,Cloudy
EVT_099_03384,SGR_ZONE_099,2023-01-01,1,Winter,0,0,Undetected,Foot Patrol,,Clear
EVT_099_03385,SGR_ZONE_099,2023-01-01,1,Winter,0,1,Retreated,Foot Patrol,44.0,Fog
EVT_099_03386,SGR_ZONE_099,2023-01-01,1,Winter,1,1,Alert Triggered,Foot Patrol,36.0,Clear
EVT_099_03387,SGR_ZONE_099,2023-01-01,1,Winter,22,0,Undetected,Vehicle,,Clear
EVT_099_03388,SGR_ZONE_099,2023-01-01,1,Winter,0,1,Retreated,Foot Patrol,13.0,Clear
EVT_099_03389,SGR_ZONE_099,2023-01-31,1,Winter,22,1,Retreated,Foot Patrol,54.0,Clear
EVT_099_03390,SGR_ZONE_099,2023-01-31,1,Winter,23,1,Alert Triggered,Foot Patrol,31.0,Cloudy
EVT_099_03391,SGR_ZONE_099,2023-03-02,3,Spring,1,1,Retreated,Unknown,6.0,Cloudy
EVT_099_03392,SGR_ZONE_099,2023-04-01,4,Spring,22,1,Retreated,Foot Patrol,9.0,Snow
EVT_099_03393,SGR_ZONE_099,2023-05-01,5,Spring,1,0,Undetected,Foot Patrol,,Clear
EVT_099_03394,SGR_ZONE_099,2023-05-31,5,Spring,1,1,Neutralized,Vehicle,11.0,Clear
EVT_099_03395,SGR_ZONE_099,2023-05-31,5,Spring,0,1,Retreated,Foot Patrol,47.0,Snow
EVT_099_03396,SGR_ZONE_099,2023-05-31,5,Spring,22,1,Retreated,Drone (Suspicious),33.0,Fog
EVT_099_03397,SGR_ZONE_099,2023-08-29,8,Monsoon,2,1,Neutralized,Foot Patrol,37.0,Cloudy
EVT_099_03398,SGR_ZONE_099,2023-08-29,8,Monsoon,1,0,Undetected,Drone (Suspicious),,Snow
EVT_099_03399,SGR_ZONE_099,2023-08-29,8,Monsoon,23,1,Alert Triggered,Vehicle,57.0,Cloudy
EVT_099_03400,SGR_ZONE_099,2023-10-28,10,Autumn,23,0,Undetected,Foot Patrol,,Cloudy
EVT_099_03401,SGR_ZONE_099,2023-10-28,10,Autumn,23,0,Undetected,Vehicle,,Clear
EVT_099_03402,SGR_ZONE_099,2023-10-28,10,Autumn,22,0,Undetected,Foot Patrol,,Fog
EVT_099_03403,SGR_ZONE_099,2023-11-27,11,Autumn,23,1,Retreated,Unknown,18.0,Clear
EVT_099_03404,SGR_ZONE_099,2023-11-27,11,Autumn,1,1,Retreated,Foot Patrol,35.0,Cloudy
EVT_099_03405,SGR_ZONE_099,2023-12-27,12,Winter,3,1,Retreated,Unknown,17.0,Snow
EVT_099_03406,SGR_ZONE_099,2023-12-27,12,Winter,23,1,Retreated,Vehicle,32.0,Snow
EVT_099_03407,SGR_ZONE_099,2024-01-26,1,Winter,22,1,Neutralized,Vehicle,17.0,Cloudy
EVT_099_03408,SGR_ZONE_099,2024-02-25,2,Winter,22,1,Retreated,Foot Patrol,36.0,Clear
EVT_099_03409,SGR_ZONE_099,2024-02-25,2,Winter,0,1,Retreated,Unknown,18.0,Clear
EVT_099_03410,SGR_ZONE_099,2024-02-25,2,Winter,1,1,Alert Triggered,Unknown,50.0,Cloudy
EVT_099_03411,SGR_ZONE_099,2024-04-25,4,Spring,22,1,Retreated,Foot Patrol,18.0,Clear
EVT_099_03412,SGR_ZONE_099,2024-04-25,4,Spring,1,0,Undetected,Foot Patrol,,Fog
EVT_099_03413,SGR_ZONE_099,2024-10-22,10,Autumn,1,1,Retreated,Foot Patrol,57.0,Fog
EVT_099_03414,SGR_ZONE_099,2024-10-22,10,Autumn,1,1,Alert Triggered,Unknown,49.0,Snow
EVT_099_03415,SGR_ZONE_099,2024-10-22,10,Autumn,23,1,Neutralized,Drone (Suspicious),26.0,Cloudy
EVT_100_03416,SGR_ZONE_100,2023-01-01,1,Winter,4,1,Retreated,Drone (Suspicious),50.0,Snow
EVT_100_03417,SGR_ZONE_100,2023-01-01,1,Winter,0,1,Retreated,Vehicle,15.0,Clear
EVT_100_03418,SGR_ZONE_100,2023-01-31,1,Winter,23,1,Retreated,Vehicle,37.0,Cloudy
EVT_100_03419,SGR_ZONE_100,2023-01-31,1,Winter,3,0,Undetected,Foot Patrol,,Fog
EVT_100_03420,SGR_ZONE_100,2023-01-31,1,Winter,22,0,Undetected,Vehicle,,Fog
EVT_100_03421,SGR_ZONE_100,2023-01-31,1,Winter,1,1,Retreated,Unknown,51.0,Clear
EVT_100_03422,SGR_ZONE_100,2023-03-02,3,Spring,23,1,Neutralized,Foot Patrol,36.0,Clear
EVT_100_03423,SGR_ZONE_100,2023-03-02,3,Spring,23,0,Undetected,Foot Patrol,,Fog
EVT_100_03424,SGR_ZONE_100,2023-03-02,3,Spring,22,0,Undetected,Foot Patrol,,Fog
EVT_100_03425,SGR_ZONE_100,2023-04-01,4,Spring,1,0,Undetected,Drone (Suspicious),,Snow
EVT_100_03426,SGR_ZONE_100,2023-05-01,5,Spring,1,1,Retreated,Unknown,39.0,Clear
EVT_100_03427,SGR_ZONE_100,2023-05-01,5,Spring,0,1,Retreated,Vehicle,51.0,Clear
EVT_100_03428,SGR_ZONE_100,2023-05-01,5,Spring,22,0,Undetected,Unknown,,Cloudy
EVT_100_03429,SGR_ZONE_100,2023-05-01,5,Spring,23,1,Alert Triggered,Foot Patrol,35.0,Cloudy
EVT_100_03430,SGR_ZONE_100,2023-05-31,5,Spring,22,1,Neutralized,Vehicle,43.0,Clear
EVT_100_03431,SGR_ZONE_100,2023-07-30,7,Monsoon,22,1,Alert Triggered,Foot Patrol,42.0,Snow
EVT_100_03432,SGR_ZONE_100,2023-07-30,7,Monsoon,23,0,Undetected,Foot Patrol,,Fog
EVT_100_03433,SGR_ZONE_100,2023-07-30,7,Monsoon,0,1,Alert Triggered,Vehicle,57.0,Cloudy
EVT_100_03434,SGR_ZONE_100,2023-07-30,7,Monsoon,0,1,Alert Triggered,Vehicle,24.0,Fog
EVT_100_03435,SGR_ZONE_100,2023-09-28,9,Autumn,0,1,Neutralized,Foot Patrol,14.0,Snow
EVT_100_03436,SGR_ZONE_100,2023-09-28,9,Autumn,0,1,Neutralized,Foot Patrol,43.0,Clear
EVT_100_03437,SGR_ZONE_100,2023-10-28,10,Autumn,0,0,Undetected,Foot Patrol,,Clear
EVT_100_03438,SGR_ZONE_100,2023-10-28,10,Autumn,0,0,Undetected,Unknown,,Cloudy
EVT_100_03439,SGR_ZONE_100,2023-10-28,10,Autumn,3,1,Retreated,Foot Patrol,27.0,Fog
EVT_100_03440,SGR_ZONE_100,2023-10-28,10,Autumn,0,1,Neutralized,Vehicle,33.0,Snow
EVT_100_03441,SGR_ZONE_100,2023-10-28,10,Autumn,0,1,Alert Triggered,Foot Patrol,41.0,Snow
EVT_100_03442,SGR_ZONE_100,2023-12-27,12,Winter,22,0,Undetected,Foot Patrol,,Snow
EVT_100_03443,SGR_ZONE_100,2023-12-27,12,Winter,22,1,Retreated,Foot Patrol,53.0,Clear
EVT_100_03444,SGR_ZONE_100,2023-12-27,12,Winter,23,0,Undetected,Unknown,,Clear
EVT_100_03445,SGR_ZONE_100,2024-01-26,1,Winter,2,1,Alert Triggered,Unknown,20.0,Clear
EVT_100_03446,SGR_ZONE_100,2024-01-26,1,Winter,23,0,Undetected,Unknown,,Clear
EVT_100_03447,SGR_ZONE_100,2024-02-25,2,Winter,0,0,Undetected,Drone (Suspicious),,Cloudy
EVT_100_03448,SGR_ZONE_100,2024-06-24,6,Monsoon,3,1,Alert Triggered,Foot Patrol,49.0,Cloudy
EVT_100_03449,SGR_ZONE_100,2024-06-24,6,Monsoon,23,1,Neutralized,Drone (Suspicious),18.0,Clear
EVT_100_03450,SGR_ZONE_100,2024-08-23,8,Monsoon,1,1,Neutralized,Unknown,25.0,Clear
EVT_100_03451,SGR_ZONE_100,2024-08-23,8,Monsoon,1,1,Neutralized,Foot Patrol,55.0,Snow
EVT_100_03452,SGR_ZONE_100,2024-08-23,8,Monsoon,0,1,Alert Triggered,Unknown,30.0,Clear
EVT_100_03453,SGR_ZONE_100,2024-08-23,8,Monsoon,23,0,Undetected,Foot Patrol,,Clear
EVT_100_03454,SGR_ZONE_100,2024-08-23,8,Monsoon,1,1,Alert Triggered,Vehicle,25.0,Cloudy
EVT_100_03455,SGR_ZONE_100,2024-09-22,9,Autumn,1,0,Undetected,Foot Patrol,,Fog
EVT_100_03456,SGR_ZONE_100,2024-09-22,9,Autumn,22,1,Neutralized,Foot Patrol,21.0,Clear
EVT_100_03457,SGR_ZONE_100,2024-09-22,9,Autumn,2,1,Alert Triggered,Vehicle,39.0,Clear
EVT_100_03458,SGR_ZONE_100,2024-09-22,9,Autumn,1,1,Retreated,Foot Patrol,45.0,Cloudy
EVT_100_03459,SGR_ZONE_100,2024-09-22,9,Autumn,0,1,Neutralized,Foot Patrol,57.0,Clear
EVT_100_03460,SGR_ZONE_100,2024-10-22,10,Autumn,1,1,Retreated,Vehicle,30.0,Fog
EVT_100_03461,SGR_ZONE_100,2024-10-22,10,Autumn,22,1,Retreated,Foot Patrol,25.0,Snow
EVT_101_03462,SGR_ZONE_101,2023-01-01,1,Winter,0,1,Retreated,Foot Patrol,32.0,Fog
EVT_101_03463,SGR_ZONE_101,2023-01-01,1,Winter,2,1,Alert Triggered,Foot Patrol,44.0,Cloudy
EVT_101_03464,SGR_ZONE_101,2023-01-01,1,Winter,1,1,Retreated,Vehicle,54.0,Snow
EVT_101_03465,SGR_ZONE_101,2023-03-02,3,Spring,22,1,Neutralized,Foot Patrol,33.0,Cloudy
EVT_101_03466,SGR_ZONE_101,2023-03-02,3,Spring,22,1,Retreated,Vehicle,11.0,Cloudy
EVT_101_03467,SGR_ZONE_101,2023-03-02,3,Spring,23,1,Retreated,Foot Patrol,22.0,Clear
EVT_101_03468,SGR_ZONE_101,2023-05-31,5,Spring,0,1,Alert Triggered,Vehicle,38.0,Cloudy
EVT_101_03469,SGR_ZONE_101,2023-05-31,5,Spring,22,0,Undetected,Vehicle,,Cloudy
EVT_101_03470,SGR_ZONE_101,2023-05-31,5,Spring,0,1,Retreated,Foot Patrol,46.0,Fog
EVT_101_03471,SGR_ZONE_101,2023-05-31,5,Spring,0,1,Neutralized,Unknown,45.0,Cloudy
EVT_101_03472,SGR_ZONE_101,2023-08-29,8,Monsoon,0,1,Alert Triggered,Drone (Suspicious),20.0,Clear
EVT_101_03473,SGR_ZONE_101,2023-08-29,8,Monsoon,0,1,Alert Triggered,Foot Patrol,53.0,Fog
EVT_101_03474,SGR_ZONE_101,2023-08-29,8,Monsoon,23,0,Undetected,Foot Patrol,,Clear
EVT_101_03475,SGR_ZONE_101,2023-08-29,8,Monsoon,0,0,Undetected,Foot Patrol,,Fog
EVT_101_03476,SGR_ZONE_101,2023-10-28,10,Autumn,2,1,Retreated,Unknown,14.0,Cloudy
EVT_101_03477,SGR_ZONE_101,2023-10-28,10,Autumn,0,1,Retreated,Vehicle,13.0,Clear
EVT_101_03478,SGR_ZONE_101,2023-10-28,10,Autumn,23,1,Neutralized,Unknown,30.0,Snow
EVT_101_03479,SGR_ZONE_101,2023-12-27,12,Winter,4,0,Undetected,Foot Patrol,,Clear
EVT_101_03480,SGR_ZONE_101,2024-01-26,1,Winter,0,1,Retreated,Foot Patrol,11.0,Clear
EVT_101_03481,SGR_ZONE_101,2024-01-26,1,Winter,0,1,Alert Triggered,Drone (Suspicious),8.0,Fog
EVT_101_03482,SGR_ZONE_101,2024-01-26,1,Winter,0,0,Undetected,Foot Patrol,,Snow
EVT_101_03483,SGR_ZONE_101,2024-02-25,2,Winter,2,0,Undetected,Drone (Suspicious),,Clear
EVT_101_03484,SGR_ZONE_101,2024-02-25,2,Winter,1,1,Neutralized,Foot Patrol,17.0,Clear
EVT_101_03485,SGR_ZONE_101,2024-02-25,2,Winter,0,1,Neutralized,Vehicle,34.0,Clear
EVT_101_03486,SGR_ZONE_101,2024-04-25,4,Spring,23,1,Alert Triggered,Vehicle,45.0,Clear
EVT_101_03487,SGR_ZONE_101,2024-06-24,6,Monsoon,23,1,Retreated,Drone (Suspicious),34.0,Fog
EVT_101_03488,SGR_ZONE_101,2024-06-24,6,Monsoon,22,1,Alert Triggered,Foot Patrol,29.0,Fog
EVT_101_03489,SGR_ZONE_101,2024-06-24,6,Monsoon,1,1,Retreated,Foot Patrol,39.0,Fog
EVT_101_03490,SGR_ZONE_101,2024-06-24,6,Monsoon,0,1,Neutralized,Drone (Suspicious),51.0,Fog
EVT_101_03491,SGR_ZONE_101,2024-11-21,11,Autumn,1,0,Undetected,Foot Patrol,,Fog
EVT_102_03492,SGR_ZONE_102,2023-01-01,1,Winter,1,1,Retreated,Unknown,23.0,Snow
EVT_102_03493,SGR_ZONE_102,2023-01-01,1,Winter,0,1,Retreated,Foot Patrol,33.0,Cloudy
EVT_102_03494,SGR_ZONE_102,2023-01-01,1,Winter,0,1,Retreated,Foot Patrol,57.0,Clear
EVT_102_03495,SGR_ZONE_102,2023-01-01,1,Winter,0,0,Undetected,Unknown,,Clear
EVT_102_03496,SGR_ZONE_102,2023-01-31,1,Winter,23,1,Retreated,Drone (Suspicious),29.0,Cloudy
EVT_102_03497,SGR_ZONE_102,2023-01-31,1,Winter,23,0,Undetected,Unknown,,Clear
EVT_102_03498,SGR_ZONE_102,2023-05-31,5,Spring,2,1,Neutralized,Vehicle,16.0,Snow
EVT_102_03499,SGR_ZONE_102,2023-05-31,5,Spring,4,1,Retreated,Foot Patrol,26.0,Clear
EVT_102_03500,SGR_ZONE_102,2023-09-28,9,Autumn,1,1,Retreated,Drone (Suspicious),37.0,Clear
EVT_102_03501,SGR_ZONE_102,2023-09-28,9,Autumn,0,1,Alert Triggered,Unknown,15.0,Clear
EVT_102_03502,SGR_ZONE_102,2023-12-27,12,Winter,2,1,Retreated,Foot Patrol,52.0,Snow
EVT_102_03503,SGR_ZONE_102,2023-12-27,12,Winter,0,0,Undetected,Unknown,,Fog
EVT_102_03504,SGR_ZONE_102,2023-12-27,12,Winter,0,1,Retreated,Foot Patrol,38.0,Clear
EVT_102_03505,SGR_ZONE_102,2023-12-27,12,Winter,1,1,Alert Triggered,Foot Patrol,21.0,Clear
EVT_102_03506,SGR_ZONE_102,2024-01-26,1,Winter,23,0,Undetected,Foot Patrol,,Cloudy
EVT_102_03507,SGR_ZONE_102,2024-03-26,3,Spring,0,1,Alert Triggered,Foot Patrol,33.0,Fog
EVT_102_03508,SGR_ZONE_102,2024-03-26,3,Spring,23,0,Undetected,Foot Patrol,,Snow
EVT_102_03509,SGR_ZONE_102,2024-05-25,5,Spring,1,1,Neutralized,Foot Patrol,23.0,Cloudy
EVT_102_03510,SGR_ZONE_102,2024-05-25,5,Spring,22,1,Retreated,Unknown,20.0,Cloudy
EVT_102_03511,SGR_ZONE_102,2024-06-24,6,Monsoon,1,1,Retreated,Vehicle,34.0,Snow
EVT_102_03512,SGR_ZONE_102,2024-06-24,6,Monsoon,0,1,Neutralized,Unknown,12.0,Fog
EVT_102_03513,SGR_ZONE_102,2024-06-24,6,Monsoon,2,0,Undetected,Drone (Suspicious),,Cloudy
EVT_102_03514,SGR_ZONE_102,2024-08-23,8,Monsoon,1,1,Retreated,Unknown,10.0,Snow
EVT_102_03515,SGR_ZONE_102,2024-09-22,9,Autumn,0,0,Undetected,Foot Patrol,,Cloudy
EVT_102_03516,SGR_ZONE_102,2024-09-22,9,Autumn,1,1,Retreated,Drone (Suspicious),57.0,Cloudy
EVT_102_03517,SGR_ZONE_102,2024-10-22,10,Autumn,0,0,Undetected,Unknown,,Cloudy
EVT_102_03518,SGR_ZONE_102,2024-10-22,10,Autumn,22,1,Retreated,Drone (Suspicious),43.0,Clear
EVT_102_03519,SGR_ZONE_102,2024-10-22,10,Autumn,0,0,Undetected,Vehicle,,Cloudy
EVT_102_03520,SGR_ZONE_102,2024-11-21,11,Autumn,2,1,Neutralized,Unknown,40.0,Clear
EVT_102_03521,SGR_ZONE_102,2024-11-21,11,Autumn,2,1,Retreated,Vehicle,22.0,Clear
EVT_102_03522,SGR_ZONE_102,2024-11-21,11,Autumn,23,0,Undetected,Unknown,,Cloudy
EVT_103_03523,SGR_ZONE_103,2023-03-02,3,Spring,22,0,Undetected,Foot Patrol,,Fog
EVT_103_03524,SGR_ZONE_103,2023-03-02,3,Spring,0,1,Alert Triggered,Unknown,51.0,Clear
EVT_103_03525,SGR_ZONE_103,2023-06-30,6,Monsoon,22,1,Retreated,Foot Patrol,15.0,Clear
EVT_103_03526,SGR_ZONE_103,2023-06-30,6,Monsoon,0,1,Retreated,Unknown,13.0,Clear
EVT_103_03527,SGR_ZONE_103,2023-11-27,11,Autumn,23,1,Neutralized,Vehicle,20.0,Clear
EVT_103_03528,SGR_ZONE_103,2023-11-27,11,Autumn,3,0,Undetected,Vehicle,,Cloudy
EVT_103_03529,SGR_ZONE_103,2023-11-27,11,Autumn,0,1,Retreated,Unknown,42.0,Clear
EVT_103_03530,SGR_ZONE_103,2023-12-27,12,Winter,23,1,Retreated,Unknown,6.0,Cloudy
EVT_103_03531,SGR_ZONE_103,2023-12-27,12,Winter,2,1,Retreated,Drone (Suspicious),22.0,Cloudy
EVT_103_03532,SGR_ZONE_103,2023-12-27,12,Winter,23,1,Alert Triggered,Unknown,17.0,Clear
EVT_103_03533,SGR_ZONE_103,2024-02-25,2,Winter,0,1,Alert Triggered,Foot Patrol,18.0,Cloudy
EVT_103_03534,SGR_ZONE_103,2024-02-25,2,Winter,23,1,Alert Triggered,Foot Patrol,28.0,Cloudy
EVT_103_03535,SGR_ZONE_103,2024-02-25,2,Winter,3,1,Retreated,Foot Patrol,32.0,Clear
EVT_103_03536,SGR_ZONE_103,2024-03-26,3,Spring,0,1,Neutralized,Foot Patrol,24.0,Fog
EVT_103_03537,SGR_ZONE_103,2024-03-26,3,Spring,3,1,Retreated,Unknown,41.0,Fog
EVT_103_03538,SGR_ZONE_103,2024-03-26,3,Spring,4,1,Retreated,Foot Patrol,29.0,Cloudy
EVT_103_03539,SGR_ZONE_103,2024-03-26,3,Spring,22,1,Retreated,Vehicle,28.0,Fog
EVT_103_03540,SGR_ZONE_103,2024-04-25,4,Spring,2,0,Undetected,Foot Patrol,,Cloudy
EVT_103_03541,SGR_ZONE_103,2024-04-25,4,Spring,0,1,Alert Triggered,Foot Patrol,30.0,Fog
EVT_103_03542,SGR_ZONE_103,2024-05-25,5,Spring,2,0,Undetected,Foot Patrol,,Cloudy
EVT_103_03543,SGR_ZONE_103,2024-05-25,5,Spring,4,1,Neutralized,Drone (Suspicious),44.0,Clear
EVT_103_03544,SGR_ZONE_103,2024-05-25,5,Spring,1,1,Neutralized,Drone (Suspicious),34.0,Clear
EVT_103_03545,SGR_ZONE_103,2024-05-25,5,Spring,23,1,Retreated,Foot Patrol,18.0,Cloudy
EVT_103_03546,SGR_ZONE_103,2024-05-25,5,Spring,0,1,Retreated,Foot Patrol,32.0,Clear
EVT_103_03547,SGR_ZONE_103,2024-06-24,6,Monsoon,1,1,Neutralized,Vehicle,6.0,Clear
EVT_103_03548,SGR_ZONE_103,2024-06-24,6,Monsoon,2,0,Undetected,Foot Patrol,,Cloudy
EVT_103_03549,SGR_ZONE_103,2024-06-24,6,Monsoon,2,0,Undetected,Unknown,,Cloudy
EVT_103_03550,SGR_ZONE_103,2024-06-24,6,Monsoon,0,1,Neutralized,Vehicle,15.0,Fog
EVT_103_03551,SGR_ZONE_103,2024-10-22,10,Autumn,0,1,Alert Triggered,Foot Patrol,26.0,Clear
EVT_103_03552,SGR_ZONE_103,2024-11-21,11,Autumn,1,1,Neutralized,Unknown,47.0,Cloudy
EVT_103_03553,SGR_ZONE_103,2024-11-21,11,Autumn,23,0,Undetected,Unknown,,Fog
EVT_103_03554,SGR_ZONE_103,2024-11-21,11,Autumn,1,0,Undetected,Drone (Suspicious),,Cloudy
EVT_103_03555,SGR_ZONE_103,2024-11-21,11,Autumn,4,1,Retreated,Unknown,54.0,Fog
EVT_104_03556,SGR_ZONE_104,2023-01-01,1,Winter,4,1,Retreated,Foot Patrol,40.0,Clear
EVT_104_03557,SGR_ZONE_104,2023-01-01,1,Winter,0,0,Undetected,Foot Patrol,,Clear
EVT_104_03558,SGR_ZONE_104,2023-01-01,1,Winter,3,1,Retreated,Foot Patrol,7.0,Clear
EVT_104_03559,SGR_ZONE_104,2023-01-01,1,Winter,23,1,Alert Triggered,Vehicle,22.0,Clear
EVT_104_03560,SGR_ZONE_104,2023-01-31,1,Winter,1,0,Undetected,Vehicle,,Clear
EVT_104_03561,SGR_ZONE_104,2023-01-31,1,Winter,1,1,Alert Triggered,Foot Patrol,24.0,Snow
EVT_104_03562,SGR_ZONE_104,2023-03-02,3,Spring,0,1,Retreated,Foot Patrol,57.0,Cloudy
EVT_104_03563,SGR_ZONE_104,2023-03-02,3,Spring,23,1,Neutralized,Foot Patrol,36.0,Cloudy
EVT_104_03564,SGR_ZONE_104,2023-03-02,3,Spring,0,1,Neutralized,Foot Patrol,17.0,Fog
EVT_104_03565,SGR_ZONE_104,2023-04-01,4,Spring,22,1,Neutralized,Unknown,19.0,Clear
EVT_104_03566,SGR_ZONE_104,2023-04-01,4,Spring,2,1,Alert Triggered,Foot Patrol,36.0,Cloudy
EVT_104_03567,SGR_ZONE_104,2023-05-01,5,Spring,23,1,Neutralized,Foot Patrol,7.0,Clear
EVT_104_03568,SGR_ZONE_104,2023-05-01,5,Spring,0,0,Undetected,Unknown,,Cloudy
EVT_104_03569,SGR_ZONE_104,2023-05-01,5,Spring,22,1,Retreated,Foot Patrol,23.0,Cloudy
EVT_104_03570,SGR_ZONE_104,2023-05-31,5,Spring,1,1,Retreated,Foot Patrol,37.0,Clear
EVT_104_03571,SGR_ZONE_104,2023-05-31,5,Spring,1,0,Undetected,Unknown,,Clear
EVT_104_03572,SGR_ZONE_104,2023-05-31,5,Spring,1,0,Undetected,Vehicle,,Clear
EVT_104_03573,SGR_ZONE_104,2023-05-31,5,Spring,1,1,Retreated,Vehicle,28.0,Cloudy
EVT_104_03574,SGR_ZONE_104,2023-06-30,6,Monsoon,1,1,Neutralized,Foot Patrol,37.0,Snow
EVT_104_03575,SGR_ZONE_104,2023-06-30,6,Monsoon,1,1,Alert Triggered,Foot Patrol,53.0,Cloudy
EVT_104_03576,SGR_ZONE_104,2023-08-29,8,Monsoon,0,1,Retreated,Foot Patrol,5.0,Clear
EVT_104_03577,SGR_ZONE_104,2023-08-29,8,Monsoon,4,1,Neutralized,Vehicle,38.0,Clear
EVT_104_03578,SGR_ZONE_104,2023-08-29,8,Monsoon,22,1,Alert Triggered,Vehicle,10.0,Clear
EVT_104_03579,SGR_ZONE_104,2023-09-28,9,Autumn,1,1,Retreated,Foot Patrol,33.0,Cloudy
EVT_104_03580,SGR_ZONE_104,2023-09-28,9,Autumn,1,1,Alert Triggered,Vehicle,50.0,Clear
EVT_104_03581,SGR_ZONE_104,2023-09-28,9,Autumn,0,1,Alert Triggered,Drone (Suspicious),42.0,Fog
EVT_104_03582,SGR_ZONE_104,2023-11-27,11,Autumn,2,0,Undetected,Foot Patrol,,Fog
EVT_104_03583,SGR_ZONE_104,2023-11-27,11,Autumn,0,0,Undetected,Foot Patrol,,Clear
EVT_104_03584,SGR_ZONE_104,2023-11-27,11,Autumn,1,1,Neutralized,Unknown,28.0,Clear
EVT_104_03585,SGR_ZONE_104,2023-11-27,11,Autumn,23,1,Neutralized,Vehicle,43.0,Fog
EVT_104_03586,SGR_ZONE_104,2023-11-27,11,Autumn,0,0,Undetected,Vehicle,,Fog
EVT_104_03587,SGR_ZONE_104,2023-12-27,12,Winter,22,1,Retreated,Unknown,43.0,Clear
EVT_104_03588,SGR_ZONE_104,2023-12-27,12,Winter,0,1,Neutralized,Vehicle,5.0,Clear
EVT_104_03589,SGR_ZONE_104,2023-12-27,12,Winter,22,1,Retreated,Unknown,42.0,Fog
EVT_104_03590,SGR_ZONE_104,2024-01-26,1,Winter,0,1,Alert Triggered,Unknown,24.0,Cloudy
EVT_104_03591,SGR_ZONE_104,2024-02-25,2,Winter,0,1,Neutralized,Vehicle,32.0,Clear
EVT_104_03592,SGR_ZONE_104,2024-02-25,2,Winter,22,1,Retreated,Foot Patrol,52.0,Fog
EVT_104_03593,SGR_ZONE_104,2024-03-26,3,Spring,3,1,Retreated,Foot Patrol,26.0,Clear
EVT_104_03594,SGR_ZONE_104,2024-03-26,3,Spring,4,1,Retreated,Drone (Suspicious),21.0,Fog
EVT_104_03595,SGR_ZONE_104,2024-04-25,4,Spring,22,1,Retreated,Foot Patrol,52.0,Clear
EVT_104_03596,SGR_ZONE_104,2024-04-25,4,Spring,23,1,Retreated,Vehicle,40.0,Clear
EVT_104_03597,SGR_ZONE_104,2024-04-25,4,Spring,2,1,Retreated,Foot Patrol,15.0,Snow
EVT_104_03598,SGR_ZONE_104,2024-05-25,5,Spring,23,1,Neutralized,Unknown,5.0,Clear
EVT_104_03599,SGR_ZONE_104,2024-11-21,11,Autumn,0,1,Neutralized,Foot Patrol,5.0,Clear
EVT_104_03600,SGR_ZONE_104,2024-11-21,11,Autumn,4,0,Undetected,Foot Patrol,,Clear
EVT_105_03601,SGR_ZONE_105,2023-01-01,1,Winter,23,1,Retreated,Foot Patrol,11.0,Fog
EVT_105_03602,SGR_ZONE_105,2023-01-01,1,Winter,0,1,Retreated,Foot Patrol,33.0,Fog
EVT_105_03603,SGR_ZONE_105,2023-01-31,1,Winter,0,0,Undetected,Foot Patrol,,Snow
EVT_105_03604,SGR_ZONE_105,2023-01-31,1,Winter,0,1,Retreated,Unknown,59.0,Cloudy
EVT_105_03605,SGR_ZONE_105,2023-05-01,5,Spring,0,0,Undetected,Foot Patrol,,Clear
EVT_105_03606,SGR_ZONE_105,2023-05-01,5,Spring,3,1,Alert Triggered,Foot Patrol,32.0,Cloudy
EVT_105_03607,SGR_ZONE_105,2023-05-31,5,Spring,1,1,Retreated,Foot Patrol,20.0,Clear
EVT_105_03608,SGR_ZONE_105,2023-05-31,5,Spring,1,0,Undetected,Unknown,,Fog
EVT_105_03609,SGR_ZONE_105,2023-05-31,5,Spring,0,0,Undetected,Drone (Suspicious),,Clear
EVT_105_03610,SGR_ZONE_105,2023-09-28,9,Autumn,22,1,Neutralized,Foot Patrol,55.0,Clear
EVT_105_03611,SGR_ZONE_105,2023-12-27,12,Winter,1,1,Retreated,Vehicle,49.0,Clear
EVT_105_03612,SGR_ZONE_105,2023-12-27,12,Winter,4,1,Alert Triggered,Unknown,8.0,Clear
EVT_105_03613,SGR_ZONE_105,2024-01-26,1,Winter,1,1,Retreated,Foot Patrol,38.0,Snow
EVT_105_03614,SGR_ZONE_105,2024-01-26,1,Winter,1,1,Neutralized,Foot Patrol,56.0,Cloudy
EVT_105_03615,SGR_ZONE_105,2024-01-26,1,Winter,23,1,Retreated,Foot Patrol,43.0,Clear
EVT_105_03616,SGR_ZONE_105,2024-03-26,3,Spring,1,1,Neutralized,Drone (Suspicious),20.0,Clear
EVT_105_03617,SGR_ZONE_105,2024-03-26,3,Spring,1,1,Retreated,Foot Patrol,31.0,Clear
EVT_105_03618,SGR_ZONE_105,2024-03-26,3,Spring,22,0,Undetected,Foot Patrol,,Cloudy
EVT_105_03619,SGR_ZONE_105,2024-04-25,4,Spring,1,1,Retreated,Foot Patrol,55.0,Clear
EVT_105_03620,SGR_ZONE_105,2024-04-25,4,Spring,23,0,Undetected,Drone (Suspicious),,Clear
EVT_105_03621,SGR_ZONE_105,2024-05-25,5,Spring,0,1,Retreated,Vehicle,48.0,Cloudy
EVT_105_03622,SGR_ZONE_105,2024-05-25,5,Spring,4,1,Retreated,Vehicle,20.0,Clear
EVT_105_03623,SGR_ZONE_105,2024-05-25,5,Spring,0,1,Alert Triggered,Unknown,45.0,Clear
EVT_105_03624,SGR_ZONE_105,2024-05-25,5,Spring,1,1,Neutralized,Unknown,54.0,Fog
EVT_105_03625,SGR_ZONE_105,2024-05-25,5,Spring,0,1,Retreated,Foot Patrol,24.0,Clear
EVT_105_03626,SGR_ZONE_105,2024-06-24,6,Monsoon,22,1,Alert Triggered,Foot Patrol,40.0,Cloudy
EVT_105_03627,SGR_ZONE_105,2024-06-24,6,Monsoon,23,1,Retreated,Vehicle,41.0,Clear
EVT_105_03628,SGR_ZONE_105,2024-06-24,6,Monsoon,3,1,Alert Triggered,Unknown,51.0,Cloudy
EVT_105_03629,SGR_ZONE_105,2024-06-24,6,Monsoon,1,1,Retreated,Vehicle,18.0,Cloudy
EVT_105_03630,SGR_ZONE_105,2024-09-22,9,Autumn,22,1,Retreated,Vehicle,17.0,Clear
EVT_105_03631,SGR_ZONE_105,2024-09-22,9,Autumn,0,1,Alert Triggered,Unknown,30.0,Cloudy
EVT_105_03632,SGR_ZONE_105,2024-10-22,10,Autumn,1,0,Undetected,Unknown,,Fog
EVT_105_03633,SGR_ZONE_105,2024-10-22,10,Autumn,4,1,Neutralized,Vehicle,23.0,Fog
EVT_105_03634,SGR_ZONE_105,2024-10-22,10,Autumn,1,1,Retreated,Unknown,19.0,Clear
EVT_105_03635,SGR_ZONE_105,2024-11-21,11,Autumn,0,1,Neutralized,Foot Patrol,34.0,Clear
EVT_105_03636,SGR_ZONE_105,2024-11-21,11,Autumn,0,1,Neutralized,Foot Patrol,28.0,Fog
EVT_106_03637,SGR_ZONE_106,2023-01-01,1,Winter,1,1,Retreated,Foot Patrol,53.0,Cloudy
EVT_106_03638,SGR_ZONE_106,2023-01-01,1,Winter,23,0,Undetected,Vehicle,,Clear
EVT_106_03639,SGR_ZONE_106,2023-01-01,1,Winter,1,1,Retreated,Unknown,27.0,Clear
EVT_106_03640,SGR_ZONE_106,2023-01-01,1,Winter,0,1,Alert Triggered,Drone (Suspicious),55.0,Clear
EVT_106_03641,SGR_ZONE_106,2023-01-31,1,Winter,0,1,Retreated,Drone (Suspicious),38.0,Cloudy
EVT_106_03642,SGR_ZONE_106,2023-01-31,1,Winter,2,1,Neutralized,Unknown,57.0,Clear
EVT_106_03643,SGR_ZONE_106,2023-03-02,3,Spring,0,0,Undetected,Foot Patrol,,Clear
EVT_106_03644,SGR_ZONE_106,2023-03-02,3,Spring,23,1,Retreated,Unknown,44.0,Clear
EVT_106_03645,SGR_ZONE_106,2023-03-02,3,Spring,2,1,Retreated,Foot Patrol,44.0,Clear
EVT_106_03646,SGR_ZONE_106,2023-04-01,4,Spring,0,1,Alert Triggered,Drone (Suspicious),6.0,Cloudy
EVT_106_03647,SGR_ZONE_106,2023-05-01,5,Spring,0,1,Neutralized,Foot Patrol,13.0,Fog
EVT_106_03648,SGR_ZONE_106,2023-05-01,5,Spring,4,1,Retreated,Vehicle,16.0,Clear
EVT_106_03649,SGR_ZONE_106,2023-05-01,5,Spring,23,1,Retreated,Drone (Suspicious),28.0,Clear
EVT_106_03650,SGR_ZONE_106,2023-07-30,7,Monsoon,3,0,Undetected,Vehicle,,Clear
EVT_106_03651,SGR_ZONE_106,2023-07-30,7,Monsoon,2,1,Neutralized,Foot Patrol,36.0,Fog
EVT_106_03652,SGR_ZONE_106,2023-08-29,8,Monsoon,23,0,Undetected,Foot Patrol,,Clear
EVT_106_03653,SGR_ZONE_106,2023-08-29,8,Monsoon,0,1,Retreated,Foot Patrol,33.0,Cloudy
EVT_106_03654,SGR_ZONE_106,2023-09-28,9,Autumn,1,1,Alert Triggered,Drone (Suspicious),21.0,Cloudy
EVT_106_03655,SGR_ZONE_106,2023-10-28,10,Autumn,2,0,Undetected,Foot Patrol,,Clear
EVT_106_03656,SGR_ZONE_106,2023-10-28,10,Autumn,1,1,Alert Triggered,Drone (Suspicious),36.0,Cloudy
EVT_106_03657,SGR_ZONE_106,2023-12-27,12,Winter,0,1,Alert Triggered,Foot Patrol,13.0,Snow
EVT_106_03658,SGR_ZONE_106,2023-12-27,12,Winter,0,0,Undetected,Foot Patrol,,Cloudy
EVT_106_03659,SGR_ZONE_106,2023-12-27,12,Winter,0,1,Retreated,Unknown,28.0,Cloudy
EVT_106_03660,SGR_ZONE_106,2023-12-27,12,Winter,1,1,Retreated,Unknown,55.0,Clear
EVT_106_03661,SGR_ZONE_106,2024-01-26,1,Winter,0,0,Undetected,Vehicle,,Cloudy
EVT_106_03662,SGR_ZONE_106,2024-01-26,1,Winter,23,1,Neutralized,Foot Patrol,53.0,Cloudy
EVT_106_03663,SGR_ZONE_106,2024-01-26,1,Winter,23,1,Alert Triggered,Foot Patrol,12.0,Cloudy
EVT_106_03664,SGR_ZONE_106,2024-02-25,2,Winter,22,1,Retreated,Unknown,13.0,Snow
EVT_106_03665,SGR_ZONE_106,2024-03-26,3,Spring,23,1,Retreated,Foot Patrol,43.0,Snow
EVT_106_03666,SGR_ZONE_106,2024-03-26,3,Spring,1,1,Retreated,Vehicle,33.0,Cloudy
EVT_106_03667,SGR_ZONE_106,2024-03-26,3,Spring,3,1,Retreated,Vehicle,29.0,Cloudy
EVT_106_03668,SGR_ZONE_106,2024-04-25,4,Spring,0,1,Neutralized,Vehicle,19.0,Clear
EVT_106_03669,SGR_ZONE_106,2024-04-25,4,Spring,1,1,Retreated,Foot Patrol,57.0,Clear
EVT_106_03670,SGR_ZONE_106,2024-05-25,5,Spring,23,1,Neutralized,Foot Patrol,55.0,Fog
EVT_106_03671,SGR_ZONE_106,2024-07-24,7,Monsoon,23,1,Retreated,Drone (Suspicious),38.0,Clear
EVT_106_03672,SGR_ZONE_106,2024-07-24,7,Monsoon,23,1,Neutralized,Foot Patrol,17.0,Cloudy
EVT_106_03673,SGR_ZONE_106,2024-08-23,8,Monsoon,23,1,Neutralized,Foot Patrol,16.0,Clear
EVT_106_03674,SGR_ZONE_106,2024-09-22,9,Autumn,22,1,Retreated,Vehicle,48.0,Clear
EVT_106_03675,SGR_ZONE_106,2024-09-22,9,Autumn,0,1,Neutralized,Foot Patrol,59.0,Snow
EVT_106_03676,SGR_ZONE_106,2024-09-22,9,Autumn,1,1,Retreated,Unknown,21.0,Snow
EVT_106_03677,SGR_ZONE_106,2024-09-22,9,Autumn,0,0,Undetected,Foot Patrol,,Clear
EVT_106_03678,SGR_ZONE_106,2024-10-22,10,Autumn,2,1,Alert Triggered,Unknown,23.0,Clear
EVT_106_03679,SGR_ZONE_106,2024-10-22,10,Autumn,22,0,Undetected,Foot Patrol,,Cloudy
EVT_106_03680,SGR_ZONE_106,2024-10-22,10,Autumn,3,1,Neutralized,Unknown,56.0,Cloudy
EVT_106_03681,SGR_ZONE_106,2024-11-21,11,Autumn,23,1,Alert Triggered,Foot Patrol,13.0,Snow
EVT_106_03682,SGR_ZONE_106,2024-11-21,11,Autumn,3,0,Undetected,Drone (Suspicious),,Fog
EVT_106_03683,SGR_ZONE_106,2024-11-21,11,Autumn,2,1,Retreated,Foot Patrol,16.0,Cloudy
EVT_106_03684,SGR_ZONE_106,2024-11-21,11,Autumn,23,1,Neutralized,Foot Patrol,26.0,Fog
EVT_107_03685,SGR_ZONE_107,2023-01-31,1,Winter,1,1,Alert Triggered,Foot Patrol,28.0,Cloudy
EVT_107_03686,SGR_ZONE_107,2023-01-31,1,Winter,23,1,Retreated,Unknown,15.0,Fog
EVT_107_03687,SGR_ZONE_107,2023-01-31,1,Winter,23,1,Neutralized,Unknown,13.0,Clear
EVT_107_03688,SGR_ZONE_107,2023-03-02,3,Spring,2,1,Neutralized,Unknown,23.0,Snow
EVT_107_03689,SGR_ZONE_107,2023-03-02,3,Spring,0,1,Neutralized,Foot Patrol,10.0,Clear
EVT_107_03690,SGR_ZONE_107,2023-03-02,3,Spring,2,0,Undetected,Vehicle,,Clear
EVT_107_03691,SGR_ZONE_107,2023-04-01,4,Spring,3,0,Undetected,Foot Patrol,,Fog
EVT_107_03692,SGR_ZONE_107,2023-04-01,4,Spring,0,1,Retreated,Unknown,11.0,Snow
EVT_107_03693,SGR_ZONE_107,2023-05-01,5,Spring,22,1,Neutralized,Foot Patrol,21.0,Fog
EVT_107_03694,SGR_ZONE_107,2023-10-28,10,Autumn,1,1,Neutralized,Foot Patrol,17.0,Clear
EVT_107_03695,SGR_ZONE_107,2023-12-27,12,Winter,23,1,Retreated,Vehicle,39.0,Fog
EVT_107_03696,SGR_ZONE_107,2023-12-27,12,Winter,22,0,Undetected,Unknown,,Cloudy
EVT_107_03697,SGR_ZONE_107,2023-12-27,12,Winter,3,1,Retreated,Foot Patrol,35.0,Cloudy
EVT_107_03698,SGR_ZONE_107,2024-01-26,1,Winter,1,0,Undetected,Foot Patrol,,Clear
EVT_107_03699,SGR_ZONE_107,2024-01-26,1,Winter,0,0,Undetected,Foot Patrol,,Clear
EVT_107_03700,SGR_ZONE_107,2024-01-26,1,Winter,23,1,Alert Triggered,Vehicle,30.0,Clear
EVT_107_03701,SGR_ZONE_107,2024-02-25,2,Winter,0,0,Undetected,Drone (Suspicious),,Fog
EVT_107_03702,SGR_ZONE_107,2024-02-25,2,Winter,0,0,Undetected,Unknown,,Snow
EVT_107_03703,SGR_ZONE_107,2024-03-26,3,Spring,1,1,Retreated,Foot Patrol,9.0,Cloudy
EVT_107_03704,SGR_ZONE_107,2024-05-25,5,Spring,0,1,Neutralized,Foot Patrol,20.0,Snow
EVT_107_03705,SGR_ZONE_107,2024-05-25,5,Spring,2,1,Retreated,Foot Patrol,13.0,Clear
EVT_107_03706,SGR_ZONE_107,2024-05-25,5,Spring,1,1,Neutralized,Vehicle,52.0,Snow
EVT_107_03707,SGR_ZONE_107,2024-05-25,5,Spring,22,1,Retreated,Foot Patrol,28.0,Fog
EVT_107_03708,SGR_ZONE_107,2024-06-24,6,Monsoon,0,1,Retreated,Vehicle,15.0,Cloudy
EVT_107_03709,SGR_ZONE_107,2024-06-24,6,Monsoon,22,0,Undetected,Vehicle,,Clear
EVT_107_03710,SGR_ZONE_107,2024-06-24,6,Monsoon,1,0,Undetected,Foot Patrol,,Fog
EVT_107_03711,SGR_ZONE_107,2024-08-23,8,Monsoon,1,0,Undetected,Foot Patrol,,Clear
EVT_107_03712,SGR_ZONE_107,2024-08-23,8,Monsoon,0,1,Retreated,Foot Patrol,31.0,Clear
EVT_108_03713,SGR_ZONE_108,2023-01-01,1,Winter,0,1,Alert Triggered,Drone (Suspicious),52.0,Cloudy
EVT_108_03714,SGR_ZONE_108,2023-01-31,1,Winter,1,0,Undetected,Vehicle,,Clear
EVT_108_03715,SGR_ZONE_108,2023-01-31,1,Winter,1,1,Retreated,Vehicle,32.0,Clear
EVT_108_03716,SGR_ZONE_108,2023-01-31,1,Winter,23,1,Neutralized,Foot Patrol,28.0,Clear
EVT_108_03717,SGR_ZONE_108,2023-03-02,3,Spring,22,1,Retreated,Unknown,38.0,Cloudy
EVT_108_03718,SGR_ZONE_108,2023-03-02,3,Spring,23,1,Retreated,Unknown,54.0,Fog
EVT_108_03719,SGR_ZONE_108,2023-03-02,3,Spring,22,0,Undetected,Foot Patrol,,Cloudy
EVT_108_03720,SGR_ZONE_108,2023-04-01,4,Spring,23,1,Neutralized,Foot Patrol,26.0,Cloudy
EVT_108_03721,SGR_ZONE_108,2023-04-01,4,Spring,0,1,Alert Triggered,Vehicle,48.0,Fog
EVT_108_03722,SGR_ZONE_108,2023-05-01,5,Spring,1,0,Undetected,Unknown,,Clear
EVT_108_03723,SGR_ZONE_108,2023-05-01,5,Spring,0,0,Undetected,Unknown,,Cloudy
EVT_108_03724,SGR_ZONE_108,2023-05-01,5,Spring,22,0,Undetected,Foot Patrol,,Clear
EVT_108_03725,SGR_ZONE_108,2023-06-30,6,Monsoon,3,1,Retreated,Foot Patrol,16.0,Cloudy
EVT_108_03726,SGR_ZONE_108,2023-06-30,6,Monsoon,23,1,Neutralized,Vehicle,37.0,Cloudy
EVT_108_03727,SGR_ZONE_108,2023-06-30,6,Monsoon,0,1,Retreated,Foot Patrol,47.0,Clear
EVT_108_03728,SGR_ZONE_108,2023-07-30,7,Monsoon,23,1,Retreated,Vehicle,6.0,Clear
EVT_108_03729,SGR_ZONE_108,2023-07-30,7,Monsoon,0,0,Undetected,Foot Patrol,,Clear
EVT_108_03730,SGR_ZONE_108,2023-12-27,12,Winter,23,1,Alert Triggered,Foot Patrol,59.0,Clear
EVT_108_03731,SGR_ZONE_108,2024-01-26,1,Winter,23,1,Retreated,Vehicle,57.0,Fog
EVT_108_03732,SGR_ZONE_108,2024-01-26,1,Winter,22,1,Retreated,Unknown,24.0,Clear
EVT_108_03733,SGR_ZONE_108,2024-02-25,2,Winter,0,0,Undetected,Foot Patrol,,Clear
EVT_108_03734,SGR_ZONE_108,2024-02-25,2,Winter,0,0,Undetected,Foot Patrol,,Clear
EVT_108_03735,SGR_ZONE_108,2024-03-26,3,Spring,1,1,Retreated,Vehicle,29.0,Snow
EVT_108_03736,SGR_ZONE_108,2024-03-26,3,Spring,22,1,Alert Triggered,Foot Patrol,7.0,Cloudy
EVT_108_03737,SGR_ZONE_108,2024-03-26,3,Spring,3,0,Undetected,Unknown,,Clear
EVT_108_03738,SGR_ZONE_108,2024-05-25,5,Spring,2,1,Neutralized,Foot Patrol,56.0,Clear
EVT_108_03739,SGR_ZONE_108,2024-05-25,5,Spring,0,0,Undetected,Foot Patrol,,Cloudy
EVT_108_03740,SGR_ZONE_108,2024-05-25,5,Spring,2,0,Undetected,Vehicle,,Fog
EVT_108_03741,SGR_ZONE_108,2024-07-24,7,Monsoon,0,0,Undetected,Unknown,,Clear
EVT_108_03742,SGR_ZONE_108,2024-07-24,7,Monsoon,22,1,Neutralized,Vehicle,51.0,Snow
EVT_108_03743,SGR_ZONE_108,2024-07-24,7,Monsoon,23,1,Retreated,Foot Patrol,50.0,Cloudy
EVT_108_03744,SGR_ZONE_108,2024-07-24,7,Monsoon,1,0,Undetected,Foot Patrol,,Fog
EVT_108_03745,SGR_ZONE_108,2024-07-24,7,Monsoon,22,0,Undetected,Drone (Suspicious),,Cloudy
EVT_108_03746,SGR_ZONE_108,2024-09-22,9,Autumn,23,1,Neutralized,Vehicle,8.0,Cloudy
EVT_108_03747,SGR_ZONE_108,2024-09-22,9,Autumn,0,1,Neutralized,Foot Patrol,53.0,Clear
EVT_108_03748,SGR_ZONE_108,2024-09-22,9,Autumn,0,1,Neutralized,Drone (Suspicious),17.0,Snow
EVT_108_03749,SGR_ZONE_108,2024-11-21,11,Autumn,1,1,Neutralized,Vehicle,25.0,Clear
EVT_108_03750,SGR_ZONE_108,2024-11-21,11,Autumn,1,1,Alert Triggered,Foot Patrol,13.0,Clear
EVT_108_03751,SGR_ZONE_108,2024-11-21,11,Autumn,1,1,Retreated,Unknown,47.0,Cloudy
EVT_108_03752,SGR_ZONE_108,2024-11-21,11,Autumn,22,1,Retreated,Vehicle,33.0,Cloudy
EVT_109_03753,SGR_ZONE_109,2023-01-01,1,Winter,0,0,Undetected,Foot Patrol,,Cloudy
EVT_109_03754,SGR_ZONE_109,2023-01-01,1,Winter,0,1,Retreated,Foot Patrol,10.0,Clear
EVT_109_03755,SGR_ZONE_109,2023-01-01,1,Winter,0,1,Neutralized,Foot Patrol,16.0,Fog
EVT_109_03756,SGR_ZONE_109,2023-01-31,1,Winter,23,1,Alert Triggered,Vehicle,21.0,Clear
EVT_109_03757,SGR_ZONE_109,2023-03-02,3,Spring,22,1,Neutralized,Foot Patrol,23.0,Clear
EVT_109_03758,SGR_ZONE_109,2023-03-02,3,Spring,0,0,Undetected,Drone (Suspicious),,Cloudy
EVT_109_03759,SGR_ZONE_109,2023-04-01,4,Spring,2,1,Alert Triggered,Unknown,10.0,Clear
EVT_109_03760,SGR_ZONE_109,2023-05-01,5,Spring,0,1,Retreated,Foot Patrol,47.0,Cloudy
EVT_109_03761,SGR_ZONE_109,2023-05-01,5,Spring,0,1,Retreated,Vehicle,46.0,Cloudy
EVT_109_03762,SGR_ZONE_109,2023-05-01,5,Spring,2,1,Retreated,Vehicle,40.0,Clear
EVT_109_03763,SGR_ZONE_109,2023-05-01,5,Spring,1,1,Retreated,Unknown,36.0,Cloudy
EVT_109_03764,SGR_ZONE_109,2023-05-01,5,Spring,1,1,Alert Triggered,Foot Patrol,51.0,Cloudy
EVT_109_03765,SGR_ZONE_109,2023-05-01,5,Spring,1,0,Undetected,Foot Patrol,,Clear
EVT_109_03766,SGR_ZONE_109,2023-05-01,5,Spring,2,1,Neutralized,Foot Patrol,17.0,Clear
EVT_109_03767,SGR_ZONE_109,2023-05-31,5,Spring,0,1,Neutralized,Foot Patrol,50.0,Fog
EVT_109_03768,SGR_ZONE_109,2023-05-31,5,Spring,22,1,Retreated,Foot Patrol,39.0,Fog
EVT_109_03769,SGR_ZONE_109,2023-05-31,5,Spring,0,1,Retreated,Unknown,52.0,Clear
EVT_109_03770,SGR_ZONE_109,2023-05-31,5,Spring,0,0,Undetected,Foot Patrol,,Clear
EVT_109_03771,SGR_ZONE_109,2023-06-30,6,Monsoon,0,0,Undetected,Foot Patrol,,Cloudy
EVT_109_03772,SGR_ZONE_109,2023-06-30,6,Monsoon,3,1,Neutralized,Foot Patrol,51.0,Fog
EVT_109_03773,SGR_ZONE_109,2023-06-30,6,Monsoon,0,1,Neutralized,Foot Patrol,48.0,Cloudy
EVT_109_03774,SGR_ZONE_109,2023-07-30,7,Monsoon,0,1,Alert Triggered,Foot Patrol,55.0,Snow
EVT_109_03775,SGR_ZONE_109,2023-07-30,7,Monsoon,23,0,Undetected,Foot Patrol,,Clear
EVT_109_03776,SGR_ZONE_109,2023-07-30,7,Monsoon,1,0,Undetected,Drone (Suspicious),,Fog
EVT_109_03777,SGR_ZONE_109,2023-07-30,7,Monsoon,3,1,Alert Triggered,Foot Patrol,22.0,Snow
EVT_109_03778,SGR_ZONE_109,2023-07-30,7,Monsoon,23,1,Neutralized,Vehicle,40.0,Fog
EVT_109_03779,SGR_ZONE_109,2023-08-29,8,Monsoon,23,1,Retreated,Vehicle,42.0,Clear
EVT_109_03780,SGR_ZONE_109,2023-08-29,8,Monsoon,0,1,Neutralized,Foot Patrol,9.0,Cloudy
EVT_109_03781,SGR_ZONE_109,2023-10-28,10,Autumn,1,1,Retreated,Vehicle,40.0,Cloudy
EVT_109_03782,SGR_ZONE_109,2023-10-28,10,Autumn,0,0,Undetected,Foot Patrol,,Cloudy
EVT_109_03783,SGR_ZONE_109,2023-10-28,10,Autumn,22,1,Neutralized,Unknown,24.0,Cloudy
EVT_109_03784,SGR_ZONE_109,2023-10-28,10,Autumn,0,1,Retreated,Foot Patrol,51.0,Cloudy
EVT_109_03785,SGR_ZONE_109,2023-12-27,12,Winter,0,1,Alert Triggered,Foot Patrol,59.0,Cloudy
EVT_109_03786,SGR_ZONE_109,2023-12-27,12,Winter,4,1,Retreated,Drone (Suspicious),30.0,Cloudy
EVT_109_03787,SGR_ZONE_109,2023-12-27,12,Winter,23,1,Retreated,Unknown,35.0,Clear
EVT_109_03788,SGR_ZONE_109,2023-12-27,12,Winter,3,0,Undetected,Vehicle,,Snow
EVT_109_03789,SGR_ZONE_109,2024-01-26,1,Winter,23,1,Alert Triggered,Foot Patrol,45.0,Fog
EVT_109_03790,SGR_ZONE_109,2024-01-26,1,Winter,23,1,Alert Triggered,Foot Patrol,12.0,Clear
EVT_109_03791,SGR_ZONE_109,2024-01-26,1,Winter,4,1,Retreated,Vehicle,17.0,Cloudy
EVT_109_03792,SGR_ZONE_109,2024-02-25,2,Winter,0,0,Undetected,Foot Patrol,,Clear
EVT_109_03793,SGR_ZONE_109,2024-02-25,2,Winter,2,1,Neutralized,Foot Patrol,46.0,Clear
EVT_109_03794,SGR_ZONE_109,2024-02-25,2,Winter,0,0,Undetected,Foot Patrol,,Fog
EVT_109_03795,SGR_ZONE_109,2024-02-25,2,Winter,22,1,Alert Triggered,Vehicle,33.0,Clear
EVT_109_03796,SGR_ZONE_109,2024-03-26,3,Spring,23,0,Undetected,Foot Patrol,,Cloudy
EVT_109_03797,SGR_ZONE_109,2024-04-25,4,Spring,23,1,Neutralized,Unknown,58.0,Clear
EVT_109_03798,SGR_ZONE_109,2024-04-25,4,Spring,22,1,Retreated,Drone (Suspicious),38.0,Cloudy
EVT_109_03799,SGR_ZONE_109,2024-04-25,4,Spring,0,1,Retreated,Unknown,39.0,Cloudy
EVT_109_03800,SGR_ZONE_109,2024-05-25,5,Spring,23,1,Neutralized,Foot Patrol,47.0,Cloudy
EVT_109_03801,SGR_ZONE_109,2024-05-25,5,Spring,1,0,Undetected,Vehicle,,Snow
EVT_109_03802,SGR_ZONE_109,2024-05-25,5,Spring,23,1,Retreated,Unknown,12.0,Snow
EVT_109_03803,SGR_ZONE_109,2024-05-25,5,Spring,1,1,Neutralized,Drone (Suspicious),59.0,Fog
EVT_109_03804,SGR_ZONE_109,2024-07-24,7,Monsoon,22,1,Alert Triggered,Vehicle,17.0,Cloudy
EVT_109_03805,SGR_ZONE_109,2024-07-24,7,Monsoon,3,1,Retreated,Unknown,7.0,Fog
EVT_109_03806,SGR_ZONE_109,2024-08-23,8,Monsoon,23,1,Alert Triggered,Foot Patrol,24.0,Cloudy
EVT_109_03807,SGR_ZONE_109,2024-08-23,8,Monsoon,2,0,Undetected,Drone (Suspicious),,Fog
EVT_109_03808,SGR_ZONE_109,2024-08-23,8,Monsoon,1,0,Undetected,Foot Patrol,,Clear
EVT_109_03809,SGR_ZONE_109,2024-08-23,8,Monsoon,1,1,Retreated,Vehicle,37.0,Cloudy
EVT_109_03810,SGR_ZONE_109,2024-09-22,9,Autumn,2,1,Alert Triggered,Foot Patrol,41.0,Snow
EVT_109_03811,SGR_ZONE_109,2024-09-22,9,Autumn,22,1,Neutralized,Foot Patrol,19.0,Cloudy
EVT_109_03812,SGR_ZONE_109,2024-09-22,9,Autumn,4,1,Alert Triggered,Unknown,7.0,Fog
EVT_109_03813,SGR_ZONE_109,2024-09-22,9,Autumn,23,0,Undetected,Foot Patrol,,Cloudy
EVT_109_03814,SGR_ZONE_109,2024-09-22,9,Autumn,23,1,Alert Triggered,Foot Patrol,56.0,Clear
EVT_109_03815,SGR_ZONE_109,2024-10-22,10,Autumn,2,0,Undetected,Unknown,,Cloudy
EVT_109_03816,SGR_ZONE_109,2024-10-22,10,Autumn,0,0,Undetected,Foot Patrol,,Clear
EVT_110_03817,SGR_ZONE_110,2023-01-01,1,Winter,1,0,Undetected,Foot Patrol,,Snow
EVT_110_03818,SGR_ZONE_110,2023-01-01,1,Winter,23,0,Undetected,Unknown,,Snow
EVT_110_03819,SGR_ZONE_110,2023-01-01,1,Winter,1,1,Neutralized,Foot Patrol,12.0,Clear
EVT_110_03820,SGR_ZONE_110,2023-01-01,1,Winter,23,0,Undetected,Foot Patrol,,Clear
EVT_110_03821,SGR_ZONE_110,2023-01-01,1,Winter,23,0,Undetected,Unknown,,Clear
EVT_110_03822,SGR_ZONE_110,2023-01-31,1,Winter,2,1,Alert Triggered,Foot Patrol,18.0,Clear
EVT_110_03823,SGR_ZONE_110,2023-01-31,1,Winter,22,1,Retreated,Foot Patrol,32.0,Clear
EVT_110_03824,SGR_ZONE_110,2023-03-02,3,Spring,23,1,Retreated,Foot Patrol,29.0,Cloudy
EVT_110_03825,SGR_ZONE_110,2023-03-02,3,Spring,1,0,Undetected,Drone (Suspicious),,Cloudy
EVT_110_03826,SGR_ZONE_110,2023-03-02,3,Spring,23,0,Undetected,Foot Patrol,,Clear
EVT_110_03827,SGR_ZONE_110,2023-04-01,4,Spring,0,1,Neutralized,Unknown,25.0,Clear
EVT_110_03828,SGR_ZONE_110,2023-04-01,4,Spring,23,1,Retreated,Vehicle,46.0,Clear
EVT_110_03829,SGR_ZONE_110,2023-04-01,4,Spring,0,0,Undetected,Drone (Suspicious),,Clear
EVT_110_03830,SGR_ZONE_110,2023-04-01,4,Spring,22,0,Undetected,Drone (Suspicious),,Clear
EVT_110_03831,SGR_ZONE_110,2023-04-01,4,Spring,22,1,Retreated,Vehicle,42.0,Fog
EVT_110_03832,SGR_ZONE_110,2023-04-01,4,Spring,1,1,Alert Triggered,Foot Patrol,51.0,Fog
EVT_110_03833,SGR_ZONE_110,2023-04-01,4,Spring,0,1,Neutralized,Foot Patrol,55.0,Cloudy
EVT_110_03834,SGR_ZONE_110,2023-04-01,4,Spring,2,1,Alert Triggered,Foot Patrol,35.0,Clear
EVT_110_03835,SGR_ZONE_110,2023-05-31,5,Spring,23,1,Neutralized,Vehicle,10.0,Clear
EVT_110_03836,SGR_ZONE_110,2023-06-30,6,Monsoon,0,1,Neutralized,Unknown,33.0,Clear
EVT_110_03837,SGR_ZONE_110,2023-06-30,6,Monsoon,0,1,Retreated,Unknown,5.0,Cloudy
EVT_110_03838,SGR_ZONE_110,2023-07-30,7,Monsoon,1,1,Neutralized,Foot Patrol,12.0,Clear
EVT_110_03839,SGR_ZONE_110,2023-09-28,9,Autumn,0,0,Undetected,Foot Patrol,,Clear
EVT_110_03840,SGR_ZONE_110,2023-09-28,9,Autumn,0,0,Undetected,Vehicle,,Cloudy
EVT_110_03841,SGR_ZONE_110,2023-09-28,9,Autumn,22,1,Neutralized,Foot Patrol,35.0,Cloudy
EVT_110_03842,SGR_ZONE_110,2023-12-27,12,Winter,1,0,Undetected,Vehicle,,Fog
EVT_110_03843,SGR_ZONE_110,2023-12-27,12,Winter,23,1,Alert Triggered,Foot Patrol,30.0,Fog
EVT_110_03844,SGR_ZONE_110,2024-01-26,1,Winter,0,1,Retreated,Unknown,28.0,Cloudy
EVT_110_03845,SGR_ZONE_110,2024-01-26,1,Winter,0,1,Alert Triggered,Unknown,51.0,Snow
EVT_110_03846,SGR_ZONE_110,2024-01-26,1,Winter,23,0,Undetected,Foot Patrol,,Clear
EVT_110_03847,SGR_ZONE_110,2024-01-26,1,Winter,22,1,Retreated,Foot Patrol,49.0,Clear
EVT_110_03848,SGR_ZONE_110,2024-02-25,2,Winter,23,1,Neutralized,Unknown,30.0,Clear
EVT_110_03849,SGR_ZONE_110,2024-02-25,2,Winter,0,1,Neutralized,Vehicle,18.0,Cloudy
EVT_110_03850,SGR_ZONE_110,2024-02-25,2,Winter,0,0,Undetected,Foot Patrol,,Fog
EVT_110_03851,SGR_ZONE_110,2024-03-26,3,Spring,22,1,Retreated,Drone (Suspicious),13.0,Clear
EVT_110_03852,SGR_ZONE_110,2024-03-26,3,Spring,23,1,Alert Triggered,Foot Patrol,42.0,Cloudy
EVT_110_03853,SGR_ZONE_110,2024-03-26,3,Spring,0,1,Neutralized,Vehicle,29.0,Cloudy
EVT_110_03854,SGR_ZONE_110,2024-09-22,9,Autumn,0,1,Retreated,Vehicle,32.0,Clear
EVT_110_03855,SGR_ZONE_110,2024-09-22,9,Autumn,4,1,Neutralized,Vehicle,19.0,Fog
EVT_110_03856,SGR_ZONE_110,2024-09-22,9,Autumn,22,1,Retreated,Foot Patrol,25.0,Clear
EVT_110_03857,SGR_ZONE_110,2024-09-22,9,Autumn,23,1,Retreated,Foot Patrol,6.0,Clear
EVT_110_03858,SGR_ZONE_110,2024-10-22,10,Autumn,0,1,Retreated,Foot Patrol,9.0,Snow
EVT_110_03859,SGR_ZONE_110,2024-10-22,10,Autumn,0,1,Neutralized,Vehicle,6.0,Cloudy
EVT_110_03860,SGR_ZONE_110,2024-10-22,10,Autumn,23,1,Retreated,Unknown,11.0,Cloudy
EVT_110_03861,SGR_ZONE_110,2024-10-22,10,Autumn,0,1,Neutralized,Foot Patrol,34.0,Clear
EVT_110_03862,SGR_ZONE_110,2024-11-21,11,Autumn,23,1,Neutralized,Foot Patrol,10.0,Cloudy
EVT_110_03863,SGR_ZONE_110,2024-11-21,11,Autumn,23,1,Retreated,Foot Patrol,36.0,Snow
EVT_110_03864,SGR_ZONE_110,2024-11-21,11,Autumn,22,1,Alert Triggered,Unknown,5.0,Clear
EVT_111_03865,SGR_ZONE_111,2023-01-01,1,Winter,23,1,Alert Triggered,Drone (Suspicious),10.0,Snow
EVT_111_03866,SGR_ZONE_111,2023-01-31,1,Winter,4,1,Retreated,Foot Patrol,19.0,Cloudy
EVT_111_03867,SGR_ZONE_111,2023-01-31,1,Winter,4,1,Retreated,Vehicle,55.0,Cloudy
EVT_111_03868,SGR_ZONE_111,2023-03-02,3,Spring,23,1,Retreated,Foot Patrol,12.0,Clear
EVT_111_03869,SGR_ZONE_111,2023-05-01,5,Spring,0,1,Retreated,Foot Patrol,12.0,Clear
EVT_111_03870,SGR_ZONE_111,2023-05-01,5,Spring,23,1,Retreated,Unknown,30.0,Clear
EVT_111_03871,SGR_ZONE_111,2023-05-31,5,Spring,23,1,Neutralized,Vehicle,55.0,Clear
EVT_111_03872,SGR_ZONE_111,2023-05-31,5,Spring,0,1,Neutralized,Foot Patrol,7.0,Cloudy
EVT_111_03873,SGR_ZONE_111,2023-05-31,5,Spring,23,0,Undetected,Unknown,,Fog
EVT_111_03874,SGR_ZONE_111,2023-05-31,5,Spring,1,1,Retreated,Unknown,41.0,Snow
EVT_111_03875,SGR_ZONE_111,2023-05-31,5,Spring,23,1,Retreated,Vehicle,7.0,Clear
EVT_111_03876,SGR_ZONE_111,2023-08-29,8,Monsoon,0,0,Undetected,Foot Patrol,,Cloudy
EVT_111_03877,SGR_ZONE_111,2023-08-29,8,Monsoon,23,1,Retreated,Vehicle,55.0,Clear
EVT_111_03878,SGR_ZONE_111,2023-09-28,9,Autumn,0,1,Retreated,Foot Patrol,10.0,Fog
EVT_111_03879,SGR_ZONE_111,2023-09-28,9,Autumn,0,1,Neutralized,Foot Patrol,49.0,Fog
EVT_111_03880,SGR_ZONE_111,2023-10-28,10,Autumn,3,1,Retreated,Foot Patrol,7.0,Clear
EVT_111_03881,SGR_ZONE_111,2023-11-27,11,Autumn,0,1,Retreated,Vehicle,10.0,Cloudy
EVT_111_03882,SGR_ZONE_111,2023-11-27,11,Autumn,2,0,Undetected,Foot Patrol,,Snow
EVT_111_03883,SGR_ZONE_111,2023-12-27,12,Winter,0,1,Retreated,Drone (Suspicious),30.0,Fog
EVT_111_03884,SGR_ZONE_111,2023-12-27,12,Winter,23,1,Neutralized,Unknown,14.0,Cloudy
EVT_111_03885,SGR_ZONE_111,2023-12-27,12,Winter,2,0,Undetected,Unknown,,Snow
EVT_111_03886,SGR_ZONE_111,2024-01-26,1,Winter,22,1,Retreated,Foot Patrol,36.0,Cloudy
EVT_111_03887,SGR_ZONE_111,2024-02-25,2,Winter,0,0,Undetected,Unknown,,Cloudy
EVT_111_03888,SGR_ZONE_111,2024-02-25,2,Winter,2,1,Retreated,Foot Patrol,29.0,Clear
EVT_111_03889,SGR_ZONE_111,2024-03-26,3,Spring,22,0,Undetected,Unknown,,Clear
EVT_111_03890,SGR_ZONE_111,2024-03-26,3,Spring,2,1,Neutralized,Foot Patrol,36.0,Clear
EVT_111_03891,SGR_ZONE_111,2024-04-25,4,Spring,22,1,Retreated,Foot Patrol,54.0,Fog
EVT_111_03892,SGR_ZONE_111,2024-04-25,4,Spring,3,1,Alert Triggered,Unknown,47.0,Clear
EVT_111_03893,SGR_ZONE_111,2024-04-25,4,Spring,0,0,Undetected,Unknown,,Fog
EVT_111_03894,SGR_ZONE_111,2024-04-25,4,Spring,23,1,Retreated,Vehicle,39.0,Cloudy
EVT_111_03895,SGR_ZONE_111,2024-05-25,5,Spring,0,1,Alert Triggered,Foot Patrol,59.0,Cloudy
EVT_111_03896,SGR_ZONE_111,2024-07-24,7,Monsoon,1,1,Neutralized,Foot Patrol,22.0,Clear
EVT_112_03897,SGR_ZONE_112,2023-01-01,1,Winter,0,1,Retreated,Foot Patrol,16.0,Clear
EVT_112_03898,SGR_ZONE_112,2023-01-31,1,Winter,23,1,Retreated,Foot Patrol,48.0,Fog
EVT_112_03899,SGR_ZONE_112,2023-01-31,1,Winter,0,1,Retreated,Unknown,46.0,Cloudy
EVT_112_03900,SGR_ZONE_112,2023-01-31,1,Winter,23,1,Retreated,Vehicle,39.0,Snow
EVT_112_03901,SGR_ZONE_112,2023-03-02,3,Spring,0,1,Retreated,Vehicle,17.0,Cloudy
EVT_112_03902,SGR_ZONE_112,2023-04-01,4,Spring,23,1,Neutralized,Foot Patrol,26.0,Clear
EVT_112_03903,SGR_ZONE_112,2023-04-01,4,Spring,3,0,Undetected,Unknown,,Cloudy
EVT_112_03904,SGR_ZONE_112,2023-04-01,4,Spring,2,0,Undetected,Foot Patrol,,Fog
EVT_112_03905,SGR_ZONE_112,2023-07-30,7,Monsoon,0,1,Neutralized,Foot Patrol,49.0,Clear
EVT_112_03906,SGR_ZONE_112,2023-12-27,12,Winter,1,1,Retreated,Drone (Suspicious),58.0,Clear
EVT_112_03907,SGR_ZONE_112,2023-12-27,12,Winter,0,1,Retreated,Foot Patrol,42.0,Fog
EVT_112_03908,SGR_ZONE_112,2023-12-27,12,Winter,22,1,Neutralized,Foot Patrol,37.0,Clear
EVT_112_03909,SGR_ZONE_112,2024-02-25,2,Winter,1,1,Alert Triggered,Foot Patrol,38.0,Cloudy
EVT_112_03910,SGR_ZONE_112,2024-02-25,2,Winter,22,0,Undetected,Vehicle,,Cloudy
EVT_112_03911,SGR_ZONE_112,2024-02-25,2,Winter,0,1,Retreated,Drone (Suspicious),59.0,Fog
EVT_112_03912,SGR_ZONE_112,2024-06-24,6,Monsoon,1,1,Retreated,Foot Patrol,8.0,Cloudy
EVT_112_03913,SGR_ZONE_112,2024-11-21,11,Autumn,0,1,Retreated,Drone (Suspicious),25.0,Clear
EVT_112_03914,SGR_ZONE_112,2024-11-21,11,Autumn,22,1,Neutralized,Drone (Suspicious),31.0,Clear
EVT_112_03915,SGR_ZONE_112,2024-11-21,11,Autumn,1,1,Neutralized,Foot Patrol,23.0,Clear
EVT_113_03916,SGR_ZONE_113,2023-01-31,1,Winter,0,1,Retreated,Drone (Suspicious),33.0,Fog
EVT_113_03917,SGR_ZONE_113,2023-03-02,3,Spring,1,1,Neutralized,Drone (Suspicious),25.0,Cloudy
EVT_113_03918,SGR_ZONE_113,2023-03-02,3,Spring,23,1,Neutralized,Vehicle,13.0,Snow
EVT_113_03919,SGR_ZONE_113,2023-03-02,3,Spring,1,1,Neutralized,Foot Patrol,31.0,Clear
EVT_113_03920,SGR_ZONE_113,2023-04-01,4,Spring,23,1,Retreated,Drone (Suspicious),35.0,Snow
EVT_113_03921,SGR_ZONE_113,2023-04-01,4,Spring,3,1,Retreated,Vehicle,42.0,Clear
EVT_113_03922,SGR_ZONE_113,2023-04-01,4,Spring,23,1,Retreated,Foot Patrol,12.0,Snow
EVT_113_03923,SGR_ZONE_113,2023-05-01,5,Spring,22,1,Retreated,Vehicle,11.0,Snow
EVT_113_03924,SGR_ZONE_113,2023-05-31,5,Spring,1,1,Alert Triggered,Vehicle,59.0,Clear
EVT_113_03925,SGR_ZONE_113,2023-05-31,5,Spring,1,0,Undetected,Foot Patrol,,Clear
EVT_113_03926,SGR_ZONE_113,2023-05-31,5,Spring,22,1,Alert Triggered,Foot Patrol,6.0,Cloudy
EVT_113_03927,SGR_ZONE_113,2023-07-30,7,Monsoon,2,1,Neutralized,Vehicle,40.0,Snow
EVT_113_03928,SGR_ZONE_113,2023-07-30,7,Monsoon,0,1,Alert Triggered,Vehicle,59.0,Cloudy
EVT_113_03929,SGR_ZONE_113,2023-09-28,9,Autumn,0,1,Neutralized,Foot Patrol,18.0,Snow
EVT_113_03930,SGR_ZONE_113,2023-12-27,12,Winter,0,0,Undetected,Drone (Suspicious),,Clear
EVT_113_03931,SGR_ZONE_113,2024-01-26,1,Winter,1,1,Alert Triggered,Vehicle,20.0,Fog
EVT_113_03932,SGR_ZONE_113,2024-01-26,1,Winter,22,1,Retreated,Unknown,14.0,Clear
EVT_113_03933,SGR_ZONE_113,2024-01-26,1,Winter,1,1,Neutralized,Vehicle,25.0,Cloudy
EVT_113_03934,SGR_ZONE_113,2024-01-26,1,Winter,0,0,Undetected,Foot Patrol,,Fog
EVT_113_03935,SGR_ZONE_113,2024-02-25,2,Winter,22,0,Undetected,Vehicle,,Cloudy
EVT_113_03936,SGR_ZONE_113,2024-02-25,2,Winter,1,0,Undetected,Unknown,,Snow
EVT_113_03937,SGR_ZONE_113,2024-04-25,4,Spring,2,1,Retreated,Vehicle,26.0,Cloudy
EVT_113_03938,SGR_ZONE_113,2024-05-25,5,Spring,22,0,Undetected,Foot Patrol,,Fog
EVT_113_03939,SGR_ZONE_113,2024-07-24,7,Monsoon,4,1,Retreated,Foot Patrol,50.0,Clear
EVT_113_03940,SGR_ZONE_113,2024-08-23,8,Monsoon,22,1,Retreated,Unknown,26.0,Clear
EVT_113_03941,SGR_ZONE_113,2024-08-23,8,Monsoon,23,1,Neutralized,Foot Patrol,38.0,Fog
EVT_113_03942,SGR_ZONE_113,2024-08-23,8,Monsoon,23,1,Neutralized,Vehicle,57.0,Snow
EVT_113_03943,SGR_ZONE_113,2024-08-23,8,Monsoon,3,0,Undetected,Foot Patrol,,Clear
EVT_113_03944,SGR_ZONE_113,2024-08-23,8,Monsoon,22,1,Retreated,Unknown,50.0,Fog
EVT_114_03945,SGR_ZONE_114,2023-01-01,1,Winter,0,1,Retreated,Drone (Suspicious),13.0,Clear
EVT_114_03946,SGR_ZONE_114,2023-01-01,1,Winter,1,1,Retreated,Foot Patrol,11.0,Snow
EVT_114_03947,SGR_ZONE_114,2023-01-01,1,Winter,22,0,Undetected,Drone (Suspicious),,Cloudy
EVT_114_03948,SGR_ZONE_114,2023-01-31,1,Winter,22,0,Undetected,Foot Patrol,,Fog
EVT_114_03949,SGR_ZONE_114,2023-01-31,1,Winter,0,0,Undetected,Unknown,,Clear
EVT_114_03950,SGR_ZONE_114,2023-03-02,3,Spring,0,1,Alert Triggered,Foot Patrol,41.0,Cloudy
EVT_114_03951,SGR_ZONE_114,2023-03-02,3,Spring,22,1,Retreated,Vehicle,27.0,Clear
EVT_114_03952,SGR_ZONE_114,2023-03-02,3,Spring,2,0,Undetected,Foot Patrol,,Cloudy
EVT_114_03953,SGR_ZONE_114,2023-04-01,4,Spring,0,1,Neutralized,Drone (Suspicious),30.0,Clear
EVT_114_03954,SGR_ZONE_114,2023-05-01,5,Spring,1,1,Retreated,Foot Patrol,20.0,Fog
EVT_114_03955,SGR_ZONE_114,2023-05-01,5,Spring,0,1,Retreated,Foot Patrol,29.0,Cloudy
EVT_114_03956,SGR_ZONE_114,2023-05-01,5,Spring,0,1,Alert Triggered,Foot Patrol,38.0,Clear
EVT_114_03957,SGR_ZONE_114,2023-05-31,5,Spring,23,1,Neutralized,Foot Patrol,31.0,Cloudy
EVT_114_03958,SGR_ZONE_114,2023-05-31,5,Spring,23,1,Retreated,Foot Patrol,11.0,Cloudy
EVT_114_03959,SGR_ZONE_114,2023-07-30,7,Monsoon,2,1,Retreated,Unknown,15.0,Clear
EVT_114_03960,SGR_ZONE_114,2023-07-30,7,Monsoon,0,1,Retreated,Foot Patrol,58.0,Clear
EVT_114_03961,SGR_ZONE_114,2023-07-30,7,Monsoon,0,1,Neutralized,Vehicle,47.0,Fog
EVT_114_03962,SGR_ZONE_114,2023-09-28,9,Autumn,0,1,Retreated,Drone (Suspicious),59.0,Clear
EVT_114_03963,SGR_ZONE_114,2023-10-28,10,Autumn,23,1,Alert Triggered,Foot Patrol,13.0,Clear
EVT_114_03964,SGR_ZONE_114,2023-10-28,10,Autumn,2,1,Retreated,Vehicle,59.0,Clear
EVT_114_03965,SGR_ZONE_114,2023-10-28,10,Autumn,1,1,Retreated,Drone (Suspicious),30.0,Clear
EVT_114_03966,SGR_ZONE_114,2023-11-27,11,Autumn,0,1,Retreated,Foot Patrol,17.0,Cloudy
EVT_114_03967,SGR_ZONE_114,2023-11-27,11,Autumn,4,1,Alert Triggered,Vehicle,20.0,Snow
EVT_114_03968,SGR_ZONE_114,2023-12-27,12,Winter,23,1,Retreated,Unknown,22.0,Cloudy
EVT_114_03969,SGR_ZONE_114,2023-12-27,12,Winter,1,0,Undetected,Unknown,,Cloudy
EVT_114_03970,SGR_ZONE_114,2024-01-26,1,Winter,2,1,Alert Triggered,Foot Patrol,50.0,Fog
EVT_114_03971,SGR_ZONE_114,2024-01-26,1,Winter,1,1,Retreated,Drone (Suspicious),22.0,Cloudy
EVT_114_03972,SGR_ZONE_114,2024-01-26,1,Winter,1,1,Retreated,Vehicle,21.0,Clear
EVT_114_03973,SGR_ZONE_114,2024-01-26,1,Winter,0,1,Retreated,Unknown,51.0,Clear
EVT_114_03974,SGR_ZONE_114,2024-02-25,2,Winter,4,1,Retreated,Foot Patrol,50.0,Cloudy
EVT_114_03975,SGR_ZONE_114,2024-02-25,2,Winter,2,1,Neutralized,Vehicle,30.0,Clear
EVT_114_03976,SGR_ZONE_114,2024-03-26,3,Spring,0,0,Undetected,Foot Patrol,,Cloudy
EVT_114_03977,SGR_ZONE_114,2024-03-26,3,Spring,23,1,Retreated,Foot Patrol,6.0,Cloudy
EVT_114_03978,SGR_ZONE_114,2024-03-26,3,Spring,22,1,Retreated,Unknown,43.0,Fog
EVT_114_03979,SGR_ZONE_114,2024-03-26,3,Spring,23,1,Alert Triggered,Foot Patrol,9.0,Clear
EVT_114_03980,SGR_ZONE_114,2024-04-25,4,Spring,22,1,Neutralized,Foot Patrol,43.0,Fog
EVT_114_03981,SGR_ZONE_114,2024-05-25,5,Spring,4,1,Neutralized,Drone (Suspicious),9.0,Clear
EVT_114_03982,SGR_ZONE_114,2024-05-25,5,Spring,22,0,Undetected,Foot Patrol,,Clear
EVT_114_03983,SGR_ZONE_114,2024-07-24,7,Monsoon,0,1,Retreated,Vehicle,18.0,Clear
EVT_114_03984,SGR_ZONE_114,2024-07-24,7,Monsoon,22,0,Undetected,Unknown,,Cloudy
EVT_114_03985,SGR_ZONE_114,2024-07-24,7,Monsoon,23,1,Neutralized,Unknown,48.0,Cloudy
EVT_114_03986,SGR_ZONE_114,2024-07-24,7,Monsoon,1,0,Undetected,Unknown,,Snow
EVT_114_03987,SGR_ZONE_114,2024-10-22,10,Autumn,1,1,Neutralized,Foot Patrol,45.0,Cloudy
EVT_114_03988,SGR_ZONE_114,2024-10-22,10,Autumn,23,1,Retreated,Unknown,53.0,Clear
EVT_114_03989,SGR_ZONE_114,2024-10-22,10,Autumn,22,1,Retreated,Vehicle,29.0,Fog
EVT_114_03990,SGR_ZONE_114,2024-10-22,10,Autumn,3,1,Retreated,Foot Patrol,18.0,Clear
EVT_114_03991,SGR_ZONE_114,2024-10-22,10,Autumn,4,1,Neutralized,Vehicle,5.0,Clear
EVT_114_03992,SGR_ZONE_114,2024-10-22,10,Autumn,23,1,Neutralized,Foot Patrol,44.0,Cloudy
EVT_114_03993,SGR_ZONE_114,2024-10-22,10,Autumn,2,1,Neutralized,Unknown,37.0,Clear
EVT_115_03994,SGR_ZONE_115,2023-01-01,1,Winter,22,0,Undetected,Unknown,,Snow
EVT_115_03995,SGR_ZONE_115,2023-01-01,1,Winter,0,1,Retreated,Foot Patrol,39.0,Clear
EVT_115_03996,SGR_ZONE_115,2023-03-02,3,Spring,22,1,Neutralized,Foot Patrol,20.0,Clear
EVT_115_03997,SGR_ZONE_115,2023-03-02,3,Spring,0,1,Neutralized,Unknown,50.0,Fog
EVT_115_03998,SGR_ZONE_115,2023-03-02,3,Spring,0,1,Neutralized,Foot Patrol,55.0,Snow
EVT_115_03999,SGR_ZONE_115,2023-05-01,5,Spring,0,0,Undetected,Drone (Suspicious),,Clear
EVT_115_04000,SGR_ZONE_115,2023-05-31,5,Spring,23,1,Neutralized,Foot Patrol,48.0,Snow
EVT_115_04001,SGR_ZONE_115,2023-10-28,10,Autumn,0,1,Retreated,Vehicle,46.0,Clear
EVT_115_04002,SGR_ZONE_115,2023-10-28,10,Autumn,1,1,Neutralized,Foot Patrol,6.0,Clear
EVT_115_04003,SGR_ZONE_115,2023-10-28,10,Autumn,2,1,Alert Triggered,Foot Patrol,10.0,Fog
EVT_115_04004,SGR_ZONE_115,2023-10-28,10,Autumn,22,1,Alert Triggered,Vehicle,23.0,Clear
EVT_115_04005,SGR_ZONE_115,2023-11-27,11,Autumn,23,1,Retreated,Foot Patrol,46.0,Snow
EVT_115_04006,SGR_ZONE_115,2023-11-27,11,Autumn,22,1,Retreated,Vehicle,40.0,Clear
EVT_115_04007,SGR_ZONE_115,2023-11-27,11,Autumn,1,0,Undetected,Vehicle,,Fog
EVT_115_04008,SGR_ZONE_115,2023-12-27,12,Winter,0,1,Alert Triggered,Vehicle,33.0,Cloudy
EVT_115_04009,SGR_ZONE_115,2023-12-27,12,Winter,4,1,Alert Triggered,Foot Patrol,41.0,Clear
EVT_115_04010,SGR_ZONE_115,2023-12-27,12,Winter,0,0,Undetected,Unknown,,Fog
EVT_115_04011,SGR_ZONE_115,2023-12-27,12,Winter,2,1,Neutralized,Vehicle,51.0,Snow
EVT_115_04012,SGR_ZONE_115,2024-01-26,1,Winter,1,1,Alert Triggered,Foot Patrol,49.0,Cloudy
EVT_115_04013,SGR_ZONE_115,2024-01-26,1,Winter,22,1,Neutralized,Foot Patrol,17.0,Clear
EVT_115_04014,SGR_ZONE_115,2024-01-26,1,Winter,2,1,Alert Triggered,Foot Patrol,27.0,Clear
EVT_115_04015,SGR_ZONE_115,2024-05-25,5,Spring,0,1,Neutralized,Foot Patrol,21.0,Fog
EVT_115_04016,SGR_ZONE_115,2024-05-25,5,Spring,1,1,Alert Triggered,Unknown,17.0,Cloudy
EVT_115_04017,SGR_ZONE_115,2024-05-25,5,Spring,0,1,Neutralized,Foot Patrol,16.0,Fog
EVT_115_04018,SGR_ZONE_115,2024-07-24,7,Monsoon,22,1,Alert Triggered,Vehicle,29.0,Cloudy
EVT_115_04019,SGR_ZONE_115,2024-07-24,7,Monsoon,0,1,Neutralized,Foot Patrol,14.0,Cloudy
EVT_115_04020,SGR_ZONE_115,2024-07-24,7,Monsoon,1,0,Undetected,Foot Patrol,,Cloudy
EVT_115_04021,SGR_ZONE_115,2024-07-24,7,Monsoon,2,1,Alert Triggered,Unknown,14.0,Fog
EVT_115_04022,SGR_ZONE_115,2024-09-22,9,Autumn,22,0,Undetected,Foot Patrol,,Fog
EVT_115_04023,SGR_ZONE_115,2024-09-22,9,Autumn,23,1,Retreated,Foot Patrol,55.0,Fog
EVT_115_04024,SGR_ZONE_115,2024-09-22,9,Autumn,0,1,Retreated,Vehicle,43.0,Snow
EVT_115_04025,SGR_ZONE_115,2024-09-22,9,Autumn,1,1,Neutralized,Foot Patrol,26.0,Clear
EVT_116_04026,SGR_ZONE_116,2023-01-01,1,Winter,3,1,Retreated,Foot Patrol,17.0,Clear
EVT_116_04027,SGR_ZONE_116,2023-01-31,1,Winter,3,1,Retreated,Foot Patrol,17.0,Fog
EVT_116_04028,SGR_ZONE_116,2023-01-31,1,Winter,23,1,Retreated,Unknown,45.0,Clear
EVT_116_04029,SGR_ZONE_116,2023-03-02,3,Spring,23,1,Neutralized,Unknown,24.0,Snow
EVT_116_04030,SGR_ZONE_116,2023-03-02,3,Spring,0,1,Retreated,Unknown,54.0,Clear
EVT_116_04031,SGR_ZONE_116,2023-03-02,3,Spring,23,1,Neutralized,Vehicle,15.0,Cloudy
EVT_116_04032,SGR_ZONE_116,2023-03-02,3,Spring,1,0,Undetected,Vehicle,,Fog
EVT_116_04033,SGR_ZONE_116,2023-05-01,5,Spring,0,0,Undetected,Foot Patrol,,Snow
EVT_116_04034,SGR_ZONE_116,2023-05-01,5,Spring,1,1,Neutralized,Unknown,32.0,Cloudy
EVT_116_04035,SGR_ZONE_116,2023-05-31,5,Spring,0,0,Undetected,Vehicle,,Snow
EVT_116_04036,SGR_ZONE_116,2023-05-31,5,Spring,3,1,Neutralized,Foot Patrol,31.0,Cloudy
EVT_116_04037,SGR_ZONE_116,2023-05-31,5,Spring,0,1,Alert Triggered,Unknown,35.0,Cloudy
EVT_116_04038,SGR_ZONE_116,2023-05-31,5,Spring,2,1,Retreated,Foot Patrol,8.0,Cloudy
EVT_116_04039,SGR_ZONE_116,2023-05-31,5,Spring,22,1,Neutralized,Vehicle,36.0,Clear
EVT_116_04040,SGR_ZONE_116,2023-06-30,6,Monsoon,2,0,Undetected,Vehicle,,Cloudy
EVT_116_04041,SGR_ZONE_116,2023-06-30,6,Monsoon,2,0,Undetected,Foot Patrol,,Clear
EVT_116_04042,SGR_ZONE_116,2023-06-30,6,Monsoon,3,1,Neutralized,Vehicle,34.0,Clear
EVT_116_04043,SGR_ZONE_116,2023-09-28,9,Autumn,1,0,Undetected,Foot Patrol,,Cloudy
EVT_116_04044,SGR_ZONE_116,2023-09-28,9,Autumn,23,0,Undetected,Unknown,,Snow
EVT_116_04045,SGR_ZONE_116,2023-09-28,9,Autumn,3,1,Neutralized,Foot Patrol,22.0,Clear
EVT_116_04046,SGR_ZONE_116,2023-12-27,12,Winter,22,0,Undetected,Vehicle,,Fog
EVT_116_04047,SGR_ZONE_116,2023-12-27,12,Winter,4,1,Retreated,Drone (Suspicious),22.0,Clear
EVT_116_04048,SGR_ZONE_116,2024-01-26,1,Winter,22,0,Undetected,Foot Patrol,,Cloudy
EVT_116_04049,SGR_ZONE_116,2024-01-26,1,Winter,23,1,Alert Triggered,Foot Patrol,40.0,Clear
EVT_116_04050,SGR_ZONE_116,2024-01-26,1,Winter,23,0,Undetected,Drone (Suspicious),,Cloudy
EVT_116_04051,SGR_ZONE_116,2024-01-26,1,Winter,0,1,Neutralized,Vehicle,39.0,Clear
EVT_116_04052,SGR_ZONE_116,2024-01-26,1,Winter,4,1,Neutralized,Drone (Suspicious),50.0,Clear
EVT_116_04053,SGR_ZONE_116,2024-01-26,1,Winter,23,1,Neutralized,Foot Patrol,33.0,Snow
EVT_116_04054,SGR_ZONE_116,2024-05-25,5,Spring,23,1,Retreated,Drone (Suspicious),44.0,Cloudy
EVT_116_04055,SGR_ZONE_116,2024-05-25,5,Spring,4,0,Undetected,Drone (Suspicious),,Fog
EVT_116_04056,SGR_ZONE_116,2024-07-24,7,Monsoon,22,1,Alert Triggered,Vehicle,10.0,Clear
EVT_116_04057,SGR_ZONE_116,2024-07-24,7,Monsoon,1,0,Undetected,Drone (Suspicious),,Fog
EVT_116_04058,SGR_ZONE_116,2024-07-24,7,Monsoon,1,1,Alert Triggered,Drone (Suspicious),37.0,Clear
EVT_116_04059,SGR_ZONE_116,2024-09-22,9,Autumn,23,1,Alert Triggered,Foot Patrol,41.0,Cloudy
EVT_116_04060,SGR_ZONE_116,2024-09-22,9,Autumn,23,1,Alert Triggered,Drone (Suspicious),48.0,Cloudy
EVT_116_04061,SGR_ZONE_116,2024-10-22,10,Autumn,23,1,Retreated,Foot Patrol,51.0,Clear
EVT_116_04062,SGR_ZONE_116,2024-10-22,10,Autumn,22,1,Retreated,Foot Patrol,8.0,Clear
EVT_117_04063,SGR_ZONE_117,2023-01-01,1,Winter,23,1,Neutralized,Vehicle,36.0,Cloudy
EVT_117_04064,SGR_ZONE_117,2023-01-01,1,Winter,23,1,Neutralized,Drone (Suspicious),48.0,Clear
EVT_117_04065,SGR_ZONE_117,2023-01-01,1,Winter,0,1,Neutralized,Drone (Suspicious),25.0,Clear
EVT_117_04066,SGR_ZONE_117,2023-01-31,1,Winter,0,1,Neutralized,Foot Patrol,39.0,Clear
EVT_117_04067,SGR_ZONE_117,2023-01-31,1,Winter,1,0,Undetected,Foot Patrol,,Fog
EVT_117_04068,SGR_ZONE_117,2023-01-31,1,Winter,2,0,Undetected,Drone (Suspicious),,Snow
EVT_117_04069,SGR_ZONE_117,2023-01-31,1,Winter,0,0,Undetected,Foot Patrol,,Clear
EVT_117_04070,SGR_ZONE_117,2023-01-31,1,Winter,22,1,Neutralized,Foot Patrol,13.0,Clear
EVT_117_04071,SGR_ZONE_117,2023-01-31,1,Winter,22,0,Undetected,Foot Patrol,,Fog
EVT_117_04072,SGR_ZONE_117,2023-03-02,3,Spring,22,1,Neutralized,Vehicle,48.0,Snow
EVT_117_04073,SGR_ZONE_117,2023-04-01,4,Spring,1,1,Retreated,Unknown,11.0,Cloudy
EVT_117_04074,SGR_ZONE_117,2023-04-01,4,Spring,0,1,Retreated,Foot Patrol,7.0,Cloudy
EVT_117_04075,SGR_ZONE_117,2023-05-01,5,Spring,23,0,Undetected,Vehicle,,Fog
EVT_117_04076,SGR_ZONE_117,2023-05-31,5,Spring,22,1,Retreated,Foot Patrol,52.0,Cloudy
EVT_117_04077,SGR_ZONE_117,2023-05-31,5,Spring,23,1,Retreated,Foot Patrol,11.0,Snow
EVT_117_04078,SGR_ZONE_117,2023-05-31,5,Spring,23,1,Alert Triggered,Vehicle,35.0,Clear
EVT_117_04079,SGR_ZONE_117,2023-05-31,5,Spring,1,0,Undetected,Drone (Suspicious),,Clear
EVT_117_04080,SGR_ZONE_117,2023-07-30,7,Monsoon,0,1,Neutralized,Foot Patrol,33.0,Cloudy
EVT_117_04081,SGR_ZONE_117,2023-07-30,7,Monsoon,0,1,Alert Triggered,Foot Patrol,22.0,Fog
EVT_117_04082,SGR_ZONE_117,2023-07-30,7,Monsoon,0,0,Undetected,Vehicle,,Snow
EVT_117_04083,SGR_ZONE_117,2023-07-30,7,Monsoon,23,1,Alert Triggered,Drone (Suspicious),20.0,Snow
EVT_117_04084,SGR_ZONE_117,2023-07-30,7,Monsoon,23,1,Retreated,Foot Patrol,26.0,Clear
EVT_117_04085,SGR_ZONE_117,2023-09-28,9,Autumn,22,0,Undetected,Unknown,,Clear
EVT_117_04086,SGR_ZONE_117,2023-09-28,9,Autumn,0,1,Neutralized,Unknown,44.0,Snow
EVT_117_04087,SGR_ZONE_117,2023-10-28,10,Autumn,3,1,Neutralized,Foot Patrol,23.0,Snow
EVT_117_04088,SGR_ZONE_117,2023-10-28,10,Autumn,2,1,Neutralized,Vehicle,57.0,Fog
EVT_117_04089,SGR_ZONE_117,2023-10-28,10,Autumn,23,0,Undetected,Foot Patrol,,Clear
EVT_117_04090,SGR_ZONE_117,2023-10-28,10,Autumn,0,1,Retreated,Foot Patrol,10.0,Snow
EVT_117_04091,SGR_ZONE_117,2023-12-27,12,Winter,4,1,Retreated,Vehicle,48.0,Cloudy
EVT_117_04092,SGR_ZONE_117,2023-12-27,12,Winter,0,1,Neutralized,Foot Patrol,6.0,Fog
EVT_117_04093,SGR_ZONE_117,2024-01-26,1,Winter,1,1,Neutralized,Foot Patrol,57.0,Fog
EVT_117_04094,SGR_ZONE_117,2024-02-25,2,Winter,0,1,Retreated,Foot Patrol,6.0,Clear
EVT_117_04095,SGR_ZONE_117,2024-02-25,2,Winter,23,1,Retreated,Unknown,56.0,Fog
EVT_117_04096,SGR_ZONE_117,2024-03-26,3,Spring,23,0,Undetected,Foot Patrol,,Cloudy
EVT_117_04097,SGR_ZONE_117,2024-03-26,3,Spring,23,1,Retreated,Foot Patrol,39.0,Clear
EVT_117_04098,SGR_ZONE_117,2024-05-25,5,Spring,1,0,Undetected,Foot Patrol,,Clear
EVT_117_04099,SGR_ZONE_117,2024-05-25,5,Spring,22,1,Neutralized,Foot Patrol,14.0,Cloudy
EVT_117_04100,SGR_ZONE_117,2024-06-24,6,Monsoon,0,0,Undetected,Drone (Suspicious),,Clear
EVT_117_04101,SGR_ZONE_117,2024-06-24,6,Monsoon,22,1,Retreated,Foot Patrol,52.0,Clear
EVT_117_04102,SGR_ZONE_117,2024-06-24,6,Monsoon,23,1,Alert Triggered,Foot Patrol,26.0,Clear
EVT_117_04103,SGR_ZONE_117,2024-09-22,9,Autumn,23,0,Undetected,Unknown,,Clear
EVT_117_04104,SGR_ZONE_117,2024-09-22,9,Autumn,23,1,Neutralized,Vehicle,35.0,Fog
EVT_117_04105,SGR_ZONE_117,2024-09-22,9,Autumn,1,1,Neutralized,Foot Patrol,39.0,Clear
EVT_117_04106,SGR_ZONE_117,2024-10-22,10,Autumn,0,0,Undetected,Foot Patrol,,Clear
EVT_118_04107,SGR_ZONE_118,2023-01-31,1,Winter,0,1,Alert Triggered,Foot Patrol,6.0,Cloudy
EVT_118_04108,SGR_ZONE_118,2023-09-28,9,Autumn,2,1,Neutralized,Drone (Suspicious),26.0,Cloudy
EVT_118_04109,SGR_ZONE_118,2023-09-28,9,Autumn,1,0,Undetected,Foot Patrol,,Fog
EVT_118_04110,SGR_ZONE_118,2023-10-28,10,Autumn,2,1,Retreated,Vehicle,10.0,Fog
EVT_118_04111,SGR_ZONE_118,2023-10-28,10,Autumn,1,1,Neutralized,Foot Patrol,27.0,Clear
EVT_118_04112,SGR_ZONE_118,2023-10-28,10,Autumn,4,1,Alert Triggered,Vehicle,50.0,Clear
EVT_118_04113,SGR_ZONE_118,2024-02-25,2,Winter,1,1,Alert Triggered,Foot Patrol,51.0,Cloudy
EVT_118_04114,SGR_ZONE_118,2024-02-25,2,Winter,23,1,Retreated,Drone (Suspicious),28.0,Cloudy
EVT_118_04115,SGR_ZONE_118,2024-05-25,5,Spring,2,1,Neutralized,Foot Patrol,40.0,Snow
EVT_118_04116,SGR_ZONE_118,2024-05-25,5,Spring,3,1,Retreated,Unknown,54.0,Cloudy
EVT_118_04117,SGR_ZONE_118,2024-05-25,5,Spring,1,1,Neutralized,Foot Patrol,18.0,Clear
EVT_118_04118,SGR_ZONE_118,2024-09-22,9,Autumn,1,1,Retreated,Foot Patrol,26.0,Cloudy
EVT_118_04119,SGR_ZONE_118,2024-09-22,9,Autumn,0,1,Neutralized,Drone (Suspicious),37.0,Fog
EVT_118_04120,SGR_ZONE_118,2024-09-22,9,Autumn,1,1,Retreated,Foot Patrol,16.0,Snow
EVT_118_04121,SGR_ZONE_118,2024-09-22,9,Autumn,0,0,Undetected,Foot Patrol,,Clear
EVT_118_04122,SGR_ZONE_118,2024-10-22,10,Autumn,2,1,Neutralized,Foot Patrol,35.0,Snow
EVT_118_04123,SGR_ZONE_118,2024-10-22,10,Autumn,3,1,Alert Triggered,Foot Patrol,54.0,Cloudy
EVT_119_04124,SGR_ZONE_119,2023-01-01,1,Winter,0,1,Retreated,Foot Patrol,12.0,Clear
EVT_119_04125,SGR_ZONE_119,2023-01-01,1,Winter,22,0,Undetected,Foot Patrol,,Snow
EVT_119_04126,SGR_ZONE_119,2023-01-01,1,Winter,1,0,Undetected,Foot Patrol,,Cloudy
EVT_119_04127,SGR_ZONE_119,2023-01-31,1,Winter,1,0,Undetected,Drone (Suspicious),,Fog
EVT_119_04128,SGR_ZONE_119,2023-01-31,1,Winter,23,1,Retreated,Unknown,31.0,Clear
EVT_119_04129,SGR_ZONE_119,2023-01-31,1,Winter,0,1,Neutralized,Foot Patrol,7.0,Cloudy
EVT_119_04130,SGR_ZONE_119,2023-03-02,3,Spring,0,1,Retreated,Unknown,27.0,Clear
EVT_119_04131,SGR_ZONE_119,2023-03-02,3,Spring,23,1,Retreated,Vehicle,7.0,Clear
EVT_119_04132,SGR_ZONE_119,2023-04-01,4,Spring,22,0,Undetected,Unknown,,Clear
EVT_119_04133,SGR_ZONE_119,2023-04-01,4,Spring,4,1,Retreated,Unknown,14.0,Clear
EVT_119_04134,SGR_ZONE_119,2023-04-01,4,Spring,0,1,Neutralized,Foot Patrol,18.0,Fog
EVT_119_04135,SGR_ZONE_119,2023-04-01,4,Spring,22,1,Neutralized,Unknown,31.0,Clear
EVT_119_04136,SGR_ZONE_119,2023-05-01,5,Spring,23,1,Retreated,Foot Patrol,47.0,Clear
EVT_119_04137,SGR_ZONE_119,2023-05-01,5,Spring,0,1,Retreated,Vehicle,22.0,Clear
EVT_119_04138,SGR_ZONE_119,2023-05-31,5,Spring,1,1,Neutralized,Foot Patrol,25.0,Fog
EVT_119_04139,SGR_ZONE_119,2023-05-31,5,Spring,4,1,Alert Triggered,Vehicle,26.0,Clear
EVT_119_04140,SGR_ZONE_119,2023-05-31,5,Spring,23,1,Neutralized,Foot Patrol,17.0,Clear
EVT_119_04141,SGR_ZONE_119,2023-05-31,5,Spring,23,0,Undetected,Vehicle,,Clear
EVT_119_04142,SGR_ZONE_119,2023-08-29,8,Monsoon,22,1,Retreated,Foot Patrol,21.0,Cloudy
EVT_119_04143,SGR_ZONE_119,2023-08-29,8,Monsoon,0,1,Alert Triggered,Drone (Suspicious),29.0,Fog
EVT_119_04144,SGR_ZONE_119,2023-08-29,8,Monsoon,0,1,Retreated,Vehicle,37.0,Clear
EVT_119_04145,SGR_ZONE_119,2023-10-28,10,Autumn,2,0,Undetected,Foot Patrol,,Fog
EVT_119_04146,SGR_ZONE_119,2023-10-28,10,Autumn,23,1,Retreated,Foot Patrol,46.0,Clear
EVT_119_04147,SGR_ZONE_119,2023-12-27,12,Winter,1,0,Undetected,Foot Patrol,,Cloudy
EVT_119_04148,SGR_ZONE_119,2023-12-27,12,Winter,23,0,Undetected,Foot Patrol,,Fog
EVT_119_04149,SGR_ZONE_119,2023-12-27,12,Winter,23,0,Undetected,Vehicle,,Cloudy
EVT_119_04150,SGR_ZONE_119,2023-12-27,12,Winter,0,1,Neutralized,Foot Patrol,38.0,Clear
EVT_119_04151,SGR_ZONE_119,2024-01-26,1,Winter,1,1,Neutralized,Foot Patrol,33.0,Clear
EVT_119_04152,SGR_ZONE_119,2024-01-26,1,Winter,1,1,Retreated,Unknown,14.0,Clear
EVT_119_04153,SGR_ZONE_119,2024-02-25,2,Winter,1,1,Neutralized,Foot Patrol,14.0,Snow
EVT_119_04154,SGR_ZONE_119,2024-02-25,2,Winter,2,0,Undetected,Foot Patrol,,Cloudy
EVT_119_04155,SGR_ZONE_119,2024-03-26,3,Spring,2,0,Undetected,Foot Patrol,,Fog
EVT_119_04156,SGR_ZONE_119,2024-03-26,3,Spring,22,1,Alert Triggered,Unknown,43.0,Cloudy
EVT_119_04157,SGR_ZONE_119,2024-03-26,3,Spring,0,1,Alert Triggered,Foot Patrol,49.0,Snow
EVT_119_04158,SGR_ZONE_119,2024-03-26,3,Spring,22,0,Undetected,Unknown,,Cloudy
EVT_119_04159,SGR_ZONE_119,2024-03-26,3,Spring,23,1,Alert Triggered,Vehicle,56.0,Cloudy
EVT_119_04160,SGR_ZONE_119,2024-03-26,3,Spring,4,1,Retreated,Foot Patrol,35.0,Fog
EVT_119_04161,SGR_ZONE_119,2024-03-26,3,Spring,22,1,Alert Triggered,Unknown,19.0,Cloudy
EVT_119_04162,SGR_ZONE_119,2024-04-25,4,Spring,0,1,Neutralized,Foot Patrol,40.0,Clear
EVT_119_04163,SGR_ZONE_119,2024-05-25,5,Spring,23,1,Neutralized,Unknown,18.0,Fog
EVT_119_04164,SGR_ZONE_119,2024-05-25,5,Spring,22,0,Undetected,Foot Patrol,,Clear
EVT_119_04165,SGR_ZONE_119,2024-05-25,5,Spring,2,0,Undetected,Vehicle,,Clear
EVT_119_04166,SGR_ZONE_119,2024-06-24,6,Monsoon,1,1,Neutralized,Vehicle,40.0,Snow
EVT_119_04167,SGR_ZONE_119,2024-06-24,6,Monsoon,22,0,Undetected,Vehicle,,Clear
EVT_119_04168,SGR_ZONE_119,2024-06-24,6,Monsoon,0,0,Undetected,Vehicle,,Clear
EVT_119_04169,SGR_ZONE_119,2024-06-24,6,Monsoon,2,1,Neutralized,Unknown,36.0,Cloudy
EVT_119_04170,SGR_ZONE_119,2024-07-24,7,Monsoon,0,1,Retreated,Drone (Suspicious),16.0,Clear
EVT_119_04171,SGR_ZONE_119,2024-07-24,7,Monsoon,2,1,Alert Triggered,Unknown,59.0,Snow
EVT_119_04172,SGR_ZONE_119,2024-09-22,9,Autumn,0,1,Retreated,Foot Patrol,17.0,Clear
EVT_119_04173,SGR_ZONE_119,2024-09-22,9,Autumn,1,1,Retreated,Vehicle,59.0,Fog
EVT_119_04174,SGR_ZONE_119,2024-09-22,9,Autumn,2,1,Retreated,Foot Patrol,56.0,Clear
EVT_119_04175,SGR_ZONE_119,2024-09-22,9,Autumn,0,1,Neutralized,Vehicle,31.0,Cloudy
EVT_119_04176,SGR_ZONE_119,2024-09-22,9,Autumn,2,0,Undetected,Foot Patrol,,Cloudy
EVT_119_04177,SGR_ZONE_119,2024-09-22,9,Autumn,4,0,Undetected,Unknown,,Fog
EVT_119_04178,SGR_ZONE_119,2024-10-22,10,Autumn,23,1,Alert Triggered,Drone (Suspicious),33.0,Fog
EVT_119_04179,SGR_ZONE_119,2024-10-22,10,Autumn,2,0,Undetected,Foot Patrol,,Fog
EVT_119_04180,SGR_ZONE_119,2024-10-22,10,Autumn,23,0,Undetected,Drone (Suspicious),,Snow
EVT_119_04181,SGR_ZONE_119,2024-11-21,11,Autumn,0,1,Alert Triggered,Foot Patrol,56.0,Clear
EVT_119_04182,SGR_ZONE_119,2024-11-21,11,Autumn,0,1,Neutralized,Vehicle,56.0,Clear
EVT_119_04183,SGR_ZONE_119,2024-11-21,11,Autumn,22,1,Retreated,Foot Patrol,51.0,Cloudy
EVT_120_04184,SGR_ZONE_120,2023-01-01,1,Winter,1,1,Neutralized,Foot Patrol,37.0,Clear
EVT_120_04185,SGR_ZONE_120,2023-01-01,1,Winter,23,1,Retreated,Unknown,15.0,Clear
EVT_120_04186,SGR_ZONE_120,2023-01-01,1,Winter,22,0,Undetected,Foot Patrol,,Fog
EVT_120_04187,SGR_ZONE_120,2023-01-01,1,Winter,1,1,Neutralized,Foot Patrol,34.0,Clear
EVT_120_04188,SGR_ZONE_120,2023-04-01,4,Spring,23,1,Retreated,Vehicle,36.0,Fog
EVT_120_04189,SGR_ZONE_120,2023-09-28,9,Autumn,4,0,Undetected,Unknown,,Clear
EVT_120_04190,SGR_ZONE_120,2023-11-27,11,Autumn,1,1,Retreated,Unknown,51.0,Clear
EVT_120_04191,SGR_ZONE_120,2023-11-27,11,Autumn,22,1,Neutralized,Vehicle,12.0,Snow
EVT_120_04192,SGR_ZONE_120,2023-11-27,11,Autumn,23,1,Alert Triggered,Vehicle,13.0,Clear
EVT_120_04193,SGR_ZONE_120,2024-02-25,2,Winter,1,0,Undetected,Vehicle,,Snow
EVT_120_04194,SGR_ZONE_120,2024-02-25,2,Winter,0,0,Undetected,Foot Patrol,,Fog
EVT_120_04195,SGR_ZONE_120,2024-02-25,2,Winter,1,1,Neutralized,Unknown,5.0,Clear
EVT_120_04196,SGR_ZONE_120,2024-03-26,3,Spring,0,1,Neutralized,Foot Patrol,31.0,Snow
EVT_120_04197,SGR_ZONE_120,2024-03-26,3,Spring,0,0,Undetected,Foot Patrol,,Fog
EVT_120_04198,SGR_ZONE_120,2024-03-26,3,Spring,0,1,Retreated,Foot Patrol,42.0,Cloudy
EVT_120_04199,SGR_ZONE_120,2024-04-25,4,Spring,4,1,Retreated,Unknown,15.0,Clear
EVT_120_04200,SGR_ZONE_120,2024-04-25,4,Spring,22,1,Retreated,Foot Patrol,59.0,Fog
EVT_120_04201,SGR_ZONE_120,2024-09-22,9,Autumn,23,1,Alert Triggered,Vehicle,41.0,Cloudy
EVT_120_04202,SGR_ZONE_120,2024-09-22,9,Autumn,1,1,Retreated,Unknown,48.0,Clear
EVT_120_04203,SGR_ZONE_120,2024-09-22,9,Autumn,22,1,Retreated,Vehicle,31.0,Clear
EVT_121_04204,SGR_ZONE_121,2023-01-01,1,Winter,2,1,Neutralized,Foot Patrol,41.0,Clear
EVT_121_04205,SGR_ZONE_121,2023-01-01,1,Winter,0,1,Retreated,Foot Patrol,21.0,Clear
EVT_121_04206,SGR_ZONE_121,2023-01-31,1,Winter,23,0,Undetected,Foot Patrol,,Snow
EVT_121_04207,SGR_ZONE_121,2023-04-01,4,Spring,1,1,Retreated,Foot Patrol,41.0,Snow
EVT_121_04208,SGR_ZONE_121,2023-04-01,4,Spring,0,1,Neutralized,Foot Patrol,30.0,Clear
EVT_121_04209,SGR_ZONE_121,2023-04-01,4,Spring,1,1,Retreated,Drone (Suspicious),56.0,Cloudy
EVT_121_04210,SGR_ZONE_121,2023-05-01,5,Spring,22,1,Neutralized,Vehicle,16.0,Fog
EVT_121_04211,SGR_ZONE_121,2023-05-01,5,Spring,0,0,Undetected,Drone (Suspicious),,Fog
EVT_121_04212,SGR_ZONE_121,2023-05-01,5,Spring,1,1,Alert Triggered,Vehicle,53.0,Fog
EVT_121_04213,SGR_ZONE_121,2023-05-01,5,Spring,1,1,Alert Triggered,Unknown,38.0,Cloudy
EVT_121_04214,SGR_ZONE_121,2023-05-31,5,Spring,2,1,Retreated,Drone (Suspicious),46.0,Clear
EVT_121_04215,SGR_ZONE_121,2023-05-31,5,Spring,23,1,Neutralized,Drone (Suspicious),14.0,Cloudy
EVT_121_04216,SGR_ZONE_121,2023-05-31,5,Spring,1,1,Retreated,Vehicle,27.0,Cloudy
EVT_121_04217,SGR_ZONE_121,2023-06-30,6,Monsoon,23,0,Undetected,Vehicle,,Fog
EVT_121_04218,SGR_ZONE_121,2023-06-30,6,Monsoon,0,1,Neutralized,Unknown,56.0,Fog
EVT_121_04219,SGR_ZONE_121,2023-11-27,11,Autumn,2,0,Undetected,Unknown,,Clear
EVT_121_04220,SGR_ZONE_121,2023-12-27,12,Winter,1,1,Retreated,Unknown,29.0,Cloudy
EVT_121_04221,SGR_ZONE_121,2023-12-27,12,Winter,22,0,Undetected,Foot Patrol,,Clear
EVT_121_04222,SGR_ZONE_121,2024-02-25,2,Winter,2,0,Undetected,Foot Patrol,,Cloudy
EVT_121_04223,SGR_ZONE_121,2024-03-26,3,Spring,1,1,Retreated,Vehicle,12.0,Clear
EVT_121_04224,SGR_ZONE_121,2024-03-26,3,Spring,23,0,Undetected,Foot Patrol,,Fog
EVT_121_04225,SGR_ZONE_121,2024-03-26,3,Spring,22,0,Undetected,Foot Patrol,,Clear
EVT_121_04226,SGR_ZONE_121,2024-04-25,4,Spring,1,0,Undetected,Drone (Suspicious),,Clear
EVT_121_04227,SGR_ZONE_121,2024-04-25,4,Spring,3,0,Undetected,Foot Patrol,,Cloudy
EVT_121_04228,SGR_ZONE_121,2024-09-22,9,Autumn,0,1,Retreated,Drone (Suspicious),31.0,Clear
EVT_121_04229,SGR_ZONE_121,2024-09-22,9,Autumn,23,0,Undetected,Foot Patrol,,Clear
EVT_121_04230,SGR_ZONE_121,2024-09-22,9,Autumn,0,0,Undetected,Drone (Suspicious),,Cloudy
EVT_121_04231,SGR_ZONE_121,2024-10-22,10,Autumn,23,1,Retreated,Unknown,14.0,Clear
EVT_122_04232,SGR_ZONE_122,2023-01-01,1,Winter,23,1,Alert Triggered,Foot Patrol,17.0,Snow
EVT_122_04233,SGR_ZONE_122,2023-01-01,1,Winter,0,1,Retreated,Unknown,11.0,Clear
EVT_122_04234,SGR_ZONE_122,2023-01-31,1,Winter,1,1,Retreated,Foot Patrol,27.0,Clear
EVT_122_04235,SGR_ZONE_122,2023-01-31,1,Winter,23,1,Retreated,Foot Patrol,30.0,Clear
EVT_122_04236,SGR_ZONE_122,2023-03-02,3,Spring,23,0,Undetected,Foot Patrol,,Clear
EVT_122_04237,SGR_ZONE_122,2023-05-01,5,Spring,2,1,Neutralized,Vehicle,15.0,Cloudy
EVT_122_04238,SGR_ZONE_122,2023-05-01,5,Spring,2,1,Retreated,Unknown,39.0,Clear
EVT_122_04239,SGR_ZONE_122,2023-05-01,5,Spring,0,1,Retreated,Unknown,59.0,Cloudy
EVT_122_04240,SGR_ZONE_122,2023-05-01,5,Spring,0,0,Undetected,Foot Patrol,,Clear
EVT_122_04241,SGR_ZONE_122,2023-05-31,5,Spring,23,1,Neutralized,Foot Patrol,30.0,Fog
EVT_122_04242,SGR_ZONE_122,2023-05-31,5,Spring,23,1,Neutralized,Vehicle,13.0,Snow
EVT_122_04243,SGR_ZONE_122,2023-05-31,5,Spring,22,0,Undetected,Drone (Suspicious),,Cloudy
EVT_122_04244,SGR_ZONE_122,2023-08-29,8,Monsoon,23,0,Undetected,Foot Patrol,,Snow
EVT_122_04245,SGR_ZONE_122,2023-08-29,8,Monsoon,22,1,Alert Triggered,Foot Patrol,45.0,Cloudy
EVT_122_04246,SGR_ZONE_122,2023-09-28,9,Autumn,0,1,Retreated,Unknown,55.0,Cloudy
EVT_122_04247,SGR_ZONE_122,2023-09-28,9,Autumn,0,1,Retreated,Unknown,20.0,Cloudy
EVT_122_04248,SGR_ZONE_122,2023-11-27,11,Autumn,1,1,Alert Triggered,Vehicle,48.0,Clear
EVT_122_04249,SGR_ZONE_122,2023-12-27,12,Winter,22,1,Retreated,Unknown,7.0,Clear
EVT_122_04250,SGR_ZONE_122,2023-12-27,12,Winter,23,1,Neutralized,Foot Patrol,58.0,Clear
EVT_122_04251,SGR_ZONE_122,2024-01-26,1,Winter,0,0,Undetected,Foot Patrol,,Clear
EVT_122_04252,SGR_ZONE_122,2024-01-26,1,Winter,22,1,Retreated,Unknown,51.0,Cloudy
EVT_122_04253,SGR_ZONE_122,2024-02-25,2,Winter,1,0,Undetected,Unknown,,Cloudy
EVT_122_04254,SGR_ZONE_122,2024-03-26,3,Spring,1,1,Alert Triggered,Foot Patrol,33.0,Cloudy
EVT_122_04255,SGR_ZONE_122,2024-03-26,3,Spring,23,1,Neutralized,Drone (Suspicious),36.0,Snow
EVT_122_04256,SGR_ZONE_122,2024-04-25,4,Spring,1,0,Undetected,Vehicle,,Clear
EVT_122_04257,SGR_ZONE_122,2024-04-25,4,Spring,0,1,Neutralized,Drone (Suspicious),7.0,Clear
EVT_122_04258,SGR_ZONE_122,2024-04-25,4,Spring,23,1,Retreated,Foot Patrol,45.0,Clear
EVT_122_04259,SGR_ZONE_122,2024-09-22,9,Autumn,1,1,Alert Triggered,Foot Patrol,25.0,Clear
EVT_122_04260,SGR_ZONE_122,2024-09-22,9,Autumn,23,0,Undetected,Foot Patrol,,Snow
EVT_122_04261,SGR_ZONE_122,2024-11-21,11,Autumn,1,1,Retreated,Foot Patrol,50.0,Fog
EVT_122_04262,SGR_ZONE_122,2024-11-21,11,Autumn,0,1,Retreated,Foot Patrol,42.0,Snow
EVT_123_04263,SGR_ZONE_123,2023-01-01,1,Winter,2,0,Undetected,Vehicle,,Clear
EVT_123_04264,SGR_ZONE_123,2023-01-01,1,Winter,23,1,Neutralized,Vehicle,49.0,Clear
EVT_123_04265,SGR_ZONE_123,2023-01-01,1,Winter,2,0,Undetected,Drone (Suspicious),,Clear
EVT_123_04266,SGR_ZONE_123,2023-01-31,1,Winter,22,0,Undetected,Foot Patrol,,Clear
EVT_123_04267,SGR_ZONE_123,2023-04-01,4,Spring,23,1,Retreated,Vehicle,51.0,Clear
EVT_123_04268,SGR_ZONE_123,2023-04-01,4,Spring,22,1,Retreated,Drone (Suspicious),27.0,Cloudy
EVT_123_04269,SGR_ZONE_123,2023-05-01,5,Spring,1,1,Retreated,Drone (Suspicious),18.0,Clear
EVT_123_04270,SGR_ZONE_123,2023-05-01,5,Spring,0,1,Alert Triggered,Drone (Suspicious),9.0,Cloudy
EVT_123_04271,SGR_ZONE_123,2023-05-01,5,Spring,23,0,Undetected,Foot Patrol,,Snow
EVT_123_04272,SGR_ZONE_123,2023-05-31,5,Spring,0,0,Undetected,Unknown,,Fog
EVT_123_04273,SGR_ZONE_123,2023-06-30,6,Monsoon,0,1,Retreated,Unknown,49.0,Cloudy
EVT_123_04274,SGR_ZONE_123,2023-06-30,6,Monsoon,0,0,Undetected,Foot Patrol,,Fog
EVT_123_04275,SGR_ZONE_123,2023-06-30,6,Monsoon,1,1,Alert Triggered,Foot Patrol,30.0,Cloudy
EVT_123_04276,SGR_ZONE_123,2023-06-30,6,Monsoon,0,1,Retreated,Foot Patrol,14.0,Clear
EVT_123_04277,SGR_ZONE_123,2023-10-28,10,Autumn,2,1,Retreated,Unknown,56.0,Cloudy
EVT_123_04278,SGR_ZONE_123,2023-12-27,12,Winter,1,1,Retreated,Foot Patrol,48.0,Cloudy
EVT_123_04279,SGR_ZONE_123,2023-12-27,12,Winter,0,1,Retreated,Unknown,40.0,Clear
EVT_123_04280,SGR_ZONE_123,2024-02-25,2,Winter,1,1,Neutralized,Drone (Suspicious),34.0,Fog
EVT_123_04281,SGR_ZONE_123,2024-02-25,2,Winter,22,1,Retreated,Foot Patrol,13.0,Clear
EVT_123_04282,SGR_ZONE_123,2024-02-25,2,Winter,4,1,Retreated,Unknown,18.0,Clear
EVT_123_04283,SGR_ZONE_123,2024-03-26,3,Spring,0,1,Alert Triggered,Drone (Suspicious),11.0,Clear
EVT_123_04284,SGR_ZONE_123,2024-03-26,3,Spring,23,1,Neutralized,Unknown,37.0,Snow
EVT_123_04285,SGR_ZONE_123,2024-04-25,4,Spring,0,1,Retreated,Vehicle,53.0,Cloudy
EVT_123_04286,SGR_ZONE_123,2024-04-25,4,Spring,4,1,Alert Triggered,Foot Patrol,21.0,Clear
EVT_123_04287,SGR_ZONE_123,2024-04-25,4,Spring,1,0,Undetected,Foot Patrol,,Clear
EVT_123_04288,SGR_ZONE_123,2024-05-25,5,Spring,1,1,Alert Triggered,Foot Patrol,43.0,Cloudy
EVT_123_04289,SGR_ZONE_123,2024-05-25,5,Spring,1,1,Retreated,Drone (Suspicious),40.0,Clear
EVT_123_04290,SGR_ZONE_123,2024-05-25,5,Spring,22,1,Retreated,Foot Patrol,22.0,Snow
EVT_123_04291,SGR_ZONE_123,2024-06-24,6,Monsoon,1,1,Retreated,Foot Patrol,40.0,Clear
EVT_123_04292,SGR_ZONE_123,2024-06-24,6,Monsoon,1,0,Undetected,Unknown,,Fog
EVT_123_04293,SGR_ZONE_123,2024-06-24,6,Monsoon,0,1,Neutralized,Drone (Suspicious),31.0,Cloudy
EVT_123_04294,SGR_ZONE_123,2024-08-23,8,Monsoon,2,1,Neutralized,Foot Patrol,22.0,Fog
EVT_123_04295,SGR_ZONE_123,2024-09-22,9,Autumn,22,1,Alert Triggered,Vehicle,30.0,Clear
EVT_123_04296,SGR_ZONE_123,2024-09-22,9,Autumn,23,1,Retreated,Vehicle,56.0,Fog
EVT_123_04297,SGR_ZONE_123,2024-09-22,9,Autumn,1,1,Retreated,Foot Patrol,46.0,Cloudy
EVT_123_04298,SGR_ZONE_123,2024-09-22,9,Autumn,0,1,Alert Triggered,Unknown,33.0,Clear
EVT_123_04299,SGR_ZONE_123,2024-10-22,10,Autumn,1,0,Undetected,Foot Patrol,,Cloudy
EVT_124_04300,SGR_ZONE_124,2023-01-01,1,Winter,23,0,Undetected,Foot Patrol,,Clear
EVT_124_04301,SGR_ZONE_124,2023-01-01,1,Winter,1,1,Alert Triggered,Foot Patrol,22.0,Cloudy
EVT_124_04302,SGR_ZONE_124,2023-01-31,1,Winter,0,1,Retreated,Drone (Suspicious),53.0,Clear
EVT_124_04303,SGR_ZONE_124,2023-03-02,3,Spring,4,1,Retreated,Unknown,29.0,Clear
EVT_124_04304,SGR_ZONE_124,2023-03-02,3,Spring,1,1,Retreated,Foot Patrol,23.0,Clear
EVT_124_04305,SGR_ZONE_124,2023-03-02,3,Spring,23,1,Retreated,Foot Patrol,57.0,Clear
EVT_124_04306,SGR_ZONE_124,2023-04-01,4,Spring,1,1,Retreated,Unknown,5.0,Fog
EVT_124_04307,SGR_ZONE_124,2023-04-01,4,Spring,2,1,Neutralized,Vehicle,35.0,Cloudy
EVT_124_04308,SGR_ZONE_124,2023-05-01,5,Spring,0,0,Undetected,Foot Patrol,,Cloudy
EVT_124_04309,SGR_ZONE_124,2023-05-01,5,Spring,23,1,Retreated,Vehicle,44.0,Cloudy
EVT_124_04310,SGR_ZONE_124,2023-05-01,5,Spring,1,1,Neutralized,Foot Patrol,6.0,Snow
EVT_124_04311,SGR_ZONE_124,2023-05-01,5,Spring,23,1,Alert Triggered,Unknown,48.0,Clear
EVT_124_04312,SGR_ZONE_124,2023-05-31,5,Spring,0,1,Retreated,Foot Patrol,11.0,Fog
EVT_124_04313,SGR_ZONE_124,2023-05-31,5,Spring,22,1,Neutralized,Vehicle,42.0,Clear
EVT_124_04314,SGR_ZONE_124,2023-05-31,5,Spring,0,1,Neutralized,Vehicle,19.0,Clear
EVT_124_04315,SGR_ZONE_124,2023-09-28,9,Autumn,22,0,Undetected,Unknown,,Clear
EVT_124_04316,SGR_ZONE_124,2023-09-28,9,Autumn,2,1,Retreated,Vehicle,37.0,Snow
EVT_124_04317,SGR_ZONE_124,2023-12-27,12,Winter,22,1,Retreated,Unknown,14.0,Fog
EVT_124_04318,SGR_ZONE_124,2023-12-27,12,Winter,22,1,Alert Triggered,Foot Patrol,5.0,Clear
EVT_124_04319,SGR_ZONE_124,2023-12-27,12,Winter,0,0,Undetected,Foot Patrol,,Fog
EVT_124_04320,SGR_ZONE_124,2023-12-27,12,Winter,2,0,Undetected,Foot Patrol,,Clear
EVT_124_04321,SGR_ZONE_124,2024-01-26,1,Winter,0,1,Retreated,Drone (Suspicious),30.0,Fog
EVT_124_04322,SGR_ZONE_124,2024-02-25,2,Winter,0,1,Retreated,Foot Patrol,17.0,Fog
EVT_124_04323,SGR_ZONE_124,2024-02-25,2,Winter,22,0,Undetected,Foot Patrol,,Cloudy
EVT_124_04324,SGR_ZONE_124,2024-02-25,2,Winter,0,0,Undetected,Foot Patrol,,Clear
EVT_124_04325,SGR_ZONE_124,2024-03-26,3,Spring,2,1,Alert Triggered,Unknown,10.0,Cloudy
EVT_124_04326,SGR_ZONE_124,2024-03-26,3,Spring,23,1,Alert Triggered,Foot Patrol,28.0,Cloudy
EVT_124_04327,SGR_ZONE_124,2024-04-25,4,Spring,1,1,Retreated,Foot Patrol,8.0,Cloudy
EVT_124_04328,SGR_ZONE_124,2024-04-25,4,Spring,23,0,Undetected,Foot Patrol,,Clear
EVT_124_04329,SGR_ZONE_124,2024-04-25,4,Spring,2,1,Alert Triggered,Unknown,53.0,Cloudy
EVT_124_04330,SGR_ZONE_124,2024-04-25,4,Spring,2,0,Undetected,Drone (Suspicious),,Clear
EVT_124_04331,SGR_ZONE_124,2024-05-25,5,Spring,23,1,Retreated,Unknown,51.0,Clear
EVT_124_04332,SGR_ZONE_124,2024-05-25,5,Spring,0,0,Undetected,Foot Patrol,,Fog
EVT_124_04333,SGR_ZONE_124,2024-05-25,5,Spring,2,1,Retreated,Foot Patrol,57.0,Snow
EVT_124_04334,SGR_ZONE_124,2024-07-24,7,Monsoon,1,0,Undetected,Foot Patrol,,Fog
EVT_124_04335,SGR_ZONE_124,2024-09-22,9,Autumn,22,1,Retreated,Drone (Suspicious),48.0,Clear
EVT_124_04336,SGR_ZONE_124,2024-09-22,9,Autumn,22,0,Undetected,Vehicle,,Cloudy
EVT_124_04337,SGR_ZONE_124,2024-09-22,9,Autumn,23,1,Alert Triggered,Vehicle,54.0,Clear
EVT_124_04338,SGR_ZONE_124,2024-11-21,11,Autumn,0,1,Alert Triggered,Vehicle,28.0,Clear
EVT_125_04339,SGR_ZONE_125,2023-01-01,1,Winter,0,1,Neutralized,Vehicle,34.0,Snow
EVT_125_04340,SGR_ZONE_125,2023-01-01,1,Winter,1,1,Neutralized,Vehicle,58.0,Fog
EVT_125_04341,SGR_ZONE_125,2023-01-01,1,Winter,22,0,Undetected,Foot Patrol,,Cloudy
EVT_125_04342,SGR_ZONE_125,2023-01-31,1,Winter,2,1,Neutralized,Drone (Suspicious),8.0,Clear
EVT_125_04343,SGR_ZONE_125,2023-04-01,4,Spring,23,1,Retreated,Unknown,16.0,Clear
EVT_125_04344,SGR_ZONE_125,2023-04-01,4,Spring,2,1,Alert Triggered,Foot Patrol,16.0,Clear
EVT_125_04345,SGR_ZONE_125,2023-04-01,4,Spring,1,0,Undetected,Foot Patrol,,Clear
EVT_125_04346,SGR_ZONE_125,2023-04-01,4,Spring,3,1,Retreated,Vehicle,20.0,Snow
EVT_125_04347,SGR_ZONE_125,2023-05-31,5,Spring,2,1,Retreated,Foot Patrol,31.0,Snow
EVT_125_04348,SGR_ZONE_125,2023-05-31,5,Spring,1,0,Undetected,Foot Patrol,,Snow
EVT_125_04349,SGR_ZONE_125,2023-05-31,5,Spring,1,1,Neutralized,Foot Patrol,15.0,Cloudy
EVT_125_04350,SGR_ZONE_125,2023-05-31,5,Spring,22,0,Undetected,Foot Patrol,,Clear
EVT_125_04351,SGR_ZONE_125,2023-06-30,6,Monsoon,23,0,Undetected,Vehicle,,Fog
EVT_125_04352,SGR_ZONE_125,2023-06-30,6,Monsoon,1,1,Retreated,Drone (Suspicious),40.0,Clear
EVT_125_04353,SGR_ZONE_125,2023-06-30,6,Monsoon,0,1,Alert Triggered,Unknown,5.0,Clear
EVT_125_04354,SGR_ZONE_125,2023-07-30,7,Monsoon,0,1,Retreated,Foot Patrol,25.0,Cloudy
EVT_125_04355,SGR_ZONE_125,2023-09-28,9,Autumn,0,0,Undetected,Drone (Suspicious),,Fog
EVT_125_04356,SGR_ZONE_125,2023-09-28,9,Autumn,1,1,Neutralized,Unknown,29.0,Cloudy
EVT_125_04357,SGR_ZONE_125,2023-12-27,12,Winter,0,1,Neutralized,Foot Patrol,17.0,Snow
EVT_125_04358,SGR_ZONE_125,2024-01-26,1,Winter,22,1,Retreated,Foot Patrol,13.0,Fog
EVT_125_04359,SGR_ZONE_125,2024-01-26,1,Winter,1,1,Neutralized,Foot Patrol,47.0,Clear
EVT_125_04360,SGR_ZONE_125,2024-01-26,1,Winter,0,0,Undetected,Foot Patrol,,Fog
EVT_125_04361,SGR_ZONE_125,2024-02-25,2,Winter,23,1,Alert Triggered,Vehicle,46.0,Clear
EVT_125_04362,SGR_ZONE_125,2024-02-25,2,Winter,22,1,Alert Triggered,Vehicle,12.0,Snow
EVT_125_04363,SGR_ZONE_125,2024-09-22,9,Autumn,3,1,Alert Triggered,Foot Patrol,55.0,Clear
EVT_125_04364,SGR_ZONE_125,2024-09-22,9,Autumn,0,1,Neutralized,Unknown,47.0,Cloudy
EVT_125_04365,SGR_ZONE_125,2024-09-22,9,Autumn,3,0,Undetected,Drone (Suspicious),,Cloudy
EVT_125_04366,SGR_ZONE_125,2024-09-22,9,Autumn,2,0,Undetected,Foot Patrol,,Snow
EVT_125_04367,SGR_ZONE_125,2024-09-22,9,Autumn,1,1,Retreated,Foot Patrol,38.0,Cloudy
EVT_125_04368,SGR_ZONE_125,2024-11-21,11,Autumn,23,0,Undetected,Vehicle,,Clear
EVT_125_04369,SGR_ZONE_125,2024-11-21,11,Autumn,0,0,Undetected,Foot Patrol,,Clear
EVT_125_04370,SGR_ZONE_125,2024-11-21,11,Autumn,2,1,Neutralized,Foot Patrol,49.0,Snow
EVT_125_04371,SGR_ZONE_125,2024-11-21,11,Autumn,22,1,Retreated,Foot Patrol,55.0,Cloudy
EVT_126_04372,SGR_ZONE_126,2023-01-01,1,Winter,0,1,Alert Triggered,Foot Patrol,10.0,Clear
EVT_126_04373,SGR_ZONE_126,2023-01-01,1,Winter,3,1,Retreated,Unknown,49.0,Clear
EVT_126_04374,SGR_ZONE_126,2023-01-31,1,Winter,0,1,Retreated,Foot Patrol,38.0,Cloudy
EVT_126_04375,SGR_ZONE_126,2023-01-31,1,Winter,23,1,Retreated,Unknown,42.0,Fog
EVT_126_04376,SGR_ZONE_126,2023-03-02,3,Spring,23,1,Retreated,Foot Patrol,47.0,Cloudy
EVT_126_04377,SGR_ZONE_126,2023-03-02,3,Spring,0,1,Retreated,Vehicle,18.0,Clear
EVT_126_04378,SGR_ZONE_126,2023-03-02,3,Spring,23,1,Retreated,Foot Patrol,50.0,Clear
EVT_126_04379,SGR_ZONE_126,2023-04-01,4,Spring,0,0,Undetected,Foot Patrol,,Fog
EVT_126_04380,SGR_ZONE_126,2023-05-01,5,Spring,0,1,Neutralized,Foot Patrol,22.0,Fog
EVT_126_04381,SGR_ZONE_126,2023-05-01,5,Spring,1,1,Retreated,Vehicle,43.0,Fog
EVT_126_04382,SGR_ZONE_126,2023-05-31,5,Spring,0,0,Undetected,Foot Patrol,,Clear
EVT_126_04383,SGR_ZONE_126,2023-05-31,5,Spring,0,1,Retreated,Foot Patrol,44.0,Fog
EVT_126_04384,SGR_ZONE_126,2023-06-30,6,Monsoon,1,1,Retreated,Foot Patrol,37.0,Cloudy
EVT_126_04385,SGR_ZONE_126,2023-06-30,6,Monsoon,1,1,Retreated,Foot Patrol,11.0,Clear
EVT_126_04386,SGR_ZONE_126,2023-06-30,6,Monsoon,2,1,Retreated,Foot Patrol,13.0,Clear
EVT_126_04387,SGR_ZONE_126,2023-07-30,7,Monsoon,1,1,Retreated,Foot Patrol,29.0,Clear
EVT_126_04388,SGR_ZONE_126,2023-07-30,7,Monsoon,2,1,Alert Triggered,Vehicle,21.0,Snow
EVT_126_04389,SGR_ZONE_126,2023-09-28,9,Autumn,23,0,Undetected,Foot Patrol,,Cloudy
EVT_126_04390,SGR_ZONE_126,2023-10-28,10,Autumn,1,1,Alert Triggered,Vehicle,16.0,Clear
EVT_126_04391,SGR_ZONE_126,2023-10-28,10,Autumn,22,1,Retreated,Foot Patrol,55.0,Cloudy
EVT_126_04392,SGR_ZONE_126,2023-11-27,11,Autumn,1,1,Retreated,Unknown,51.0,Cloudy
EVT_126_04393,SGR_ZONE_126,2023-11-27,11,Autumn,23,1,Retreated,Drone (Suspicious),29.0,Snow
EVT_126_04394,SGR_ZONE_126,2023-11-27,11,Autumn,3,1,Alert Triggered,Unknown,18.0,Fog
EVT_126_04395,SGR_ZONE_126,2023-11-27,11,Autumn,23,1,Retreated,Foot Patrol,13.0,Snow
EVT_126_04396,SGR_ZONE_126,2023-12-27,12,Winter,1,1,Neutralized,Unknown,11.0,Snow
EVT_126_04397,SGR_ZONE_126,2023-12-27,12,Winter,22,1,Neutralized,Foot Patrol,55.0,Snow
EVT_126_04398,SGR_ZONE_126,2024-01-26,1,Winter,0,1,Alert Triggered,Foot Patrol,46.0,Clear
EVT_126_04399,SGR_ZONE_126,2024-02-25,2,Winter,23,1,Retreated,Foot Patrol,20.0,Fog
EVT_126_04400,SGR_ZONE_126,2024-02-25,2,Winter,23,1,Neutralized,Vehicle,35.0,Clear
EVT_126_04401,SGR_ZONE_126,2024-02-25,2,Winter,0,1,Alert Triggered,Foot Patrol,52.0,Cloudy
EVT_126_04402,SGR_ZONE_126,2024-02-25,2,Winter,22,0,Undetected,Vehicle,,Clear
EVT_126_04403,SGR_ZONE_126,2024-03-26,3,Spring,22,1,Alert Triggered,Drone (Suspicious),30.0,Cloudy
EVT_126_04404,SGR_ZONE_126,2024-04-25,4,Spring,2,1,Retreated,Drone (Suspicious),51.0,Clear
EVT_126_04405,SGR_ZONE_126,2024-04-25,4,Spring,22,1,Alert Triggered,Foot Patrol,25.0,Cloudy
EVT_126_04406,SGR_ZONE_126,2024-04-25,4,Spring,0,0,Undetected,Unknown,,Clear
EVT_126_04407,SGR_ZONE_126,2024-05-25,5,Spring,23,1,Alert Triggered,Unknown,8.0,Cloudy
EVT_126_04408,SGR_ZONE_126,2024-05-25,5,Spring,2,1,Retreated,Unknown,44.0,Cloudy
EVT_126_04409,SGR_ZONE_126,2024-05-25,5,Spring,3,1,Retreated,Foot Patrol,58.0,Clear
EVT_126_04410,SGR_ZONE_126,2024-07-24,7,Monsoon,2,1,Alert Triggered,Vehicle,49.0,Cloudy
EVT_126_04411,SGR_ZONE_126,2024-07-24,7,Monsoon,0,1,Neutralized,Drone (Suspicious),19.0,Clear
EVT_126_04412,SGR_ZONE_126,2024-08-23,8,Monsoon,0,1,Retreated,Vehicle,35.0,Cloudy
EVT_126_04413,SGR_ZONE_126,2024-08-23,8,Monsoon,23,1,Retreated,Foot Patrol,31.0,Cloudy
EVT_126_04414,SGR_ZONE_126,2024-09-22,9,Autumn,1,0,Undetected,Foot Patrol,,Fog
EVT_126_04415,SGR_ZONE_126,2024-10-22,10,Autumn,4,1,Retreated,Foot Patrol,43.0,Clear
EVT_126_04416,SGR_ZONE_126,2024-10-22,10,Autumn,4,1,Alert Triggered,Unknown,12.0,Fog
EVT_126_04417,SGR_ZONE_126,2024-10-22,10,Autumn,1,0,Undetected,Drone (Suspicious),,Cloudy
EVT_126_04418,SGR_ZONE_126,2024-10-22,10,Autumn,0,0,Undetected,Unknown,,Clear
EVT_126_04419,SGR_ZONE_126,2024-10-22,10,Autumn,22,1,Retreated,Vehicle,55.0,Clear
EVT_126_04420,SGR_ZONE_126,2024-11-21,11,Autumn,0,1,Alert Triggered,Vehicle,12.0,Clear
EVT_126_04421,SGR_ZONE_126,2024-11-21,11,Autumn,1,1,Neutralized,Drone (Suspicious),56.0,Fog
EVT_126_04422,SGR_ZONE_126,2024-11-21,11,Autumn,23,1,Retreated,Foot Patrol,58.0,Cloudy
EVT_127_04423,SGR_ZONE_127,2023-01-01,1,Winter,22,1,Retreated,Foot Patrol,39.0,Clear
EVT_127_04424,SGR_ZONE_127,2023-01-01,1,Winter,2,1,Retreated,Unknown,27.0,Clear
EVT_127_04425,SGR_ZONE_127,2023-03-02,3,Spring,0,1,Alert Triggered,Vehicle,54.0,Clear
EVT_127_04426,SGR_ZONE_127,2023-03-02,3,Spring,0,1,Retreated,Foot Patrol,27.0,Fog
EVT_127_04427,SGR_ZONE_127,2023-05-01,5,Spring,0,1,Neutralized,Vehicle,59.0,Fog
EVT_127_04428,SGR_ZONE_127,2023-05-01,5,Spring,23,1,Neutralized,Unknown,22.0,Cloudy
EVT_127_04429,SGR_ZONE_127,2023-07-30,7,Monsoon,22,0,Undetected,Foot Patrol,,Cloudy
EVT_127_04430,SGR_ZONE_127,2023-07-30,7,Monsoon,0,0,Undetected,Vehicle,,Cloudy
EVT_127_04431,SGR_ZONE_127,2023-08-29,8,Monsoon,22,1,Neutralized,Vehicle,37.0,Snow
EVT_127_04432,SGR_ZONE_127,2023-08-29,8,Monsoon,0,0,Undetected,Foot Patrol,,Snow
EVT_127_04433,SGR_ZONE_127,2023-08-29,8,Monsoon,1,1,Retreated,Foot Patrol,59.0,Clear
EVT_127_04434,SGR_ZONE_127,2024-01-26,1,Winter,1,1,Neutralized,Vehicle,51.0,Clear
EVT_127_04435,SGR_ZONE_127,2024-01-26,1,Winter,23,1,Alert Triggered,Foot Patrol,54.0,Fog
EVT_127_04436,SGR_ZONE_127,2024-01-26,1,Winter,0,0,Undetected,Foot Patrol,,Cloudy
EVT_127_04437,SGR_ZONE_127,2024-02-25,2,Winter,4,1,Retreated,Foot Patrol,13.0,Clear
EVT_127_04438,SGR_ZONE_127,2024-02-25,2,Winter,4,1,Retreated,Vehicle,40.0,Fog
EVT_127_04439,SGR_ZONE_127,2024-04-25,4,Spring,23,1,Retreated,Vehicle,56.0,Clear
EVT_127_04440,SGR_ZONE_127,2024-04-25,4,Spring,23,1,Retreated,Vehicle,39.0,Clear
EVT_127_04441,SGR_ZONE_127,2024-04-25,4,Spring,1,1,Neutralized,Vehicle,50.0,Snow
EVT_127_04442,SGR_ZONE_127,2024-04-25,4,Spring,2,1,Retreated,Vehicle,56.0,Fog
EVT_127_04443,SGR_ZONE_127,2024-04-25,4,Spring,23,0,Undetected,Foot Patrol,,Clear
EVT_127_04444,SGR_ZONE_127,2024-09-22,9,Autumn,23,1,Retreated,Foot Patrol,43.0,Clear
EVT_127_04445,SGR_ZONE_127,2024-11-21,11,Autumn,3,0,Undetected,Drone (Suspicious),,Cloudy
EVT_127_04446,SGR_ZONE_127,2024-11-21,11,Autumn,22,1,Alert Triggered,Foot Patrol,15.0,Fog
EVT_128_04447,SGR_ZONE_128,2023-01-31,1,Winter,2,0,Undetected,Foot Patrol,,Fog
EVT_128_04448,SGR_ZONE_128,2023-01-31,1,Winter,23,0,Undetected,Foot Patrol,,Clear
EVT_128_04449,SGR_ZONE_128,2023-05-01,5,Spring,0,0,Undetected,Vehicle,,Clear
EVT_128_04450,SGR_ZONE_128,2023-05-31,5,Spring,22,1,Neutralized,Unknown,47.0,Cloudy
EVT_128_04451,SGR_ZONE_128,2023-05-31,5,Spring,23,1,Retreated,Vehicle,25.0,Cloudy
EVT_128_04452,SGR_ZONE_128,2023-05-31,5,Spring,22,1,Neutralized,Foot Patrol,27.0,Fog
EVT_128_04453,SGR_ZONE_128,2024-02-25,2,Winter,23,1,Retreated,Foot Patrol,7.0,Clear
EVT_128_04454,SGR_ZONE_128,2024-02-25,2,Winter,23,0,Undetected,Foot Patrol,,Cloudy
EVT_128_04455,SGR_ZONE_128,2024-02-25,2,Winter,3,1,Neutralized,Foot Patrol,19.0,Fog
EVT_128_04456,SGR_ZONE_128,2024-02-25,2,Winter,2,1,Retreated,Foot Patrol,27.0,Clear
EVT_128_04457,SGR_ZONE_128,2024-04-25,4,Spring,23,1,Retreated,Foot Patrol,22.0,Clear
EVT_128_04458,SGR_ZONE_128,2024-04-25,4,Spring,1,1,Neutralized,Vehicle,59.0,Clear
EVT_128_04459,SGR_ZONE_128,2024-08-23,8,Monsoon,2,1,Retreated,Foot Patrol,31.0,Cloudy
EVT_128_04460,SGR_ZONE_128,2024-08-23,8,Monsoon,1,1,Neutralized,Unknown,53.0,Cloudy
EVT_128_04461,SGR_ZONE_128,2024-08-23,8,Monsoon,1,1,Retreated,Vehicle,39.0,Clear
EVT_128_04462,SGR_ZONE_128,2024-08-23,8,Monsoon,23,0,Undetected,Unknown,,Snow
EVT_128_04463,SGR_ZONE_128,2024-08-23,8,Monsoon,1,1,Retreated,Vehicle,16.0,Fog
EVT_128_04464,SGR_ZONE_128,2024-08-23,8,Monsoon,2,1,Neutralized,Foot Patrol,38.0,Clear
EVT_128_04465,SGR_ZONE_128,2024-09-22,9,Autumn,0,0,Undetected,Foot Patrol,,Clear
EVT_128_04466,SGR_ZONE_128,2024-09-22,9,Autumn,23,1,Retreated,Foot Patrol,9.0,Cloudy
EVT_128_04467,SGR_ZONE_128,2024-09-22,9,Autumn,0,1,Neutralized,Drone (Suspicious),21.0,Cloudy
EVT_129_04468,SGR_ZONE_129,2023-01-01,1,Winter,0,1,Neutralized,Vehicle,57.0,Clear
EVT_129_04469,SGR_ZONE_129,2023-01-01,1,Winter,23,1,Retreated,Foot Patrol,10.0,Cloudy
EVT_129_04470,SGR_ZONE_129,2023-01-01,1,Winter,1,1,Retreated,Foot Patrol,7.0,Clear
EVT_129_04471,SGR_ZONE_129,2023-01-31,1,Winter,0,1,Neutralized,Foot Patrol,24.0,Cloudy
EVT_129_04472,SGR_ZONE_129,2023-01-31,1,Winter,0,0,Undetected,Vehicle,,Snow
EVT_129_04473,SGR_ZONE_129,2023-01-31,1,Winter,1,1,Neutralized,Foot Patrol,23.0,Clear
EVT_129_04474,SGR_ZONE_129,2023-03-02,3,Spring,23,1,Neutralized,Foot Patrol,9.0,Clear
EVT_129_04475,SGR_ZONE_129,2023-03-02,3,Spring,2,1,Alert Triggered,Drone (Suspicious),30.0,Clear
EVT_129_04476,SGR_ZONE_129,2023-04-01,4,Spring,23,1,Retreated,Unknown,5.0,Snow
EVT_129_04477,SGR_ZONE_129,2023-04-01,4,Spring,1,0,Undetected,Drone (Suspicious),,Cloudy
EVT_129_04478,SGR_ZONE_129,2023-04-01,4,Spring,1,1,Neutralized,Foot Patrol,51.0,Clear
EVT_129_04479,SGR_ZONE_129,2023-04-01,4,Spring,23,1,Neutralized,Unknown,47.0,Cloudy
EVT_129_04480,SGR_ZONE_129,2023-05-01,5,Spring,4,1,Retreated,Foot Patrol,59.0,Cloudy
EVT_129_04481,SGR_ZONE_129,2023-05-01,5,Spring,0,0,Undetected,Drone (Suspicious),,Snow
EVT_129_04482,SGR_ZONE_129,2023-05-31,5,Spring,23,1,Alert Triggered,Vehicle,42.0,Cloudy
EVT_129_04483,SGR_ZONE_129,2023-05-31,5,Spring,22,1,Neutralized,Foot Patrol,6.0,Clear
EVT_129_04484,SGR_ZONE_129,2023-05-31,5,Spring,0,1,Alert Triggered,Unknown,25.0,Cloudy
EVT_129_04485,SGR_ZONE_129,2023-05-31,5,Spring,0,1,Alert Triggered,Foot Patrol,28.0,Cloudy
EVT_129_04486,SGR_ZONE_129,2023-05-31,5,Spring,3,1,Neutralized,Foot Patrol,49.0,Clear
EVT_129_04487,SGR_ZONE_129,2023-10-28,10,Autumn,0,1,Alert Triggered,Foot Patrol,32.0,Clear
EVT_129_04488,SGR_ZONE_129,2023-10-28,10,Autumn,22,0,Undetected,Foot Patrol,,Cloudy
EVT_129_04489,SGR_ZONE_129,2023-11-27,11,Autumn,2,1,Neutralized,Foot Patrol,56.0,Clear
EVT_129_04490,SGR_ZONE_129,2023-11-27,11,Autumn,22,1,Neutralized,Foot Patrol,30.0,Cloudy
EVT_129_04491,SGR_ZONE_129,2023-11-27,11,Autumn,2,1,Retreated,Vehicle,42.0,Clear
EVT_129_04492,SGR_ZONE_129,2023-11-27,11,Autumn,22,0,Undetected,Drone (Suspicious),,Fog
EVT_129_04493,SGR_ZONE_129,2023-12-27,12,Winter,2,1,Retreated,Foot Patrol,39.0,Clear
EVT_129_04494,SGR_ZONE_129,2023-12-27,12,Winter,0,1,Retreated,Unknown,6.0,Clear
EVT_129_04495,SGR_ZONE_129,2023-12-27,12,Winter,23,1,Alert Triggered,Vehicle,16.0,Clear
EVT_129_04496,SGR_ZONE_129,2024-01-26,1,Winter,2,0,Undetected,Foot Patrol,,Clear
EVT_129_04497,SGR_ZONE_129,2024-01-26,1,Winter,0,1,Retreated,Unknown,29.0,Clear
EVT_129_04498,SGR_ZONE_129,2024-01-26,1,Winter,0,1,Retreated,Foot Patrol,37.0,Snow
EVT_129_04499,SGR_ZONE_129,2024-01-26,1,Winter,0,1,Retreated,Foot Patrol,34.0,Cloudy
EVT_129_04500,SGR_ZONE_129,2024-01-26,1,Winter,4,1,Retreated,Drone (Suspicious),42.0,Fog
EVT_129_04501,SGR_ZONE_129,2024-02-25,2,Winter,1,0,Undetected,Unknown,,Cloudy
EVT_129_04502,SGR_ZONE_129,2024-02-25,2,Winter,23,1,Retreated,Foot Patrol,19.0,Cloudy
EVT_129_04503,SGR_ZONE_129,2024-02-25,2,Winter,2,1,Retreated,Foot Patrol,26.0,Fog
EVT_129_04504,SGR_ZONE_129,2024-02-25,2,Winter,23,1,Neutralized,Foot Patrol,8.0,Clear
EVT_129_04505,SGR_ZONE_129,2024-02-25,2,Winter,3,1,Neutralized,Foot Patrol,51.0,Cloudy
EVT_129_04506,SGR_ZONE_129,2024-03-26,3,Spring,23,1,Retreated,Vehicle,49.0,Cloudy
EVT_129_04507,SGR_ZONE_129,2024-03-26,3,Spring,1,1,Neutralized,Drone (Suspicious),56.0,Clear
EVT_129_04508,SGR_ZONE_129,2024-03-26,3,Spring,0,1,Retreated,Foot Patrol,28.0,Fog
EVT_129_04509,SGR_ZONE_129,2024-04-25,4,Spring,1,1,Retreated,Foot Patrol,28.0,Fog
EVT_129_04510,SGR_ZONE_129,2024-05-25,5,Spring,1,1,Retreated,Vehicle,14.0,Clear
EVT_129_04511,SGR_ZONE_129,2024-05-25,5,Spring,2,1,Neutralized,Unknown,26.0,Cloudy
EVT_129_04512,SGR_ZONE_129,2024-08-23,8,Monsoon,23,0,Undetected,Foot Patrol,,Fog
EVT_129_04513,SGR_ZONE_129,2024-09-22,9,Autumn,23,1,Retreated,Foot Patrol,11.0,Clear
EVT_129_04514,SGR_ZONE_129,2024-09-22,9,Autumn,1,1,Neutralized,Foot Patrol,56.0,Cloudy
EVT_130_04515,SGR_ZONE_130,2023-01-01,1,Winter,22,1,Retreated,Drone (Suspicious),47.0,Snow
EVT_130_04516,SGR_ZONE_130,2023-01-01,1,Winter,0,1,Retreated,Unknown,26.0,Fog
EVT_130_04517,SGR_ZONE_130,2023-01-31,1,Winter,0,1,Retreated,Unknown,8.0,Fog
EVT_130_04518,SGR_ZONE_130,2023-01-31,1,Winter,22,1,Alert Triggered,Vehicle,12.0,Clear
EVT_130_04519,SGR_ZONE_130,2023-01-31,1,Winter,22,1,Retreated,Vehicle,14.0,Clear
EVT_130_04520,SGR_ZONE_130,2023-05-31,5,Spring,0,1,Neutralized,Vehicle,42.0,Cloudy
EVT_130_04521,SGR_ZONE_130,2023-06-30,6,Monsoon,0,0,Undetected,Foot Patrol,,Fog
EVT_130_04522,SGR_ZONE_130,2023-06-30,6,Monsoon,0,1,Neutralized,Unknown,16.0,Cloudy
EVT_130_04523,SGR_ZONE_130,2023-12-27,12,Winter,3,1,Retreated,Foot Patrol,14.0,Clear
EVT_130_04524,SGR_ZONE_130,2023-12-27,12,Winter,0,1,Retreated,Foot Patrol,27.0,Fog
EVT_130_04525,SGR_ZONE_130,2024-05-25,5,Spring,0,0,Undetected,Foot Patrol,,Cloudy
EVT_130_04526,SGR_ZONE_130,2024-11-21,11,Autumn,1,0,Undetected,Foot Patrol,,Clear
EVT_130_04527,SGR_ZONE_130,2024-11-21,11,Autumn,22,1,Retreated,Foot Patrol,16.0,Clear
EVT_130_04528,SGR_ZONE_130,2024-11-21,11,Autumn,4,1,Retreated,Foot Patrol,25.0,Clear
EVT_131_04529,SGR_ZONE_131,2023-01-01,1,Winter,0,0,Undetected,Foot Patrol,,Fog
EVT_131_04530,SGR_ZONE_131,2023-01-01,1,Winter,23,0,Undetected,Foot Patrol,,Fog
EVT_131_04531,SGR_ZONE_131,2023-01-31,1,Winter,2,0,Undetected,Vehicle,,Snow
EVT_131_04532,SGR_ZONE_131,2023-01-31,1,Winter,2,1,Retreated,Foot Patrol,41.0,Fog
EVT_131_04533,SGR_ZONE_131,2023-04-01,4,Spring,2,1,Retreated,Foot Patrol,11.0,Fog
EVT_131_04534,SGR_ZONE_131,2023-04-01,4,Spring,3,0,Undetected,Foot Patrol,,Cloudy
EVT_131_04535,SGR_ZONE_131,2023-04-01,4,Spring,1,1,Retreated,Vehicle,29.0,Clear
EVT_131_04536,SGR_ZONE_131,2023-07-30,7,Monsoon,23,0,Undetected,Foot Patrol,,Clear
EVT_131_04537,SGR_ZONE_131,2023-07-30,7,Monsoon,3,1,Retreated,Unknown,17.0,Cloudy
EVT_131_04538,SGR_ZONE_131,2023-07-30,7,Monsoon,22,1,Retreated,Drone (Suspicious),24.0,Cloudy
EVT_131_04539,SGR_ZONE_131,2023-07-30,7,Monsoon,2,1,Alert Triggered,Unknown,25.0,Clear
EVT_131_04540,SGR_ZONE_131,2023-08-29,8,Monsoon,23,1,Retreated,Unknown,5.0,Cloudy
EVT_131_04541,SGR_ZONE_131,2023-08-29,8,Monsoon,0,0,Undetected,Foot Patrol,,Clear
EVT_131_04542,SGR_ZONE_131,2023-08-29,8,Monsoon,23,1,Retreated,Foot Patrol,34.0,Clear
EVT_131_04543,SGR_ZONE_131,2023-10-28,10,Autumn,1,1,Alert Triggered,Foot Patrol,10.0,Cloudy
EVT_131_04544,SGR_ZONE_131,2023-10-28,10,Autumn,2,1,Alert Triggered,Foot Patrol,58.0,Cloudy
EVT_131_04545,SGR_ZONE_131,2023-12-27,12,Winter,23,1,Retreated,Foot Patrol,34.0,Snow
EVT_131_04546,SGR_ZONE_131,2024-01-26,1,Winter,22,0,Undetected,Vehicle,,Clear
EVT_131_04547,SGR_ZONE_131,2024-01-26,1,Winter,0,1,Retreated,Unknown,13.0,Clear
EVT_131_04548,SGR_ZONE_131,2024-01-26,1,Winter,1,1,Neutralized,Foot Patrol,32.0,Clear
EVT_131_04549,SGR_ZONE_131,2024-03-26,3,Spring,1,1,Retreated,Foot Patrol,29.0,Clear
EVT_131_04550,SGR_ZONE_131,2024-03-26,3,Spring,0,1,Neutralized,Unknown,18.0,Cloudy
EVT_131_04551,SGR_ZONE_131,2024-03-26,3,Spring,23,1,Alert Triggered,Unknown,42.0,Fog
EVT_131_04552,SGR_ZONE_131,2024-04-25,4,Spring,23,1,Neutralized,Foot Patrol,12.0,Fog
EVT_131_04553,SGR_ZONE_131,2024-04-25,4,Spring,23,0,Undetected,Unknown,,Fog
EVT_131_04554,SGR_ZONE_131,2024-04-25,4,Spring,0,0,Undetected,Vehicle,,Fog
EVT_131_04555,SGR_ZONE_131,2024-05-25,5,Spring,0,1,Retreated,Drone (Suspicious),40.0,Cloudy
EVT_131_04556,SGR_ZONE_131,2024-08-23,8,Monsoon,23,1,Retreated,Vehicle,46.0,Clear
EVT_131_04557,SGR_ZONE_131,2024-08-23,8,Monsoon,23,1,Alert Triggered,Unknown,50.0,Clear
EVT_131_04558,SGR_ZONE_131,2024-08-23,8,Monsoon,0,1,Retreated,Drone (Suspicious),55.0,Clear
EVT_131_04559,SGR_ZONE_131,2024-08-23,8,Monsoon,0,1,Retreated,Foot Patrol,56.0,Cloudy
EVT_131_04560,SGR_ZONE_131,2024-08-23,8,Monsoon,1,1,Alert Triggered,Foot Patrol,49.0,Clear
EVT_131_04561,SGR_ZONE_131,2024-08-23,8,Monsoon,3,1,Retreated,Foot Patrol,31.0,Fog
EVT_131_04562,SGR_ZONE_131,2024-11-21,11,Autumn,23,1,Neutralized,Vehicle,16.0,Clear
EVT_131_04563,SGR_ZONE_131,2024-11-21,11,Autumn,22,1,Retreated,Foot Patrol,57.0,Clear
EVT_131_04564,SGR_ZONE_131,2024-11-21,11,Autumn,23,1,Neutralized,Foot Patrol,35.0,Clear
EVT_132_04565,SGR_ZONE_132,2023-01-31,1,Winter,0,1,Retreated,Foot Patrol,58.0,Clear
EVT_132_04566,SGR_ZONE_132,2023-01-31,1,Winter,22,1,Neutralized,Unknown,58.0,Fog
EVT_132_04567,SGR_ZONE_132,2023-01-31,1,Winter,23,0,Undetected,Foot Patrol,,Cloudy
EVT_132_04568,SGR_ZONE_132,2023-01-31,1,Winter,4,1,Neutralized,Foot Patrol,17.0,Snow
EVT_132_04569,SGR_ZONE_132,2023-01-31,1,Winter,3,1,Retreated,Vehicle,45.0,Clear
EVT_132_04570,SGR_ZONE_132,2023-01-31,1,Winter,2,1,Neutralized,Unknown,6.0,Cloudy
EVT_132_04571,SGR_ZONE_132,2023-06-30,6,Monsoon,0,1,Neutralized,Unknown,27.0,Clear
EVT_132_04572,SGR_ZONE_132,2023-06-30,6,Monsoon,23,0,Undetected,Vehicle,,Fog
EVT_132_04573,SGR_ZONE_132,2023-07-30,7,Monsoon,0,1,Neutralized,Foot Patrol,59.0,Fog
EVT_132_04574,SGR_ZONE_132,2023-07-30,7,Monsoon,0,1,Neutralized,Foot Patrol,6.0,Clear
EVT_132_04575,SGR_ZONE_132,2023-09-28,9,Autumn,1,1,Alert Triggered,Foot Patrol,40.0,Snow
EVT_132_04576,SGR_ZONE_132,2023-09-28,9,Autumn,0,1,Retreated,Foot Patrol,16.0,Cloudy
EVT_132_04577,SGR_ZONE_132,2023-09-28,9,Autumn,0,1,Neutralized,Drone (Suspicious),23.0,Cloudy
EVT_132_04578,SGR_ZONE_132,2024-01-26,1,Winter,0,0,Undetected,Foot Patrol,,Fog
EVT_132_04579,SGR_ZONE_132,2024-01-26,1,Winter,23,1,Alert Triggered,Unknown,16.0,Clear
EVT_132_04580,SGR_ZONE_132,2024-04-25,4,Spring,23,1,Retreated,Foot Patrol,10.0,Cloudy
EVT_132_04581,SGR_ZONE_132,2024-05-25,5,Spring,22,1,Neutralized,Foot Patrol,8.0,Clear
EVT_132_04582,SGR_ZONE_132,2024-05-25,5,Spring,23,1,Alert Triggered,Foot Patrol,44.0,Snow
EVT_133_04583,SGR_ZONE_133,2023-01-01,1,Winter,0,1,Neutralized,Vehicle,25.0,Clear
EVT_133_04584,SGR_ZONE_133,2023-01-01,1,Winter,0,1,Neutralized,Unknown,31.0,Clear
EVT_133_04585,SGR_ZONE_133,2023-01-31,1,Winter,0,1,Neutralized,Vehicle,50.0,Clear
EVT_133_04586,SGR_ZONE_133,2023-01-31,1,Winter,23,1,Neutralized,Foot Patrol,45.0,Cloudy
EVT_133_04587,SGR_ZONE_133,2023-01-31,1,Winter,22,1,Alert Triggered,Unknown,14.0,Clear
EVT_133_04588,SGR_ZONE_133,2023-05-01,5,Spring,22,0,Undetected,Foot Patrol,,Fog
EVT_133_04589,SGR_ZONE_133,2023-05-01,5,Spring,23,1,Retreated,Foot Patrol,48.0,Clear
EVT_133_04590,SGR_ZONE_133,2023-11-27,11,Autumn,22,1,Retreated,Foot Patrol,26.0,Clear
EVT_133_04591,SGR_ZONE_133,2023-11-27,11,Autumn,22,1,Alert Triggered,Vehicle,41.0,Fog
EVT_133_04592,SGR_ZONE_133,2024-01-26,1,Winter,22,0,Undetected,Foot Patrol,,Cloudy
EVT_133_04593,SGR_ZONE_133,2024-01-26,1,Winter,0,1,Neutralized,Foot Patrol,9.0,Clear
EVT_133_04594,SGR_ZONE_133,2024-01-26,1,Winter,2,1,Alert Triggered,Foot Patrol,13.0,Cloudy
EVT_133_04595,SGR_ZONE_133,2024-02-25,2,Winter,0,1,Retreated,Foot Patrol,44.0,Fog
EVT_133_04596,SGR_ZONE_133,2024-02-25,2,Winter,23,1,Retreated,Foot Patrol,20.0,Cloudy
EVT_133_04597,SGR_ZONE_133,2024-03-26,3,Spring,4,0,Undetected,Vehicle,,Clear
EVT_133_04598,SGR_ZONE_133,2024-03-26,3,Spring,0,1,Alert Triggered,Vehicle,52.0,Clear
EVT_133_04599,SGR_ZONE_133,2024-05-25,5,Spring,22,1,Alert Triggered,Unknown,39.0,Cloudy
EVT_133_04600,SGR_ZONE_133,2024-05-25,5,Spring,1,1,Neutralized,Foot Patrol,45.0,Clear
EVT_133_04601,SGR_ZONE_133,2024-05-25,5,Spring,1,1,Neutralized,Vehicle,19.0,Clear
EVT_133_04602,SGR_ZONE_133,2024-08-23,8,Monsoon,22,1,Alert Triggered,Foot Patrol,11.0,Fog
EVT_133_04603,SGR_ZONE_133,2024-08-23,8,Monsoon,0,1,Alert Triggered,Foot Patrol,56.0,Clear
EVT_133_04604,SGR_ZONE_133,2024-09-22,9,Autumn,1,1,Retreated,Foot Patrol,5.0,Cloudy
EVT_133_04605,SGR_ZONE_133,2024-09-22,9,Autumn,1,1,Alert Triggered,Vehicle,50.0,Cloudy
EVT_133_04606,SGR_ZONE_133,2024-09-22,9,Autumn,2,1,Retreated,Drone (Suspicious),52.0,Clear
EVT_133_04607,SGR_ZONE_133,2024-09-22,9,Autumn,1,1,Retreated,Foot Patrol,16.0,Cloudy
EVT_133_04608,SGR_ZONE_133,2024-11-21,11,Autumn,2,0,Undetected,Vehicle,,Fog
EVT_133_04609,SGR_ZONE_133,2024-11-21,11,Autumn,22,1,Retreated,Vehicle,20.0,Clear
EVT_133_04610,SGR_ZONE_133,2024-11-21,11,Autumn,2,0,Undetected,Drone (Suspicious),,Cloudy
EVT_133_04611,SGR_ZONE_133,2024-11-21,11,Autumn,22,0,Undetected,Foot Patrol,,Cloudy
EVT_133_04612,SGR_ZONE_133,2024-11-21,11,Autumn,23,1,Retreated,Unknown,48.0,Clear
EVT_134_04613,SGR_ZONE_134,2023-01-01,1,Winter,1,0,Undetected,Foot Patrol,,Cloudy
EVT_134_04614,SGR_ZONE_134,2023-01-01,1,Winter,1,0,Undetected,Foot Patrol,,Clear
EVT_134_04615,SGR_ZONE_134,2023-01-31,1,Winter,22,0,Undetected,Vehicle,,Clear
EVT_134_04616,SGR_ZONE_134,2023-03-02,3,Spring,22,1,Neutralized,Foot Patrol,58.0,Cloudy
EVT_134_04617,SGR_ZONE_134,2023-03-02,3,Spring,22,1,Retreated,Unknown,29.0,Clear
EVT_134_04618,SGR_ZONE_134,2023-03-02,3,Spring,1,0,Undetected,Vehicle,,Clear
EVT_134_04619,SGR_ZONE_134,2023-03-02,3,Spring,1,1,Neutralized,Foot Patrol,6.0,Clear
EVT_134_04620,SGR_ZONE_134,2023-03-02,3,Spring,22,1,Retreated,Unknown,19.0,Fog
EVT_134_04621,SGR_ZONE_134,2023-04-01,4,Spring,1,1,Neutralized,Foot Patrol,34.0,Clear
EVT_134_04622,SGR_ZONE_134,2023-04-01,4,Spring,23,0,Undetected,Unknown,,Clear
EVT_134_04623,SGR_ZONE_134,2023-05-01,5,Spring,0,1,Alert Triggered,Foot Patrol,19.0,Cloudy
EVT_134_04624,SGR_ZONE_134,2023-05-01,5,Spring,1,0,Undetected,Foot Patrol,,Cloudy
EVT_134_04625,SGR_ZONE_134,2023-07-30,7,Monsoon,1,1,Neutralized,Foot Patrol,20.0,Snow
EVT_134_04626,SGR_ZONE_134,2023-07-30,7,Monsoon,0,0,Undetected,Unknown,,Snow
EVT_134_04627,SGR_ZONE_134,2023-07-30,7,Monsoon,0,1,Neutralized,Unknown,51.0,Cloudy
EVT_134_04628,SGR_ZONE_134,2023-08-29,8,Monsoon,3,0,Undetected,Foot Patrol,,Clear
EVT_134_04629,SGR_ZONE_134,2023-09-28,9,Autumn,1,1,Alert Triggered,Unknown,15.0,Clear
EVT_134_04630,SGR_ZONE_134,2023-09-28,9,Autumn,4,1,Neutralized,Vehicle,22.0,Cloudy
EVT_134_04631,SGR_ZONE_134,2023-11-27,11,Autumn,1,1,Retreated,Vehicle,28.0,Fog
EVT_134_04632,SGR_ZONE_134,2023-11-27,11,Autumn,22,0,Undetected,Foot Patrol,,Cloudy
EVT_134_04633,SGR_ZONE_134,2023-11-27,11,Autumn,0,1,Neutralized,Foot Patrol,21.0,Clear
EVT_134_04634,SGR_ZONE_134,2023-11-27,11,Autumn,0,1,Alert Triggered,Unknown,57.0,Cloudy
EVT_134_04635,SGR_ZONE_134,2023-12-27,12,Winter,23,0,Undetected,Foot Patrol,,Fog
EVT_134_04636,SGR_ZONE_134,2023-12-27,12,Winter,23,1,Alert Triggered,Foot Patrol,11.0,Cloudy
EVT_134_04637,SGR_ZONE_134,2023-12-27,12,Winter,0,1,Neutralized,Foot Patrol,16.0,Cloudy
EVT_134_04638,SGR_ZONE_134,2023-12-27,12,Winter,1,0,Undetected,Unknown,,Fog
EVT_134_04639,SGR_ZONE_134,2023-12-27,12,Winter,1,0,Undetected,Foot Patrol,,Fog
EVT_134_04640,SGR_ZONE_134,2024-01-26,1,Winter,22,1,Neutralized,Vehicle,31.0,Clear
EVT_134_04641,SGR_ZONE_134,2024-01-26,1,Winter,23,1,Retreated,Foot Patrol,29.0,Cloudy
EVT_134_04642,SGR_ZONE_134,2024-01-26,1,Winter,2,1,Alert Triggered,Foot Patrol,43.0,Clear
EVT_134_04643,SGR_ZONE_134,2024-02-25,2,Winter,22,1,Retreated,Vehicle,53.0,Cloudy
EVT_134_04644,SGR_ZONE_134,2024-02-25,2,Winter,2,1,Retreated,Vehicle,45.0,Cloudy
EVT_134_04645,SGR_ZONE_134,2024-03-26,3,Spring,1,0,Undetected,Vehicle,,Cloudy
EVT_134_04646,SGR_ZONE_134,2024-03-26,3,Spring,0,1,Retreated,Drone (Suspicious),14.0,Fog
EVT_134_04647,SGR_ZONE_134,2024-05-25,5,Spring,0,1,Retreated,Foot Patrol,54.0,Cloudy
EVT_134_04648,SGR_ZONE_134,2024-05-25,5,Spring,1,1,Retreated,Vehicle,22.0,Clear
EVT_134_04649,SGR_ZONE_134,2024-10-22,10,Autumn,2,1,Neutralized,Foot Patrol,51.0,Fog
EVT_134_04650,SGR_ZONE_134,2024-10-22,10,Autumn,0,1,Neutralized,Foot Patrol,28.0,Clear
EVT_134_04651,SGR_ZONE_134,2024-10-22,10,Autumn,2,1,Retreated,Foot Patrol,38.0,Cloudy
EVT_134_04652,SGR_ZONE_134,2024-10-22,10,Autumn,0,1,Retreated,Drone (Suspicious),13.0,Cloudy
EVT_134_04653,SGR_ZONE_134,2024-10-22,10,Autumn,0,1,Alert Triggered,Foot Patrol,38.0,Clear
EVT_134_04654,SGR_ZONE_134,2024-10-22,10,Autumn,0,1,Neutralized,Drone (Suspicious),53.0,Clear
EVT_134_04655,SGR_ZONE_134,2024-10-22,10,Autumn,22,1,Neutralized,Drone (Suspicious),20.0,Clear
EVT_135_04656,SGR_ZONE_135,2023-01-01,1,Winter,0,0,Undetected,Foot Patrol,,Fog
EVT_135_04657,SGR_ZONE_135,2023-01-01,1,Winter,0,1,Retreated,Drone (Suspicious),6.0,Fog
EVT_135_04658,SGR_ZONE_135,2023-01-01,1,Winter,0,1,Retreated,Unknown,16.0,Clear
EVT_135_04659,SGR_ZONE_135,2023-01-31,1,Winter,3,1,Retreated,Drone (Suspicious),9.0,Clear
EVT_135_04660,SGR_ZONE_135,2023-01-31,1,Winter,1,1,Alert Triggered,Foot Patrol,42.0,Clear
EVT_135_04661,SGR_ZONE_135,2023-01-31,1,Winter,23,1,Neutralized,Vehicle,29.0,Clear
EVT_135_04662,SGR_ZONE_135,2023-01-31,1,Winter,23,1,Retreated,Unknown,47.0,Clear
EVT_135_04663,SGR_ZONE_135,2023-03-02,3,Spring,0,1,Retreated,Unknown,10.0,Cloudy
EVT_135_04664,SGR_ZONE_135,2023-03-02,3,Spring,22,1,Retreated,Unknown,7.0,Clear
EVT_135_04665,SGR_ZONE_135,2023-04-01,4,Spring,23,1,Retreated,Vehicle,26.0,Fog
EVT_135_04666,SGR_ZONE_135,2023-05-31,5,Spring,23,1,Retreated,Unknown,47.0,Cloudy
EVT_135_04667,SGR_ZONE_135,2023-07-30,7,Monsoon,0,0,Undetected,Foot Patrol,,Clear
EVT_135_04668,SGR_ZONE_135,2023-07-30,7,Monsoon,1,0,Undetected,Foot Patrol,,Fog
EVT_135_04669,SGR_ZONE_135,2023-09-28,9,Autumn,2,1,Retreated,Foot Patrol,29.0,Snow
EVT_135_04670,SGR_ZONE_135,2023-09-28,9,Autumn,23,1,Alert Triggered,Foot Patrol,41.0,Cloudy
EVT_135_04671,SGR_ZONE_135,2023-11-27,11,Autumn,0,1,Retreated,Vehicle,37.0,Snow
EVT_135_04672,SGR_ZONE_135,2023-12-27,12,Winter,23,1,Neutralized,Vehicle,48.0,Clear
EVT_135_04673,SGR_ZONE_135,2024-01-26,1,Winter,1,1,Retreated,Foot Patrol,58.0,Cloudy
EVT_135_04674,SGR_ZONE_135,2024-02-25,2,Winter,23,0,Undetected,Foot Patrol,,Clear
EVT_135_04675,SGR_ZONE_135,2024-04-25,4,Spring,0,1,Retreated,Unknown,27.0,Cloudy
EVT_135_04676,SGR_ZONE_135,2024-04-25,4,Spring,1,0,Undetected,Unknown,,Fog
EVT_135_04677,SGR_ZONE_135,2024-05-25,5,Spring,1,0,Undetected,Unknown,,Fog
EVT_135_04678,SGR_ZONE_135,2024-05-25,5,Spring,1,0,Undetected,Foot Patrol,,Clear
EVT_135_04679,SGR_ZONE_135,2024-06-24,6,Monsoon,4,0,Undetected,Unknown,,Fog
EVT_135_04680,SGR_ZONE_135,2024-06-24,6,Monsoon,2,0,Undetected,Foot Patrol,,Clear
EVT_135_04681,SGR_ZONE_135,2024-07-24,7,Monsoon,23,1,Neutralized,Unknown,22.0,Fog
EVT_135_04682,SGR_ZONE_135,2024-07-24,7,Monsoon,2,1,Alert Triggered,Vehicle,13.0,Fog
EVT_135_04683,SGR_ZONE_135,2024-07-24,7,Monsoon,22,1,Neutralized,Unknown,47.0,Clear
EVT_135_04684,SGR_ZONE_135,2024-10-22,10,Autumn,23,1,Retreated,Foot Patrol,58.0,Clear
EVT_135_04685,SGR_ZONE_135,2024-11-21,11,Autumn,0,1,Alert Triggered,Foot Patrol,18.0,Clear
EVT_135_04686,SGR_ZONE_135,2024-11-21,11,Autumn,23,1,Alert Triggered,Unknown,39.0,Cloudy
EVT_135_04687,SGR_ZONE_135,2024-11-21,11,Autumn,22,1,Retreated,Foot Patrol,53.0,Clear
EVT_136_04688,SGR_ZONE_136,2023-01-01,1,Winter,4,1,Alert Triggered,Vehicle,12.0,Cloudy
EVT_136_04689,SGR_ZONE_136,2023-01-01,1,Winter,0,0,Undetected,Foot Patrol,,Clear
EVT_136_04690,SGR_ZONE_136,2023-01-01,1,Winter,0,1,Retreated,Foot Patrol,51.0,Cloudy
EVT_136_04691,SGR_ZONE_136,2023-01-01,1,Winter,3,1,Retreated,Vehicle,29.0,Cloudy
EVT_136_04692,SGR_ZONE_136,2023-01-01,1,Winter,3,0,Undetected,Vehicle,,Cloudy
EVT_136_04693,SGR_ZONE_136,2023-01-31,1,Winter,2,1,Retreated,Foot Patrol,35.0,Clear
EVT_136_04694,SGR_ZONE_136,2023-01-31,1,Winter,22,1,Neutralized,Foot Patrol,31.0,Clear
EVT_136_04695,SGR_ZONE_136,2023-03-02,3,Spring,0,0,Undetected,Vehicle,,Fog
EVT_136_04696,SGR_ZONE_136,2023-03-02,3,Spring,1,1,Alert Triggered,Foot Patrol,49.0,Fog
EVT_136_04697,SGR_ZONE_136,2023-04-01,4,Spring,2,0,Undetected,Foot Patrol,,Fog
EVT_136_04698,SGR_ZONE_136,2023-04-01,4,Spring,1,1,Neutralized,Foot Patrol,34.0,Clear
EVT_136_04699,SGR_ZONE_136,2023-05-31,5,Spring,23,0,Undetected,Foot Patrol,,Cloudy
EVT_136_04700,SGR_ZONE_136,2023-07-30,7,Monsoon,0,1,Retreated,Foot Patrol,40.0,Clear
EVT_136_04701,SGR_ZONE_136,2023-07-30,7,Monsoon,23,1,Retreated,Foot Patrol,13.0,Fog
EVT_136_04702,SGR_ZONE_136,2023-07-30,7,Monsoon,1,1,Retreated,Vehicle,46.0,Fog
EVT_136_04703,SGR_ZONE_136,2023-09-28,9,Autumn,0,1,Alert Triggered,Vehicle,29.0,Clear
EVT_136_04704,SGR_ZONE_136,2023-10-28,10,Autumn,23,1,Retreated,Foot Patrol,19.0,Fog
EVT_136_04705,SGR_ZONE_136,2023-10-28,10,Autumn,0,1,Neutralized,Drone (Suspicious),50.0,Cloudy
EVT_136_04706,SGR_ZONE_136,2023-12-27,12,Winter,22,1,Alert Triggered,Foot Patrol,42.0,Snow
EVT_136_04707,SGR_ZONE_136,2023-12-27,12,Winter,2,1,Neutralized,Foot Patrol,5.0,Clear
EVT_136_04708,SGR_ZONE_136,2023-12-27,12,Winter,22,1,Alert Triggered,Foot Patrol,13.0,Fog
EVT_136_04709,SGR_ZONE_136,2024-01-26,1,Winter,2,1,Retreated,Foot Patrol,56.0,Cloudy
EVT_136_04710,SGR_ZONE_136,2024-02-25,2,Winter,3,0,Undetected,Vehicle,,Clear
EVT_136_04711,SGR_ZONE_136,2024-02-25,2,Winter,0,0,Undetected,Unknown,,Clear
EVT_136_04712,SGR_ZONE_136,2024-02-25,2,Winter,0,1,Neutralized,Unknown,51.0,Snow
EVT_136_04713,SGR_ZONE_136,2024-02-25,2,Winter,22,1,Retreated,Foot Patrol,17.0,Clear
EVT_136_04714,SGR_ZONE_136,2024-03-26,3,Spring,23,1,Retreated,Unknown,7.0,Fog
EVT_136_04715,SGR_ZONE_136,2024-03-26,3,Spring,1,1,Neutralized,Foot Patrol,17.0,Clear
EVT_136_04716,SGR_ZONE_136,2024-03-26,3,Spring,1,0,Undetected,Foot Patrol,,Cloudy
EVT_136_04717,SGR_ZONE_136,2024-10-22,10,Autumn,0,1,Retreated,Foot Patrol,28.0,Snow
EVT_137_04718,SGR_ZONE_137,2023-01-01,1,Winter,22,1,Retreated,Foot Patrol,55.0,Clear
EVT_137_04719,SGR_ZONE_137,2023-01-01,1,Winter,1,0,Undetected,Foot Patrol,,Clear
EVT_137_04720,SGR_ZONE_137,2023-01-01,1,Winter,2,1,Retreated,Unknown,17.0,Clear
EVT_137_04721,SGR_ZONE_137,2023-01-31,1,Winter,2,0,Undetected,Foot Patrol,,Fog
EVT_137_04722,SGR_ZONE_137,2023-01-31,1,Winter,1,0,Undetected,Vehicle,,Clear
EVT_137_04723,SGR_ZONE_137,2023-01-31,1,Winter,1,1,Alert Triggered,Vehicle,16.0,Cloudy
EVT_137_04724,SGR_ZONE_137,2023-01-31,1,Winter,0,0,Undetected,Foot Patrol,,Clear
EVT_137_04725,SGR_ZONE_137,2023-03-02,3,Spring,22,1,Retreated,Unknown,50.0,Clear
EVT_137_04726,SGR_ZONE_137,2023-03-02,3,Spring,0,0,Undetected,Foot Patrol,,Cloudy
EVT_137_04727,SGR_ZONE_137,2023-03-02,3,Spring,22,1,Retreated,Drone (Suspicious),32.0,Clear
EVT_137_04728,SGR_ZONE_137,2023-04-01,4,Spring,1,1,Retreated,Vehicle,59.0,Clear
EVT_137_04729,SGR_ZONE_137,2023-04-01,4,Spring,2,1,Retreated,Foot Patrol,57.0,Fog
EVT_137_04730,SGR_ZONE_137,2023-04-01,4,Spring,2,1,Alert Triggered,Foot Patrol,39.0,Snow
EVT_137_04731,SGR_ZONE_137,2023-04-01,4,Spring,0,0,Undetected,Foot Patrol,,Snow
EVT_137_04732,SGR_ZONE_137,2023-05-01,5,Spring,22,1,Neutralized,Drone (Suspicious),38.0,Clear
EVT_137_04733,SGR_ZONE_137,2023-05-01,5,Spring,0,1,Retreated,Foot Patrol,33.0,Cloudy
EVT_137_04734,SGR_ZONE_137,2023-05-31,5,Spring,0,1,Alert Triggered,Foot Patrol,30.0,Clear
EVT_137_04735,SGR_ZONE_137,2023-05-31,5,Spring,22,1,Alert Triggered,Foot Patrol,27.0,Clear
EVT_137_04736,SGR_ZONE_137,2023-06-30,6,Monsoon,23,1,Retreated,Foot Patrol,19.0,Cloudy
EVT_137_04737,SGR_ZONE_137,2023-06-30,6,Monsoon,1,1,Retreated,Unknown,22.0,Cloudy
EVT_137_04738,SGR_ZONE_137,2023-06-30,6,Monsoon,22,1,Neutralized,Vehicle,49.0,Clear
EVT_137_04739,SGR_ZONE_137,2023-10-28,10,Autumn,2,1,Retreated,Vehicle,18.0,Cloudy
EVT_137_04740,SGR_ZONE_137,2023-10-28,10,Autumn,23,1,Retreated,Foot Patrol,32.0,Fog
EVT_137_04741,SGR_ZONE_137,2023-10-28,10,Autumn,23,1,Retreated,Foot Patrol,15.0,Clear
EVT_137_04742,SGR_ZONE_137,2023-12-27,12,Winter,1,0,Undetected,Foot Patrol,,Cloudy
EVT_137_04743,SGR_ZONE_137,2023-12-27,12,Winter,1,0,Undetected,Foot Patrol,,Fog
EVT_137_04744,SGR_ZONE_137,2023-12-27,12,Winter,2,1,Retreated,Unknown,9.0,Clear
EVT_137_04745,SGR_ZONE_137,2023-12-27,12,Winter,0,1,Retreated,Foot Patrol,50.0,Clear
EVT_137_04746,SGR_ZONE_137,2023-12-27,12,Winter,0,0,Undetected,Unknown,,Clear
EVT_137_04747,SGR_ZONE_137,2024-01-26,1,Winter,0,0,Undetected,Unknown,,Snow
EVT_137_04748,SGR_ZONE_137,2024-01-26,1,Winter,1,1,Neutralized,Unknown,50.0,Clear
EVT_137_04749,SGR_ZONE_137,2024-01-26,1,Winter,23,1,Retreated,Drone (Suspicious),47.0,Cloudy
EVT_137_04750,SGR_ZONE_137,2024-02-25,2,Winter,0,1,Retreated,Unknown,17.0,Cloudy
EVT_137_04751,SGR_ZONE_137,2024-02-25,2,Winter,23,1,Retreated,Vehicle,39.0,Fog
EVT_137_04752,SGR_ZONE_137,2024-02-25,2,Winter,1,0,Undetected,Drone (Suspicious),,Cloudy
EVT_137_04753,SGR_ZONE_137,2024-02-25,2,Winter,23,1,Alert Triggered,Foot Patrol,37.0,Cloudy
EVT_137_04754,SGR_ZONE_137,2024-02-25,2,Winter,2,1,Retreated,Vehicle,43.0,Clear
EVT_137_04755,SGR_ZONE_137,2024-04-25,4,Spring,4,0,Undetected,Unknown,,Fog
EVT_137_04756,SGR_ZONE_137,2024-04-25,4,Spring,1,1,Neutralized,Vehicle,50.0,Cloudy
EVT_137_04757,SGR_ZONE_137,2024-05-25,5,Spring,22,1,Retreated,Foot Patrol,59.0,Clear
EVT_137_04758,SGR_ZONE_137,2024-05-25,5,Spring,4,1,Retreated,Foot Patrol,51.0,Snow
EVT_137_04759,SGR_ZONE_137,2024-05-25,5,Spring,3,1,Neutralized,Foot Patrol,15.0,Clear
EVT_137_04760,SGR_ZONE_137,2024-07-24,7,Monsoon,22,1,Retreated,Foot Patrol,24.0,Cloudy
EVT_137_04761,SGR_ZONE_137,2024-07-24,7,Monsoon,1,1,Retreated,Foot Patrol,55.0,Snow
EVT_138_04762,SGR_ZONE_138,2023-01-01,1,Winter,22,1,Neutralized,Foot Patrol,7.0,Clear
EVT_138_04763,SGR_ZONE_138,2023-01-31,1,Winter,2,1,Retreated,Vehicle,55.0,Clear
EVT_138_04764,SGR_ZONE_138,2023-04-01,4,Spring,23,1,Retreated,Foot Patrol,13.0,Clear
EVT_138_04765,SGR_ZONE_138,2023-04-01,4,Spring,0,0,Undetected,Unknown,,Clear
EVT_138_04766,SGR_ZONE_138,2023-04-01,4,Spring,0,0,Undetected,Foot Patrol,,Cloudy
EVT_138_04767,SGR_ZONE_138,2023-04-01,4,Spring,2,1,Alert Triggered,Unknown,20.0,Fog
EVT_138_04768,SGR_ZONE_138,2023-05-31,5,Spring,2,1,Alert Triggered,Foot Patrol,59.0,Clear
EVT_138_04769,SGR_ZONE_138,2023-05-31,5,Spring,3,0,Undetected,Unknown,,Clear
EVT_138_04770,SGR_ZONE_138,2023-05-31,5,Spring,23,1,Neutralized,Foot Patrol,54.0,Cloudy
EVT_138_04771,SGR_ZONE_138,2023-06-30,6,Monsoon,23,1,Neutralized,Unknown,10.0,Clear
EVT_138_04772,SGR_ZONE_138,2023-06-30,6,Monsoon,23,1,Retreated,Foot Patrol,50.0,Fog
EVT_138_04773,SGR_ZONE_138,2023-07-30,7,Monsoon,0,1,Alert Triggered,Foot Patrol,28.0,Cloudy
EVT_138_04774,SGR_ZONE_138,2023-07-30,7,Monsoon,22,0,Undetected,Vehicle,,Clear
EVT_138_04775,SGR_ZONE_138,2023-08-29,8,Monsoon,23,0,Undetected,Vehicle,,Cloudy
EVT_138_04776,SGR_ZONE_138,2023-08-29,8,Monsoon,22,1,Retreated,Unknown,15.0,Snow
EVT_138_04777,SGR_ZONE_138,2023-08-29,8,Monsoon,0,1,Alert Triggered,Vehicle,26.0,Cloudy
EVT_138_04778,SGR_ZONE_138,2023-09-28,9,Autumn,0,0,Undetected,Drone (Suspicious),,Clear
EVT_138_04779,SGR_ZONE_138,2023-09-28,9,Autumn,1,0,Undetected,Foot Patrol,,Cloudy
EVT_138_04780,SGR_ZONE_138,2023-12-27,12,Winter,3,1,Neutralized,Foot Patrol,24.0,Fog
EVT_138_04781,SGR_ZONE_138,2023-12-27,12,Winter,0,1,Alert Triggered,Foot Patrol,32.0,Cloudy
EVT_138_04782,SGR_ZONE_138,2023-12-27,12,Winter,0,1,Neutralized,Vehicle,5.0,Fog
EVT_138_04783,SGR_ZONE_138,2023-12-27,12,Winter,2,1,Neutralized,Foot Patrol,59.0,Snow
EVT_138_04784,SGR_ZONE_138,2024-01-26,1,Winter,22,1,Retreated,Foot Patrol,56.0,Clear
EVT_138_04785,SGR_ZONE_138,2024-01-26,1,Winter,1,1,Alert Triggered,Foot Patrol,18.0,Cloudy
EVT_138_04786,SGR_ZONE_138,2024-03-26,3,Spring,2,1,Alert Triggered,Foot Patrol,9.0,Cloudy
EVT_138_04787,SGR_ZONE_138,2024-03-26,3,Spring,1,1,Retreated,Vehicle,57.0,Clear
EVT_138_04788,SGR_ZONE_138,2024-03-26,3,Spring,3,0,Undetected,Vehicle,,Cloudy
EVT_138_04789,SGR_ZONE_138,2024-03-26,3,Spring,2,1,Retreated,Drone (Suspicious),8.0,Cloudy
EVT_138_04790,SGR_ZONE_138,2024-04-25,4,Spring,1,1,Retreated,Vehicle,31.0,Cloudy
EVT_138_04791,SGR_ZONE_138,2024-04-25,4,Spring,23,1,Alert Triggered,Foot Patrol,57.0,Cloudy
EVT_138_04792,SGR_ZONE_138,2024-04-25,4,Spring,22,1,Retreated,Foot Patrol,5.0,Cloudy
EVT_138_04793,SGR_ZONE_138,2024-04-25,4,Spring,3,0,Undetected,Drone (Suspicious),,Cloudy
EVT_138_04794,SGR_ZONE_138,2024-05-25,5,Spring,1,0,Undetected,Drone (Suspicious),,Cloudy
EVT_138_04795,SGR_ZONE_138,2024-05-25,5,Spring,22,1,Retreated,Unknown,53.0,Fog
EVT_138_04796,SGR_ZONE_138,2024-05-25,5,Spring,1,1,Retreated,Foot Patrol,49.0,Fog
EVT_138_04797,SGR_ZONE_138,2024-05-25,5,Spring,1,1,Retreated,Foot Patrol,54.0,Clear
EVT_138_04798,SGR_ZONE_138,2024-10-22,10,Autumn,23,0,Undetected,Foot Patrol,,Clear
EVT_138_04799,SGR_ZONE_138,2024-10-22,10,Autumn,1,1,Retreated,Foot Patrol,25.0,Clear
EVT_138_04800,SGR_ZONE_138,2024-10-22,10,Autumn,3,1,Retreated,Foot Patrol,39.0,Snow
EVT_138_04801,SGR_ZONE_138,2024-11-21,11,Autumn,23,1,Retreated,Foot Patrol,8.0,Clear
EVT_138_04802,SGR_ZONE_138,2024-11-21,11,Autumn,22,1,Retreated,Foot Patrol,42.0,Clear
EVT_139_04803,SGR_ZONE_139,2023-01-31,1,Winter,1,0,Undetected,Unknown,,Cloudy
EVT_139_04804,SGR_ZONE_139,2023-01-31,1,Winter,0,0,Undetected,Foot Patrol,,Cloudy
EVT_139_04805,SGR_ZONE_139,2023-01-31,1,Winter,22,1,Retreated,Unknown,42.0,Fog
EVT_139_04806,SGR_ZONE_139,2023-01-31,1,Winter,1,1,Neutralized,Unknown,43.0,Cloudy
EVT_139_04807,SGR_ZONE_139,2023-05-01,5,Spring,22,1,Alert Triggered,Foot Patrol,38.0,Fog
EVT_139_04808,SGR_ZONE_139,2023-05-01,5,Spring,0,0,Undetected,Unknown,,Cloudy
EVT_139_04809,SGR_ZONE_139,2023-05-01,5,Spring,4,0,Undetected,Unknown,,Clear
EVT_139_04810,SGR_ZONE_139,2023-05-01,5,Spring,0,0,Undetected,Vehicle,,Fog
EVT_139_04811,SGR_ZONE_139,2023-05-01,5,Spring,0,1,Retreated,Foot Patrol,56.0,Cloudy
EVT_139_04812,SGR_ZONE_139,2023-07-30,7,Monsoon,2,1,Neutralized,Foot Patrol,19.0,Cloudy
EVT_139_04813,SGR_ZONE_139,2023-07-30,7,Monsoon,0,1,Alert Triggered,Unknown,29.0,Cloudy
EVT_139_04814,SGR_ZONE_139,2023-08-29,8,Monsoon,0,1,Retreated,Foot Patrol,44.0,Clear
EVT_139_04815,SGR_ZONE_139,2023-08-29,8,Monsoon,23,1,Neutralized,Vehicle,21.0,Clear
EVT_139_04816,SGR_ZONE_139,2023-08-29,8,Monsoon,23,1,Retreated,Vehicle,34.0,Clear
EVT_139_04817,SGR_ZONE_139,2023-09-28,9,Autumn,0,1,Retreated,Unknown,10.0,Clear
EVT_139_04818,SGR_ZONE_139,2023-09-28,9,Autumn,23,0,Undetected,Foot Patrol,,Fog
EVT_139_04819,SGR_ZONE_139,2023-09-28,9,Autumn,3,1,Retreated,Unknown,7.0,Fog
EVT_139_04820,SGR_ZONE_139,2023-09-28,9,Autumn,1,1,Neutralized,Unknown,31.0,Clear
EVT_139_04821,SGR_ZONE_139,2023-10-28,10,Autumn,3,1,Retreated,Vehicle,41.0,Fog
EVT_139_04822,SGR_ZONE_139,2023-10-28,10,Autumn,22,1,Retreated,Unknown,58.0,Clear
EVT_139_04823,SGR_ZONE_139,2023-10-28,10,Autumn,1,0,Undetected,Unknown,,Clear
EVT_139_04824,SGR_ZONE_139,2024-02-25,2,Winter,0,1,Retreated,Foot Patrol,44.0,Snow
EVT_139_04825,SGR_ZONE_139,2024-02-25,2,Winter,1,0,Undetected,Unknown,,Cloudy
EVT_139_04826,SGR_ZONE_139,2024-02-25,2,Winter,4,1,Retreated,Foot Patrol,11.0,Fog
EVT_139_04827,SGR_ZONE_139,2024-02-25,2,Winter,22,1,Neutralized,Vehicle,42.0,Cloudy
EVT_139_04828,SGR_ZONE_139,2024-03-26,3,Spring,0,1,Neutralized,Foot Patrol,56.0,Clear
EVT_139_04829,SGR_ZONE_139,2024-03-26,3,Spring,0,1,Alert Triggered,Drone (Suspicious),5.0,Clear
EVT_139_04830,SGR_ZONE_139,2024-04-25,4,Spring,22,1,Retreated,Vehicle,52.0,Fog
EVT_139_04831,SGR_ZONE_139,2024-04-25,4,Spring,0,1,Retreated,Foot Patrol,58.0,Cloudy
EVT_139_04832,SGR_ZONE_139,2024-04-25,4,Spring,23,1,Neutralized,Foot Patrol,22.0,Clear
EVT_139_04833,SGR_ZONE_139,2024-04-25,4,Spring,4,1,Neutralized,Foot Patrol,8.0,Snow
EVT_139_04834,SGR_ZONE_139,2024-09-22,9,Autumn,2,1,Retreated,Foot Patrol,5.0,Snow
EVT_139_04835,SGR_ZONE_139,2024-09-22,9,Autumn,0,1,Neutralized,Drone (Suspicious),54.0,Cloudy
EVT_139_04836,SGR_ZONE_139,2024-09-22,9,Autumn,1,1,Retreated,Foot Patrol,34.0,Cloudy
EVT_139_04837,SGR_ZONE_139,2024-09-22,9,Autumn,22,1,Neutralized,Foot Patrol,58.0,Fog
EVT_139_04838,SGR_ZONE_139,2024-09-22,9,Autumn,0,1,Retreated,Foot Patrol,10.0,Fog
EVT_139_04839,SGR_ZONE_139,2024-10-22,10,Autumn,0,1,Retreated,Foot Patrol,51.0,Clear
EVT_139_04840,SGR_ZONE_139,2024-10-22,10,Autumn,1,1,Alert Triggered,Unknown,40.0,Fog
EVT_140_04841,SGR_ZONE_140,2023-01-01,1,Winter,1,1,Neutralized,Vehicle,29.0,Snow
EVT_140_04842,SGR_ZONE_140,2023-01-01,1,Winter,0,1,Alert Triggered,Vehicle,55.0,Clear
EVT_140_04843,SGR_ZONE_140,2023-01-31,1,Winter,22,1,Retreated,Foot Patrol,46.0,Snow
EVT_140_04844,SGR_ZONE_140,2023-03-02,3,Spring,1,1,Retreated,Vehicle,23.0,Clear
EVT_140_04845,SGR_ZONE_140,2023-03-02,3,Spring,23,0,Undetected,Foot Patrol,,Clear
EVT_140_04846,SGR_ZONE_140,2023-03-02,3,Spring,23,0,Undetected,Drone (Suspicious),,Clear
EVT_140_04847,SGR_ZONE_140,2023-04-01,4,Spring,2,0,Undetected,Foot Patrol,,Clear
EVT_140_04848,SGR_ZONE_140,2023-04-01,4,Spring,3,0,Undetected,Unknown,,Clear
EVT_140_04849,SGR_ZONE_140,2023-04-01,4,Spring,3,1,Alert Triggered,Foot Patrol,58.0,Clear
EVT_140_04850,SGR_ZONE_140,2023-04-01,4,Spring,0,0,Undetected,Foot Patrol,,Fog
EVT_140_04851,SGR_ZONE_140,2023-05-01,5,Spring,2,1,Neutralized,Drone (Suspicious),18.0,Cloudy
EVT_140_04852,SGR_ZONE_140,2023-05-01,5,Spring,23,1,Alert Triggered,Foot Patrol,22.0,Clear
EVT_140_04853,SGR_ZONE_140,2023-05-01,5,Spring,0,1,Alert Triggered,Unknown,9.0,Cloudy
EVT_140_04854,SGR_ZONE_140,2023-05-01,5,Spring,23,1,Neutralized,Vehicle,51.0,Cloudy
EVT_140_04855,SGR_ZONE_140,2023-05-01,5,Spring,23,1,Retreated,Vehicle,48.0,Clear
EVT_140_04856,SGR_ZONE_140,2023-05-01,5,Spring,1,1,Neutralized,Vehicle,11.0,Cloudy
EVT_140_04857,SGR_ZONE_140,2023-05-01,5,Spring,1,1,Retreated,Foot Patrol,49.0,Clear
EVT_140_04858,SGR_ZONE_140,2023-05-31,5,Spring,1,1,Retreated,Unknown,51.0,Fog
EVT_140_04859,SGR_ZONE_140,2023-05-31,5,Spring,23,0,Undetected,Vehicle,,Cloudy
EVT_140_04860,SGR_ZONE_140,2023-05-31,5,Spring,22,0,Undetected,Foot Patrol,,Cloudy
EVT_140_04861,SGR_ZONE_140,2023-05-31,5,Spring,0,1,Retreated,Foot Patrol,5.0,Clear
EVT_140_04862,SGR_ZONE_140,2023-05-31,5,Spring,22,1,Neutralized,Foot Patrol,31.0,Clear
EVT_140_04863,SGR_ZONE_140,2023-09-28,9,Autumn,23,0,Undetected,Vehicle,,Cloudy
EVT_140_04864,SGR_ZONE_140,2023-10-28,10,Autumn,4,1,Neutralized,Foot Patrol,27.0,Cloudy
EVT_140_04865,SGR_ZONE_140,2023-10-28,10,Autumn,0,1,Retreated,Foot Patrol,54.0,Cloudy
EVT_140_04866,SGR_ZONE_140,2023-12-27,12,Winter,0,0,Undetected,Vehicle,,Snow
EVT_140_04867,SGR_ZONE_140,2024-01-26,1,Winter,0,1,Retreated,Foot Patrol,10.0,Cloudy
EVT_140_04868,SGR_ZONE_140,2024-01-26,1,Winter,2,1,Retreated,Foot Patrol,42.0,Clear
EVT_140_04869,SGR_ZONE_140,2024-01-26,1,Winter,3,1,Neutralized,Foot Patrol,30.0,Clear
EVT_140_04870,SGR_ZONE_140,2024-01-26,1,Winter,23,1,Retreated,Unknown,55.0,Clear
EVT_140_04871,SGR_ZONE_140,2024-02-25,2,Winter,0,0,Undetected,Vehicle,,Clear
EVT_140_04872,SGR_ZONE_140,2024-02-25,2,Winter,0,1,Neutralized,Foot Patrol,20.0,Cloudy
EVT_140_04873,SGR_ZONE_140,2024-04-25,4,Spring,2,1,Retreated,Unknown,32.0,Fog
EVT_140_04874,SGR_ZONE_140,2024-04-25,4,Spring,23,0,Undetected,Drone (Suspicious),,Clear
EVT_140_04875,SGR_ZONE_140,2024-05-25,5,Spring,0,0,Undetected,Foot Patrol,,Fog
EVT_140_04876,SGR_ZONE_140,2024-05-25,5,Spring,22,0,Undetected,Foot Patrol,,Snow
EVT_140_04877,SGR_ZONE_140,2024-05-25,5,Spring,23,0,Undetected,Vehicle,,Cloudy
EVT_140_04878,SGR_ZONE_140,2024-05-25,5,Spring,0,1,Neutralized,Foot Patrol,21.0,Clear
EVT_140_04879,SGR_ZONE_140,2024-08-23,8,Monsoon,23,1,Alert Triggered,Drone (Suspicious),43.0,Cloudy
EVT_140_04880,SGR_ZONE_140,2024-08-23,8,Monsoon,1,1,Retreated,Foot Patrol,38.0,Snow
EVT_140_04881,SGR_ZONE_140,2024-09-22,9,Autumn,23,1,Retreated,Foot Patrol,11.0,Fog
EVT_141_04882,SGR_ZONE_141,2023-01-01,1,Winter,1,1,Neutralized,Drone (Suspicious),53.0,Fog
EVT_141_04883,SGR_ZONE_141,2023-01-31,1,Winter,0,1,Retreated,Vehicle,49.0,Cloudy
EVT_141_04884,SGR_ZONE_141,2023-01-31,1,Winter,22,1,Retreated,Foot Patrol,14.0,Cloudy
EVT_141_04885,SGR_ZONE_141,2023-01-31,1,Winter,22,0,Undetected,Foot Patrol,,Fog
EVT_141_04886,SGR_ZONE_141,2023-01-31,1,Winter,23,0,Undetected,Foot Patrol,,Clear
EVT_141_04887,SGR_ZONE_141,2023-03-02,3,Spring,23,1,Retreated,Unknown,27.0,Fog
EVT_141_04888,SGR_ZONE_141,2023-05-01,5,Spring,0,1,Retreated,Foot Patrol,37.0,Cloudy
EVT_141_04889,SGR_ZONE_141,2023-05-01,5,Spring,23,1,Retreated,Foot Patrol,18.0,Clear
EVT_141_04890,SGR_ZONE_141,2023-05-31,5,Spring,2,1,Alert Triggered,Drone (Suspicious),22.0,Fog
EVT_141_04891,SGR_ZONE_141,2023-06-30,6,Monsoon,2,1,Retreated,Unknown,18.0,Fog
EVT_141_04892,SGR_ZONE_141,2023-06-30,6,Monsoon,2,1,Neutralized,Foot Patrol,9.0,Clear
EVT_141_04893,SGR_ZONE_141,2023-06-30,6,Monsoon,23,1,Retreated,Foot Patrol,57.0,Fog
EVT_141_04894,SGR_ZONE_141,2023-06-30,6,Monsoon,22,1,Retreated,Foot Patrol,59.0,Fog
EVT_141_04895,SGR_ZONE_141,2023-10-28,10,Autumn,22,1,Alert Triggered,Vehicle,14.0,Fog
EVT_141_04896,SGR_ZONE_141,2023-10-28,10,Autumn,0,1,Retreated,Foot Patrol,25.0,Clear
EVT_141_04897,SGR_ZONE_141,2023-10-28,10,Autumn,22,1,Alert Triggered,Foot Patrol,36.0,Clear
EVT_141_04898,SGR_ZONE_141,2023-10-28,10,Autumn,23,1,Retreated,Foot Patrol,13.0,Snow
EVT_141_04899,SGR_ZONE_141,2023-12-27,12,Winter,2,1,Retreated,Foot Patrol,7.0,Fog
EVT_141_04900,SGR_ZONE_141,2024-01-26,1,Winter,23,1,Retreated,Unknown,23.0,Cloudy
EVT_141_04901,SGR_ZONE_141,2024-01-26,1,Winter,23,0,Undetected,Vehicle,,Fog
EVT_141_04902,SGR_ZONE_141,2024-01-26,1,Winter,1,1,Neutralized,Foot Patrol,13.0,Cloudy
EVT_141_04903,SGR_ZONE_141,2024-02-25,2,Winter,22,1,Retreated,Foot Patrol,21.0,Clear
EVT_141_04904,SGR_ZONE_141,2024-02-25,2,Winter,1,1,Neutralized,Unknown,27.0,Snow
EVT_141_04905,SGR_ZONE_141,2024-02-25,2,Winter,1,1,Retreated,Drone (Suspicious),28.0,Clear
EVT_141_04906,SGR_ZONE_141,2024-03-26,3,Spring,1,1,Retreated,Drone (Suspicious),24.0,Fog
EVT_141_04907,SGR_ZONE_141,2024-04-25,4,Spring,23,1,Retreated,Foot Patrol,57.0,Clear
EVT_141_04908,SGR_ZONE_141,2024-04-25,4,Spring,23,1,Retreated,Foot Patrol,22.0,Cloudy
EVT_141_04909,SGR_ZONE_141,2024-05-25,5,Spring,23,1,Retreated,Foot Patrol,7.0,Cloudy
EVT_141_04910,SGR_ZONE_141,2024-05-25,5,Spring,0,1,Retreated,Foot Patrol,42.0,Fog
EVT_141_04911,SGR_ZONE_141,2024-06-24,6,Monsoon,23,1,Retreated,Foot Patrol,33.0,Clear
EVT_141_04912,SGR_ZONE_141,2024-06-24,6,Monsoon,3,0,Undetected,Foot Patrol,,Clear
EVT_141_04913,SGR_ZONE_141,2024-06-24,6,Monsoon,0,0,Undetected,Foot Patrol,,Snow
EVT_141_04914,SGR_ZONE_141,2024-07-24,7,Monsoon,0,0,Undetected,Unknown,,Cloudy
EVT_141_04915,SGR_ZONE_141,2024-07-24,7,Monsoon,23,0,Undetected,Unknown,,Clear
EVT_141_04916,SGR_ZONE_141,2024-07-24,7,Monsoon,2,0,Undetected,Foot Patrol,,Fog
EVT_141_04917,SGR_ZONE_141,2024-07-24,7,Monsoon,22,1,Neutralized,Vehicle,28.0,Cloudy
EVT_141_04918,SGR_ZONE_141,2024-08-23,8,Monsoon,0,1,Retreated,Foot Patrol,8.0,Clear
EVT_141_04919,SGR_ZONE_141,2024-09-22,9,Autumn,22,1,Retreated,Foot Patrol,7.0,Fog
EVT_141_04920,SGR_ZONE_141,2024-09-22,9,Autumn,1,0,Undetected,Unknown,,Fog
EVT_141_04921,SGR_ZONE_141,2024-09-22,9,Autumn,4,1,Retreated,Drone (Suspicious),48.0,Fog
EVT_141_04922,SGR_ZONE_141,2024-09-22,9,Autumn,0,1,Alert Triggered,Foot Patrol,51.0,Fog
EVT_141_04923,SGR_ZONE_141,2024-09-22,9,Autumn,2,1,Retreated,Unknown,31.0,Fog
EVT_141_04924,SGR_ZONE_141,2024-11-21,11,Autumn,22,0,Undetected,Foot Patrol,,Fog
EVT_141_04925,SGR_ZONE_141,2024-11-21,11,Autumn,3,1,Alert Triggered,Drone (Suspicious),44.0,Snow
EVT_142_04926,SGR_ZONE_142,2023-01-01,1,Winter,4,1,Retreated,Foot Patrol,26.0,Snow
EVT_142_04927,SGR_ZONE_142,2023-01-01,1,Winter,1,1,Retreated,Unknown,13.0,Cloudy
EVT_142_04928,SGR_ZONE_142,2023-01-31,1,Winter,2,1,Retreated,Vehicle,24.0,Cloudy
EVT_142_04929,SGR_ZONE_142,2023-01-31,1,Winter,0,1,Alert Triggered,Foot Patrol,21.0,Cloudy
EVT_142_04930,SGR_ZONE_142,2023-01-31,1,Winter,23,1,Neutralized,Vehicle,54.0,Cloudy
EVT_142_04931,SGR_ZONE_142,2023-08-29,8,Monsoon,23,0,Undetected,Foot Patrol,,Clear
EVT_142_04932,SGR_ZONE_142,2023-09-28,9,Autumn,0,1,Neutralized,Foot Patrol,14.0,Clear
EVT_142_04933,SGR_ZONE_142,2024-02-25,2,Winter,1,1,Neutralized,Foot Patrol,51.0,Snow
EVT_142_04934,SGR_ZONE_142,2024-03-26,3,Spring,23,1,Neutralized,Foot Patrol,48.0,Clear
EVT_142_04935,SGR_ZONE_142,2024-03-26,3,Spring,0,0,Undetected,Vehicle,,Snow
EVT_142_04936,SGR_ZONE_142,2024-03-26,3,Spring,0,1,Retreated,Drone (Suspicious),11.0,Snow
EVT_142_04937,SGR_ZONE_142,2024-03-26,3,Spring,0,0,Undetected,Unknown,,Snow
EVT_142_04938,SGR_ZONE_142,2024-05-25,5,Spring,1,1,Retreated,Foot Patrol,31.0,Fog
EVT_142_04939,SGR_ZONE_142,2024-05-25,5,Spring,2,1,Neutralized,Foot Patrol,16.0,Cloudy
EVT_142_04940,SGR_ZONE_142,2024-07-24,7,Monsoon,4,1,Neutralized,Vehicle,17.0,Fog
EVT_142_04941,SGR_ZONE_142,2024-07-24,7,Monsoon,0,1,Neutralized,Vehicle,44.0,Cloudy
EVT_142_04942,SGR_ZONE_142,2024-07-24,7,Monsoon,1,1,Retreated,Unknown,27.0,Cloudy
EVT_142_04943,SGR_ZONE_142,2024-07-24,7,Monsoon,0,1,Retreated,Vehicle,9.0,Clear
EVT_142_04944,SGR_ZONE_142,2024-09-22,9,Autumn,23,1,Neutralized,Vehicle,55.0,Cloudy
EVT_142_04945,SGR_ZONE_142,2024-09-22,9,Autumn,1,1,Retreated,Foot Patrol,22.0,Cloudy
EVT_143_04946,SGR_ZONE_143,2023-01-01,1,Winter,1,1,Neutralized,Foot Patrol,42.0,Clear
EVT_143_04947,SGR_ZONE_143,2023-01-01,1,Winter,0,1,Neutralized,Vehicle,44.0,Cloudy
EVT_143_04948,SGR_ZONE_143,2023-01-01,1,Winter,3,1,Alert Triggered,Foot Patrol,30.0,Cloudy
EVT_143_04949,SGR_ZONE_143,2023-07-30,7,Monsoon,1,1,Neutralized,Vehicle,38.0,Clear
EVT_143_04950,SGR_ZONE_143,2023-07-30,7,Monsoon,23,1,Neutralized,Vehicle,10.0,Cloudy
EVT_143_04951,SGR_ZONE_143,2023-09-28,9,Autumn,2,1,Retreated,Vehicle,49.0,Clear
EVT_143_04952,SGR_ZONE_143,2023-09-28,9,Autumn,1,0,Undetected,Foot Patrol,,Cloudy
EVT_143_04953,SGR_ZONE_143,2024-02-25,2,Winter,4,0,Undetected,Unknown,,Clear
EVT_143_04954,SGR_ZONE_143,2024-02-25,2,Winter,2,1,Neutralized,Drone (Suspicious),53.0,Clear
EVT_143_04955,SGR_ZONE_143,2024-03-26,3,Spring,1,1,Retreated,Foot Patrol,23.0,Clear
EVT_143_04956,SGR_ZONE_143,2024-05-25,5,Spring,1,0,Undetected,Drone (Suspicious),,Cloudy
EVT_143_04957,SGR_ZONE_143,2024-05-25,5,Spring,1,1,Neutralized,Foot Patrol,8.0,Snow
EVT_143_04958,SGR_ZONE_143,2024-05-25,5,Spring,2,0,Undetected,Foot Patrol,,Fog
EVT_143_04959,SGR_ZONE_143,2024-11-21,11,Autumn,23,1,Retreated,Foot Patrol,39.0,Clear
EVT_144_04960,SGR_ZONE_144,2023-01-01,1,Winter,4,1,Alert Triggered,Foot Patrol,25.0,Clear
EVT_144_04961,SGR_ZONE_144,2023-01-01,1,Winter,1,1,Retreated,Foot Patrol,12.0,Fog
EVT_144_04962,SGR_ZONE_144,2023-01-01,1,Winter,22,1,Neutralized,Vehicle,5.0,Cloudy
EVT_144_04963,SGR_ZONE_144,2023-01-01,1,Winter,3,0,Undetected,Vehicle,,Clear
EVT_144_04964,SGR_ZONE_144,2023-01-01,1,Winter,0,1,Neutralized,Foot Patrol,12.0,Clear
EVT_144_04965,SGR_ZONE_144,2023-01-31,1,Winter,23,0,Undetected,Foot Patrol,,Clear
EVT_144_04966,SGR_ZONE_144,2023-01-31,1,Winter,23,0,Undetected,Foot Patrol,,Clear
EVT_144_04967,SGR_ZONE_144,2023-01-31,1,Winter,22,1,Retreated,Vehicle,26.0,Cloudy
EVT_144_04968,SGR_ZONE_144,2023-03-02,3,Spring,23,1,Retreated,Foot Patrol,5.0,Clear
EVT_144_04969,SGR_ZONE_144,2023-03-02,3,Spring,2,0,Undetected,Foot Patrol,,Clear
EVT_144_04970,SGR_ZONE_144,2023-05-01,5,Spring,23,1,Alert Triggered,Foot Patrol,19.0,Cloudy
EVT_144_04971,SGR_ZONE_144,2023-05-01,5,Spring,2,1,Neutralized,Foot Patrol,39.0,Fog
EVT_144_04972,SGR_ZONE_144,2023-05-01,5,Spring,0,1,Neutralized,Foot Patrol,58.0,Fog
EVT_144_04973,SGR_ZONE_144,2023-06-30,6,Monsoon,1,0,Undetected,Unknown,,Clear
EVT_144_04974,SGR_ZONE_144,2023-07-30,7,Monsoon,22,1,Retreated,Foot Patrol,24.0,Fog
EVT_144_04975,SGR_ZONE_144,2023-07-30,7,Monsoon,23,0,Undetected,Foot Patrol,,Clear
EVT_144_04976,SGR_ZONE_144,2023-07-30,7,Monsoon,2,1,Alert Triggered,Foot Patrol,22.0,Fog
EVT_144_04977,SGR_ZONE_144,2023-07-30,7,Monsoon,0,0,Undetected,Unknown,,Clear
EVT_144_04978,SGR_ZONE_144,2023-09-28,9,Autumn,22,1,Neutralized,Foot Patrol,16.0,Clear
EVT_144_04979,SGR_ZONE_144,2023-09-28,9,Autumn,0,1,Retreated,Unknown,31.0,Cloudy
EVT_144_04980,SGR_ZONE_144,2023-12-27,12,Winter,3,0,Undetected,Unknown,,Cloudy
EVT_144_04981,SGR_ZONE_144,2024-02-25,2,Winter,1,1,Alert Triggered,Foot Patrol,59.0,Clear
EVT_144_04982,SGR_ZONE_144,2024-02-25,2,Winter,22,1,Neutralized,Foot Patrol,8.0,Cloudy
EVT_144_04983,SGR_ZONE_144,2024-02-25,2,Winter,2,1,Neutralized,Unknown,14.0,Cloudy
EVT_144_04984,SGR_ZONE_144,2024-02-25,2,Winter,1,0,Undetected,Drone (Suspicious),,Clear
EVT_144_04985,SGR_ZONE_144,2024-02-25,2,Winter,1,0,Undetected,Unknown,,Clear
EVT_144_04986,SGR_ZONE_144,2024-04-25,4,Spring,23,0,Undetected,Foot Patrol,,Clear
EVT_144_04987,SGR_ZONE_144,2024-08-23,8,Monsoon,4,1,Alert Triggered,Unknown,22.0,Clear
EVT_144_04988,SGR_ZONE_144,2024-08-23,8,Monsoon,2,0,Undetected,Drone (Suspicious),,Clear
EVT_144_04989,SGR_ZONE_144,2024-08-23,8,Monsoon,22,1,Retreated,Foot Patrol,47.0,Clear
EVT_144_04990,SGR_ZONE_144,2024-09-22,9,Autumn,3,1,Alert Triggered,Foot Patrol,28.0,Clear
EVT_144_04991,SGR_ZONE_144,2024-09-22,9,Autumn,1,1,Neutralized,Foot Patrol,8.0,Cloudy
EVT_144_04992,SGR_ZONE_144,2024-11-21,11,Autumn,1,0,Undetected,Foot Patrol,,Clear
EVT_144_04993,SGR_ZONE_144,2024-11-21,11,Autumn,0,1,Retreated,Vehicle,44.0,Cloudy
EVT_144_04994,SGR_ZONE_144,2024-11-21,11,Autumn,1,1,Retreated,Vehicle,20.0,Clear
EVT_144_04995,SGR_ZONE_144,2024-11-21,11,Autumn,23,1,Neutralized,Unknown,54.0,Cloudy
EVT_145_04996,SGR_ZONE_145,2023-01-01,1,Winter,22,1,Retreated,Foot Patrol,9.0,Clear
EVT_145_04997,SGR_ZONE_145,2023-01-01,1,Winter,22,0,Undetected,Vehicle,,Snow
EVT_145_04998,SGR_ZONE_145,2023-01-31,1,Winter,0,1,Retreated,Drone (Suspicious),16.0,Cloudy
EVT_145_04999,SGR_ZONE_145,2023-01-31,1,Winter,3,1,Neutralized,Unknown,41.0,Cloudy
EVT_145_05000,SGR_ZONE_145,2023-05-01,5,Spring,1,0,Undetected,Drone (Suspicious),,Clear
EVT_145_05001,SGR_ZONE_145,2023-05-01,5,Spring,1,1,Retreated,Vehicle,5.0,Snow
EVT_145_05002,SGR_ZONE_145,2023-05-31,5,Spring,0,0,Undetected,Drone (Suspicious),,Snow
EVT_145_05003,SGR_ZONE_145,2023-05-31,5,Spring,0,0,Undetected,Foot Patrol,,Clear
EVT_145_05004,SGR_ZONE_145,2023-09-28,9,Autumn,2,1,Alert Triggered,Foot Patrol,45.0,Clear
EVT_145_05005,SGR_ZONE_145,2023-09-28,9,Autumn,23,1,Neutralized,Vehicle,18.0,Cloudy
EVT_145_05006,SGR_ZONE_145,2023-09-28,9,Autumn,3,1,Retreated,Vehicle,56.0,Fog
EVT_145_05007,SGR_ZONE_145,2023-11-27,11,Autumn,2,1,Neutralized,Foot Patrol,49.0,Cloudy
EVT_145_05008,SGR_ZONE_145,2023-11-27,11,Autumn,23,1,Retreated,Unknown,52.0,Cloudy
EVT_145_05009,SGR_ZONE_145,2023-11-27,11,Autumn,23,1,Retreated,Foot Patrol,7.0,Cloudy
EVT_145_05010,SGR_ZONE_145,2024-01-26,1,Winter,4,1,Retreated,Foot Patrol,18.0,Cloudy
EVT_145_05011,SGR_ZONE_145,2024-01-26,1,Winter,1,1,Retreated,Unknown,5.0,Fog
EVT_145_05012,SGR_ZONE_145,2024-02-25,2,Winter,3,1,Retreated,Foot Patrol,54.0,Fog
EVT_145_05013,SGR_ZONE_145,2024-06-24,6,Monsoon,0,1,Alert Triggered,Foot Patrol,32.0,Cloudy
EVT_145_05014,SGR_ZONE_145,2024-06-24,6,Monsoon,23,1,Alert Triggered,Foot Patrol,26.0,Cloudy
EVT_145_05015,SGR_ZONE_145,2024-06-24,6,Monsoon,22,0,Undetected,Vehicle,,Fog
EVT_145_05016,SGR_ZONE_145,2024-11-21,11,Autumn,3,1,Retreated,Foot Patrol,22.0,Cloudy
EVT_145_05017,SGR_ZONE_145,2024-11-21,11,Autumn,0,0,Undetected,Drone (Suspicious),,Clear
EVT_146_05018,SGR_ZONE_146,2023-01-01,1,Winter,0,1,Retreated,Unknown,18.0,Cloudy
EVT_146_05019,SGR_ZONE_146,2023-01-31,1,Winter,0,0,Undetected,Vehicle,,Fog
EVT_146_05020,SGR_ZONE_146,2023-03-02,3,Spring,2,1,Neutralized,Unknown,7.0,Clear
EVT_146_05021,SGR_ZONE_146,2023-03-02,3,Spring,1,1,Neutralized,Foot Patrol,27.0,Cloudy
EVT_146_05022,SGR_ZONE_146,2023-03-02,3,Spring,0,1,Retreated,Foot Patrol,11.0,Clear
EVT_146_05023,SGR_ZONE_146,2023-03-02,3,Spring,0,1,Retreated,Vehicle,30.0,Clear
EVT_146_05024,SGR_ZONE_146,2023-03-02,3,Spring,0,1,Neutralized,Vehicle,25.0,Fog
EVT_146_05025,SGR_ZONE_146,2023-04-01,4,Spring,23,1,Retreated,Foot Patrol,35.0,Clear
EVT_146_05026,SGR_ZONE_146,2023-04-01,4,Spring,22,1,Retreated,Foot Patrol,36.0,Fog
EVT_146_05027,SGR_ZONE_146,2023-04-01,4,Spring,2,1,Neutralized,Unknown,17.0,Cloudy
EVT_146_05028,SGR_ZONE_146,2023-05-01,5,Spring,22,0,Undetected,Foot Patrol,,Clear
EVT_146_05029,SGR_ZONE_146,2023-05-01,5,Spring,1,0,Undetected,Vehicle,,Clear
EVT_146_05030,SGR_ZONE_146,2023-06-30,6,Monsoon,0,1,Neutralized,Vehicle,46.0,Fog
EVT_146_05031,SGR_ZONE_146,2023-06-30,6,Monsoon,23,1,Retreated,Foot Patrol,28.0,Clear
EVT_146_05032,SGR_ZONE_146,2023-07-30,7,Monsoon,0,0,Undetected,Vehicle,,Clear
EVT_146_05033,SGR_ZONE_146,2023-08-29,8,Monsoon,4,1,Retreated,Foot Patrol,43.0,Fog
EVT_146_05034,SGR_ZONE_146,2023-08-29,8,Monsoon,1,0,Undetected,Unknown,,Cloudy
EVT_146_05035,SGR_ZONE_146,2023-08-29,8,Monsoon,23,1,Alert Triggered,Unknown,48.0,Snow
EVT_146_05036,SGR_ZONE_146,2023-08-29,8,Monsoon,22,1,Neutralized,Vehicle,23.0,Clear
EVT_146_05037,SGR_ZONE_146,2023-08-29,8,Monsoon,22,1,Retreated,Drone (Suspicious),10.0,Fog
EVT_146_05038,SGR_ZONE_146,2023-11-27,11,Autumn,23,1,Retreated,Foot Patrol,42.0,Snow
EVT_146_05039,SGR_ZONE_146,2023-12-27,12,Winter,3,1,Retreated,Drone (Suspicious),36.0,Clear
EVT_146_05040,SGR_ZONE_146,2023-12-27,12,Winter,22,1,Alert Triggered,Foot Patrol,46.0,Fog
EVT_146_05041,SGR_ZONE_146,2024-01-26,1,Winter,22,1,Neutralized,Drone (Suspicious),37.0,Fog
EVT_146_05042,SGR_ZONE_146,2024-01-26,1,Winter,0,1,Neutralized,Foot Patrol,29.0,Cloudy
EVT_146_05043,SGR_ZONE_146,2024-02-25,2,Winter,22,1,Neutralized,Foot Patrol,59.0,Fog
EVT_146_05044,SGR_ZONE_146,2024-02-25,2,Winter,23,1,Neutralized,Foot Patrol,45.0,Cloudy
EVT_146_05045,SGR_ZONE_146,2024-02-25,2,Winter,1,1,Neutralized,Foot Patrol,21.0,Clear
EVT_146_05046,SGR_ZONE_146,2024-02-25,2,Winter,3,1,Retreated,Drone (Suspicious),46.0,Clear
EVT_146_05047,SGR_ZONE_146,2024-03-26,3,Spring,0,0,Undetected,Vehicle,,Fog
EVT_146_05048,SGR_ZONE_146,2024-05-25,5,Spring,0,0,Undetected,Vehicle,,Clear
EVT_146_05049,SGR_ZONE_146,2024-05-25,5,Spring,22,1,Alert Triggered,Vehicle,55.0,Fog
EVT_146_05050,SGR_ZONE_146,2024-06-24,6,Monsoon,0,1,Alert Triggered,Vehicle,27.0,Fog
EVT_146_05051,SGR_ZONE_146,2024-06-24,6,Monsoon,2,0,Undetected,Drone (Suspicious),,Clear
EVT_146_05052,SGR_ZONE_146,2024-09-22,9,Autumn,2,0,Undetected,Unknown,,Clear
EVT_147_05053,SGR_ZONE_147,2023-01-01,1,Winter,2,1,Retreated,Drone (Suspicious),24.0,Fog
EVT_147_05054,SGR_ZONE_147,2023-01-01,1,Winter,4,0,Undetected,Vehicle,,Clear
EVT_147_05055,SGR_ZONE_147,2023-01-01,1,Winter,0,1,Retreated,Foot Patrol,49.0,Fog
EVT_147_05056,SGR_ZONE_147,2023-01-31,1,Winter,22,1,Retreated,Vehicle,39.0,Cloudy
EVT_147_05057,SGR_ZONE_147,2023-03-02,3,Spring,22,0,Undetected,Vehicle,,Clear
EVT_147_05058,SGR_ZONE_147,2023-03-02,3,Spring,4,0,Undetected,Foot Patrol,,Cloudy
EVT_147_05059,SGR_ZONE_147,2023-04-01,4,Spring,1,1,Alert Triggered,Foot Patrol,45.0,Cloudy
EVT_147_05060,SGR_ZONE_147,2023-04-01,4,Spring,0,1,Retreated,Unknown,37.0,Fog
EVT_147_05061,SGR_ZONE_147,2023-04-01,4,Spring,3,1,Retreated,Drone (Suspicious),39.0,Clear
EVT_147_05062,SGR_ZONE_147,2023-04-01,4,Spring,2,1,Retreated,Drone (Suspicious),9.0,Cloudy
EVT_147_05063,SGR_ZONE_147,2023-05-01,5,Spring,23,1,Neutralized,Foot Patrol,51.0,Cloudy
EVT_147_05064,SGR_ZONE_147,2023-05-01,5,Spring,23,1,Retreated,Foot Patrol,43.0,Fog
EVT_147_05065,SGR_ZONE_147,2023-05-01,5,Spring,1,0,Undetected,Foot Patrol,,Snow
EVT_147_05066,SGR_ZONE_147,2023-05-31,5,Spring,22,1,Retreated,Foot Patrol,17.0,Clear
EVT_147_05067,SGR_ZONE_147,2023-05-31,5,Spring,0,1,Alert Triggered,Foot Patrol,33.0,Cloudy
EVT_147_05068,SGR_ZONE_147,2023-09-28,9,Autumn,22,1,Retreated,Foot Patrol,49.0,Fog
EVT_147_05069,SGR_ZONE_147,2023-09-28,9,Autumn,1,0,Undetected,Vehicle,,Cloudy
EVT_147_05070,SGR_ZONE_147,2023-10-28,10,Autumn,2,1,Neutralized,Vehicle,16.0,Cloudy
EVT_147_05071,SGR_ZONE_147,2023-10-28,10,Autumn,0,0,Undetected,Vehicle,,Cloudy
EVT_147_05072,SGR_ZONE_147,2023-11-27,11,Autumn,2,1,Retreated,Vehicle,42.0,Cloudy
EVT_147_05073,SGR_ZONE_147,2023-12-27,12,Winter,23,1,Retreated,Unknown,54.0,Cloudy
EVT_147_05074,SGR_ZONE_147,2023-12-27,12,Winter,1,0,Undetected,Unknown,,Fog
EVT_147_05075,SGR_ZONE_147,2023-12-27,12,Winter,1,1,Retreated,Foot Patrol,23.0,Snow
EVT_147_05076,SGR_ZONE_147,2023-12-27,12,Winter,22,1,Retreated,Foot Patrol,15.0,Fog
EVT_147_05077,SGR_ZONE_147,2023-12-27,12,Winter,23,1,Neutralized,Foot Patrol,23.0,Cloudy
EVT_147_05078,SGR_ZONE_147,2024-01-26,1,Winter,1,1,Neutralized,Unknown,56.0,Clear
EVT_147_05079,SGR_ZONE_147,2024-01-26,1,Winter,22,1,Alert Triggered,Foot Patrol,44.0,Cloudy
EVT_147_05080,SGR_ZONE_147,2024-02-25,2,Winter,1,1,Alert Triggered,Foot Patrol,16.0,Clear
EVT_147_05081,SGR_ZONE_147,2024-04-25,4,Spring,0,1,Retreated,Vehicle,37.0,Clear
EVT_147_05082,SGR_ZONE_147,2024-04-25,4,Spring,23,1,Neutralized,Foot Patrol,18.0,Fog
EVT_147_05083,SGR_ZONE_147,2024-04-25,4,Spring,0,1,Neutralized,Vehicle,28.0,Fog
EVT_147_05084,SGR_ZONE_147,2024-04-25,4,Spring,2,0,Undetected,Foot Patrol,,Cloudy
EVT_147_05085,SGR_ZONE_147,2024-05-25,5,Spring,22,1,Retreated,Unknown,49.0,Cloudy
EVT_147_05086,SGR_ZONE_147,2024-05-25,5,Spring,2,0,Undetected,Drone (Suspicious),,Clear
EVT_147_05087,SGR_ZONE_147,2024-07-24,7,Monsoon,22,1,Retreated,Foot Patrol,12.0,Cloudy
EVT_147_05088,SGR_ZONE_147,2024-09-22,9,Autumn,0,1,Retreated,Unknown,31.0,Clear
EVT_147_05089,SGR_ZONE_147,2024-10-22,10,Autumn,0,1,Retreated,Vehicle,35.0,Clear
EVT_147_05090,SGR_ZONE_147,2024-10-22,10,Autumn,23,1,Retreated,Vehicle,42.0,Clear
EVT_147_05091,SGR_ZONE_147,2024-11-21,11,Autumn,2,0,Undetected,Foot Patrol,,Snow
EVT_147_05092,SGR_ZONE_147,2024-11-21,11,Autumn,22,1,Retreated,Drone (Suspicious),9.0,Cloudy
EVT_148_05093,SGR_ZONE_148,2023-01-01,1,Winter,0,1,Retreated,Foot Patrol,11.0,Fog
EVT_148_05094,SGR_ZONE_148,2023-01-31,1,Winter,22,1,Neutralized,Drone (Suspicious),8.0,Clear
EVT_148_05095,SGR_ZONE_148,2023-01-31,1,Winter,0,1,Retreated,Unknown,55.0,Clear
EVT_148_05096,SGR_ZONE_148,2023-01-31,1,Winter,23,0,Undetected,Foot Patrol,,Clear
EVT_148_05097,SGR_ZONE_148,2023-03-02,3,Spring,4,1,Alert Triggered,Vehicle,46.0,Fog
EVT_148_05098,SGR_ZONE_148,2023-03-02,3,Spring,0,0,Undetected,Foot Patrol,,Clear
EVT_148_05099,SGR_ZONE_148,2023-04-01,4,Spring,2,1,Retreated,Foot Patrol,6.0,Fog
EVT_148_05100,SGR_ZONE_148,2023-04-01,4,Spring,1,1,Retreated,Vehicle,18.0,Fog
EVT_148_05101,SGR_ZONE_148,2023-05-31,5,Spring,22,0,Undetected,Foot Patrol,,Cloudy
EVT_148_05102,SGR_ZONE_148,2023-06-30,6,Monsoon,0,1,Retreated,Foot Patrol,30.0,Fog
EVT_148_05103,SGR_ZONE_148,2023-06-30,6,Monsoon,1,1,Retreated,Vehicle,59.0,Cloudy
EVT_148_05104,SGR_ZONE_148,2023-07-30,7,Monsoon,3,1,Neutralized,Drone (Suspicious),44.0,Cloudy
EVT_148_05105,SGR_ZONE_148,2023-07-30,7,Monsoon,23,1,Neutralized,Vehicle,34.0,Clear
EVT_148_05106,SGR_ZONE_148,2023-07-30,7,Monsoon,4,1,Alert Triggered,Unknown,16.0,Fog
EVT_148_05107,SGR_ZONE_148,2023-09-28,9,Autumn,23,1,Retreated,Unknown,44.0,Fog
EVT_148_05108,SGR_ZONE_148,2023-09-28,9,Autumn,0,0,Undetected,Unknown,,Snow
EVT_148_05109,SGR_ZONE_148,2023-10-28,10,Autumn,0,0,Undetected,Foot Patrol,,Clear
EVT_148_05110,SGR_ZONE_148,2023-10-28,10,Autumn,1,1,Retreated,Unknown,8.0,Cloudy
EVT_148_05111,SGR_ZONE_148,2023-12-27,12,Winter,23,1,Neutralized,Vehicle,10.0,Fog
EVT_148_05112,SGR_ZONE_148,2023-12-27,12,Winter,1,1,Neutralized,Vehicle,35.0,Snow
EVT_148_05113,SGR_ZONE_148,2024-01-26,1,Winter,23,1,Retreated,Drone (Suspicious),21.0,Cloudy
EVT_148_05114,SGR_ZONE_148,2024-01-26,1,Winter,22,1,Neutralized,Foot Patrol,27.0,Clear
EVT_148_05115,SGR_ZONE_148,2024-02-25,2,Winter,1,0,Undetected,Foot Patrol,,Clear
EVT_148_05116,SGR_ZONE_148,2024-02-25,2,Winter,23,1,Alert Triggered,Foot Patrol,50.0,Clear
EVT_148_05117,SGR_ZONE_148,2024-03-26,3,Spring,0,1,Neutralized,Foot Patrol,57.0,Cloudy
EVT_148_05118,SGR_ZONE_148,2024-03-26,3,Spring,2,1,Retreated,Foot Patrol,24.0,Cloudy
EVT_148_05119,SGR_ZONE_148,2024-04-25,4,Spring,2,1,Neutralized,Foot Patrol,12.0,Fog
EVT_148_05120,SGR_ZONE_148,2024-04-25,4,Spring,0,1,Retreated,Vehicle,22.0,Snow
EVT_148_05121,SGR_ZONE_148,2024-04-25,4,Spring,23,0,Undetected,Foot Patrol,,Snow
EVT_148_05122,SGR_ZONE_148,2024-04-25,4,Spring,1,1,Retreated,Foot Patrol,36.0,Cloudy
EVT_148_05123,SGR_ZONE_148,2024-05-25,5,Spring,0,1,Alert Triggered,Foot Patrol,13.0,Fog
EVT_148_05124,SGR_ZONE_148,2024-05-25,5,Spring,23,0,Undetected,Foot Patrol,,Clear
EVT_148_05125,SGR_ZONE_148,2024-05-25,5,Spring,4,0,Undetected,Foot Patrol,,Fog
EVT_148_05126,SGR_ZONE_148,2024-07-24,7,Monsoon,23,1,Neutralized,Foot Patrol,40.0,Cloudy
EVT_148_05127,SGR_ZONE_148,2024-07-24,7,Monsoon,22,1,Retreated,Foot Patrol,37.0,Cloudy
EVT_148_05128,SGR_ZONE_148,2024-09-22,9,Autumn,2,0,Undetected,Foot Patrol,,Clear
EVT_148_05129,SGR_ZONE_148,2024-09-22,9,Autumn,23,1,Neutralized,Foot Patrol,46.0,Clear
EVT_148_05130,SGR_ZONE_148,2024-10-22,10,Autumn,22,1,Neutralized,Unknown,8.0,Cloudy
EVT_148_05131,SGR_ZONE_148,2024-10-22,10,Autumn,0,1,Neutralized,Foot Patrol,39.0,Clear
EVT_148_05132,SGR_ZONE_148,2024-11-21,11,Autumn,1,0,Undetected,Foot Patrol,,Snow
EVT_148_05133,SGR_ZONE_148,2024-11-21,11,Autumn,1,1,Retreated,Unknown,39.0,Cloudy
EVT_148_05134,SGR_ZONE_148,2024-11-21,11,Autumn,1,1,Retreated,Foot Patrol,54.0,Fog
EVT_148_05135,SGR_ZONE_148,2024-11-21,11,Autumn,2,0,Undetected,Foot Patrol,,Cloudy
EVT_148_05136,SGR_ZONE_148,2024-11-21,11,Autumn,23,0,Undetected,Foot Patrol,,Clear
EVT_149_05137,SGR_ZONE_149,2023-01-01,1,Winter,0,0,Undetected,Vehicle,,Clear
EVT_149_05138,SGR_ZONE_149,2023-01-31,1,Winter,22,0,Undetected,Foot Patrol,,Cloudy
EVT_149_05139,SGR_ZONE_149,2023-01-31,1,Winter,4,1,Alert Triggered,Unknown,8.0,Fog
EVT_149_05140,SGR_ZONE_149,2023-01-31,1,Winter,0,1,Neutralized,Vehicle,52.0,Cloudy
EVT_149_05141,SGR_ZONE_149,2023-01-31,1,Winter,1,1,Retreated,Foot Patrol,37.0,Cloudy
EVT_149_05142,SGR_ZONE_149,2023-01-31,1,Winter,22,1,Alert Triggered,Foot Patrol,10.0,Clear
EVT_149_05143,SGR_ZONE_149,2023-03-02,3,Spring,1,1,Retreated,Foot Patrol,5.0,Fog
EVT_149_05144,SGR_ZONE_149,2023-04-01,4,Spring,1,1,Alert Triggered,Foot Patrol,41.0,Snow
EVT_149_05145,SGR_ZONE_149,2023-04-01,4,Spring,22,1,Alert Triggered,Vehicle,10.0,Cloudy
EVT_149_05146,SGR_ZONE_149,2023-04-01,4,Spring,22,1,Alert Triggered,Drone (Suspicious),27.0,Cloudy
EVT_149_05147,SGR_ZONE_149,2023-05-01,5,Spring,1,1,Retreated,Unknown,36.0,Clear
EVT_149_05148,SGR_ZONE_149,2023-05-01,5,Spring,1,1,Retreated,Foot Patrol,18.0,Cloudy
EVT_149_05149,SGR_ZONE_149,2023-05-31,5,Spring,1,1,Retreated,Foot Patrol,56.0,Cloudy
EVT_149_05150,SGR_ZONE_149,2023-05-31,5,Spring,22,1,Neutralized,Foot Patrol,43.0,Snow
EVT_149_05151,SGR_ZONE_149,2023-09-28,9,Autumn,23,1,Retreated,Drone (Suspicious),20.0,Fog
EVT_149_05152,SGR_ZONE_149,2023-10-28,10,Autumn,22,0,Undetected,Foot Patrol,,Fog
EVT_149_05153,SGR_ZONE_149,2023-10-28,10,Autumn,22,1,Neutralized,Foot Patrol,9.0,Fog
EVT_149_05154,SGR_ZONE_149,2023-10-28,10,Autumn,0,1,Neutralized,Foot Patrol,18.0,Fog
EVT_149_05155,SGR_ZONE_149,2023-12-27,12,Winter,1,1,Neutralized,Foot Patrol,17.0,Cloudy
EVT_149_05156,SGR_ZONE_149,2023-12-27,12,Winter,1,1,Alert Triggered,Unknown,19.0,Snow
EVT_149_05157,SGR_ZONE_149,2024-01-26,1,Winter,1,0,Undetected,Foot Patrol,,Clear
EVT_149_05158,SGR_ZONE_149,2024-01-26,1,Winter,22,1,Alert Triggered,Foot Patrol,31.0,Cloudy
EVT_149_05159,SGR_ZONE_149,2024-01-26,1,Winter,22,1,Retreated,Foot Patrol,27.0,Fog
EVT_149_05160,SGR_ZONE_149,2024-01-26,1,Winter,22,1,Retreated,Foot Patrol,7.0,Clear
EVT_149_05161,SGR_ZONE_149,2024-02-25,2,Winter,0,0,Undetected,Unknown,,Fog
EVT_149_05162,SGR_ZONE_149,2024-03-26,3,Spring,0,1,Neutralized,Drone (Suspicious),33.0,Cloudy
EVT_149_05163,SGR_ZONE_149,2024-03-26,3,Spring,0,1,Retreated,Unknown,20.0,Cloudy
EVT_149_05164,SGR_ZONE_149,2024-04-25,4,Spring,23,1,Retreated,Foot Patrol,24.0,Clear
EVT_149_05165,SGR_ZONE_149,2024-04-25,4,Spring,0,1,Retreated,Foot Patrol,44.0,Cloudy
EVT_149_05166,SGR_ZONE_149,2024-04-25,4,Spring,23,1,Retreated,Foot Patrol,52.0,Clear
EVT_149_05167,SGR_ZONE_149,2024-04-25,4,Spring,1,1,Neutralized,Unknown,10.0,Clear
EVT_149_05168,SGR_ZONE_149,2024-05-25,5,Spring,23,1,Neutralized,Foot Patrol,56.0,Fog
EVT_149_05169,SGR_ZONE_149,2024-05-25,5,Spring,1,1,Retreated,Vehicle,54.0,Clear
EVT_149_05170,SGR_ZONE_149,2024-06-24,6,Monsoon,0,1,Retreated,Foot Patrol,43.0,Cloudy
EVT_149_05171,SGR_ZONE_149,2024-08-23,8,Monsoon,22,1,Retreated,Vehicle,21.0,Fog
EVT_149_05172,SGR_ZONE_149,2024-08-23,8,Monsoon,23,1,Neutralized,Foot Patrol,43.0,Fog
EVT_149_05173,SGR_ZONE_149,2024-08-23,8,Monsoon,22,0,Undetected,Foot Patrol,,Clear
EVT_149_05174,SGR_ZONE_149,2024-10-22,10,Autumn,22,1,Alert Triggered,Foot Patrol,30.0,Cloudy
EVT_149_05175,SGR_ZONE_149,2024-11-21,11,Autumn,4,1,Neutralized,Drone (Suspicious),33.0,Snow
EVT_149_05176,SGR_ZONE_149,2024-11-21,11,Autumn,22,0,Undetected,Foot Patrol,,Cloudy
EVT_149_05177,SGR_ZONE_149,2024-11-21,11,Autumn,0,1,Retreated,Vehicle,37.0,Clear
EVT_150_05178,SGR_ZONE_150,2023-01-01,1,Winter,1,1,Retreated,Unknown,12.0,Cloudy
EVT_150_05179,SGR_ZONE_150,2023-01-01,1,Winter,2,1,Alert Triggered,Foot Patrol,42.0,Cloudy
EVT_150_05180,SGR_ZONE_150,2023-01-01,1,Winter,0,1,Neutralized,Foot Patrol,46.0,Fog
EVT_150_05181,SGR_ZONE_150,2023-01-01,1,Winter,22,1,Alert Triggered,Foot Patrol,34.0,Fog
EVT_150_05182,SGR_ZONE_150,2023-01-31,1,Winter,22,0,Undetected,Foot Patrol,,Fog
EVT_150_05183,SGR_ZONE_150,2023-01-31,1,Winter,0,1,Retreated,Unknown,34.0,Clear
EVT_150_05184,SGR_ZONE_150,2023-03-02,3,Spring,0,0,Undetected,Foot Patrol,,Clear
EVT_150_05185,SGR_ZONE_150,2023-03-02,3,Spring,1,0,Undetected,Foot Patrol,,Cloudy
EVT_150_05186,SGR_ZONE_150,2023-03-02,3,Spring,22,1,Retreated,Unknown,53.0,Clear
EVT_150_05187,SGR_ZONE_150,2023-03-02,3,Spring,23,0,Undetected,Drone (Suspicious),,Cloudy
EVT_150_05188,SGR_ZONE_150,2023-03-02,3,Spring,0,0,Undetected,Unknown,,Clear
EVT_150_05189,SGR_ZONE_150,2023-03-02,3,Spring,1,1,Retreated,Foot Patrol,43.0,Clear
EVT_150_05190,SGR_ZONE_150,2023-04-01,4,Spring,2,1,Neutralized,Foot Patrol,19.0,Clear
EVT_150_05191,SGR_ZONE_150,2023-04-01,4,Spring,22,1,Alert Triggered,Unknown,51.0,Clear
EVT_150_05192,SGR_ZONE_150,2023-04-01,4,Spring,2,1,Retreated,Foot Patrol,15.0,Clear
EVT_150_05193,SGR_ZONE_150,2023-04-01,4,Spring,1,1,Retreated,Foot Patrol,59.0,Cloudy
EVT_150_05194,SGR_ZONE_150,2023-05-01,5,Spring,0,1,Retreated,Unknown,9.0,Clear
EVT_150_05195,SGR_ZONE_150,2023-05-01,5,Spring,0,1,Retreated,Drone (Suspicious),21.0,Snow
EVT_150_05196,SGR_ZONE_150,2023-05-31,5,Spring,23,0,Undetected,Vehicle,,Cloudy
EVT_150_05197,SGR_ZONE_150,2023-05-31,5,Spring,23,0,Undetected,Foot Patrol,,Clear
EVT_150_05198,SGR_ZONE_150,2023-05-31,5,Spring,3,1,Retreated,Vehicle,20.0,Cloudy
EVT_150_05199,SGR_ZONE_150,2023-05-31,5,Spring,1,0,Undetected,Foot Patrol,,Clear
EVT_150_05200,SGR_ZONE_150,2023-07-30,7,Monsoon,1,1,Neutralized,Foot Patrol,36.0,Cloudy
EVT_150_05201,SGR_ZONE_150,2023-07-30,7,Monsoon,23,1,Neutralized,Unknown,5.0,Fog
EVT_150_05202,SGR_ZONE_150,2023-08-29,8,Monsoon,2,0,Undetected,Foot Patrol,,Cloudy
EVT_150_05203,SGR_ZONE_150,2023-08-29,8,Monsoon,23,0,Undetected,Foot Patrol,,Snow
EVT_150_05204,SGR_ZONE_150,2023-10-28,10,Autumn,1,1,Neutralized,Foot Patrol,34.0,Snow
EVT_150_05205,SGR_ZONE_150,2023-11-27,11,Autumn,23,1,Retreated,Foot Patrol,46.0,Snow
EVT_150_05206,SGR_ZONE_150,2023-11-27,11,Autumn,23,1,Alert Triggered,Foot Patrol,51.0,Clear
EVT_150_05207,SGR_ZONE_150,2023-12-27,12,Winter,0,1,Neutralized,Foot Patrol,55.0,Clear
EVT_150_05208,SGR_ZONE_150,2024-01-26,1,Winter,2,1,Retreated,Foot Patrol,52.0,Clear
EVT_150_05209,SGR_ZONE_150,2024-01-26,1,Winter,2,1,Retreated,Unknown,51.0,Cloudy
EVT_150_05210,SGR_ZONE_150,2024-01-26,1,Winter,0,1,Retreated,Vehicle,24.0,Clear
EVT_150_05211,SGR_ZONE_150,2024-02-25,2,Winter,1,0,Undetected,Vehicle,,Cloudy
EVT_150_05212,SGR_ZONE_150,2024-02-25,2,Winter,4,1,Alert Triggered,Foot Patrol,41.0,Cloudy
EVT_150_05213,SGR_ZONE_150,2024-03-26,3,Spring,2,1,Retreated,Unknown,58.0,Clear
EVT_150_05214,SGR_ZONE_150,2024-03-26,3,Spring,23,1,Retreated,Foot Patrol,19.0,Clear
EVT_150_05215,SGR_ZONE_150,2024-04-25,4,Spring,1,0,Undetected,Foot Patrol,,Cloudy
EVT_150_05216,SGR_ZONE_150,2024-04-25,4,Spring,23,1,Retreated,Unknown,5.0,Clear
EVT_150_05217,SGR_ZONE_150,2024-05-25,5,Spring,1,1,Retreated,Unknown,43.0,Clear
EVT_150_05218,SGR_ZONE_150,2024-05-25,5,Spring,1,1,Neutralized,Foot Patrol,32.0,Cloudy
EVT_150_05219,SGR_ZONE_150,2024-05-25,5,Spring,0,1,Neutralized,Foot Patrol,28.0,Clear
EVT_150_05220,SGR_ZONE_150,2024-05-25,5,Spring,23,1,Neutralized,Vehicle,18.0,Clear
EVT_150_05221,SGR_ZONE_150,2024-06-24,6,Monsoon,23,1,Retreated,Unknown,55.0,Snow
EVT_150_05222,SGR_ZONE_150,2024-06-24,6,Monsoon,23,0,Undetected,Foot Patrol,,Fog
EVT_150_05223,SGR_ZONE_150,2024-06-24,6,Monsoon,23,0,Undetected,Foot Patrol,,Snow
EVT_150_05224,SGR_ZONE_150,2024-06-24,6,Monsoon,22,1,Retreated,Foot Patrol,22.0,Cloudy
EVT_150_05225,SGR_ZONE_150,2024-07-24,7,Monsoon,23,1,Neutralized,Foot Patrol,12.0,Clear
EVT_150_05226,SGR_ZONE_150,2024-07-24,7,Monsoon,2,1,Retreated,Foot Patrol,6.0,Cloudy
EVT_150_05227,SGR_ZONE_150,2024-07-24,7,Monsoon,0,1,Neutralized,Vehicle,48.0,Clear
EVT_150_05228,SGR_ZONE_150,2024-10-22,10,Autumn,22,0,Undetected,Drone (Suspicious),,Fog
EVT_150_05229,SGR_ZONE_150,2024-10-22,10,Autumn,0,1,Neutralized,Vehicle,54.0,Cloudy
EVT_150_05230,SGR_ZONE_150,2024-10-22,10,Autumn,2,1,Neutralized,Vehicle,54.0,Cloudy
EVT_150_05231,SGR_ZONE_150,2024-11-21,11,Autumn,2,1,Neutralized,Drone (Suspicious),54.0,Snow
